id,pricelist_id/id,date_start,min_quantity,applied_on,product_tmpl_id/id,base,compute_price,fixed_price,percent_price,price_discount,price_round,price_surcharge,price_min_margin,price_max_margin
product_pricelist_item_id_16327,Jinasena_MasterData_Sales.product_pricelist_jam_general_pricelist,,1.0,1_product,Jinasena_MasterData_Stock.product_template_motor_service,list_price,fixed,5500.0,0.0,0.0,0.0,0.0,0.0,0.0
product_pricelist_item_id_16326,Jinasena_MasterData_Sales.product_pricelist_jam_general_pricelist,2026-06-03 04:30:00,1.0,1_product,Jinasena_MasterData_Stock.product_template_ball_bearing_6202_2rs,list_price,fixed,1200.0,0.0,0.0,0.0,0.0,0.0,0.0
product_pricelist_item_id_16319,Jinasena_MasterData_Sales.product_pricelist_jam_general_pricelist,2022-06-27 18:30:00,1.0,1_product,Jinasena_MasterData_Stock.product_template_open_wooden_trailer_1_5t_mech_br,list_price,fixed,12500.0,0.0,0.0,0.0,0.0,0.0,0.0
product_pricelist_item_id_16318,Jinasena_MasterData_Sales.product_pricelist_jam_general_pricelist,2022-04-30 18:30:00,1.0,1_product,Jinasena_MasterData_Stock.product_template_open_wooden_trailer_1_5t_mech_br,list_price,fixed,94330.0,0.0,0.0,0.0,0.0,0.0,0.0
product_pricelist_item_id_16317,Jinasena_MasterData_Sales.product_pricelist_jam_general_pricelist,2022-04-30 18:30:00,1.0,1_product,Jinasena_MasterData_Stock.product_template_oil_seal_25x45x10,list_price,fixed,210.0,0.0,0.0,0.0,0.0,0.0,0.0
product_pricelist_item_id_16316,Jinasena_MasterData_Sales.product_pricelist_jam_general_pricelist,2022-04-30 18:30:00,1.0,1_product,Jinasena_MasterData_Stock.product_template_oil_seal_35x56x12,list_price,fixed,200.0,0.0,0.0,0.0,0.0,0.0,0.0
product_pricelist_item_id_16315,Jinasena_MasterData_Sales.product_pricelist_jam_general_pricelist,2022-04-30 18:30:00,1.0,1_product,Jinasena_MasterData_Stock.product_template_th7_thresher_with_ey20_engine,list_price,fixed,341770.0,0.0,0.0,0.0,0.0,0.0,0.0
product_pricelist_item_id_16314,Jinasena_MasterData_Sales.product_pricelist_jam_general_pricelist,2022-04-30 18:30:00,1.0,1_product,Jinasena_MasterData_Stock.product_template_thresher_th2_t_couple_to_tractor,list_price,fixed,213180.0,0.0,0.0,0.0,0.0,0.0,0.0
product_pricelist_item_id_16313,Jinasena_MasterData_Sales.product_pricelist_jam_general_pricelist,2022-04-30 18:30:00,1.0,1_product,Jinasena_MasterData_Stock.product_template_thresher_th1_t_couple_to_tractor,list_price,fixed,266640.0,0.0,0.0,0.0,0.0,0.0,0.0
product_pricelist_item_id_16312,Jinasena_MasterData_Sales.product_pricelist_jam_general_pricelist,2022-04-30 18:30:00,1.0,1_product,Jinasena_MasterData_Stock.product_template_th1_thresher_with_ey_20_engine,list_price,fixed,336380.0,0.0,0.0,0.0,0.0,0.0,0.0
product_pricelist_item_id_16311,Jinasena_MasterData_Sales.product_pricelist_jam_general_pricelist,2022-12-13 18:30:00,1.0,1_product,Jinasena_MasterData_Stock.product_template_tea_cutting_machine_5hp_option_2,list_price,fixed,450000.0,0.0,0.0,0.0,0.0,0.0,0.0
product_pricelist_item_id_16310,Jinasena_MasterData_Sales.product_pricelist_jam_general_pricelist,2022-12-13 18:30:00,1.0,1_product,Jinasena_MasterData_Stock.product_template_tea_cutting_machine_5hp,list_price,fixed,450000.0,0.0,0.0,0.0,0.0,0.0,0.0
product_pricelist_item_id_16309,Jinasena_MasterData_Sales.product_pricelist_jam_general_pricelist,2022-12-13 18:30:00,1.0,1_product,Jinasena_MasterData_Stock.product_template_tea_cutting_machine_15hp,list_price,fixed,920000.0,0.0,0.0,0.0,0.0,0.0,0.0
product_pricelist_item_id_16308,Jinasena_MasterData_Sales.product_pricelist_jam_general_pricelist,2024-01-10 18:30:00,1.0,1_product,Jinasena_MasterData_Stock.product_template_driven_pulley_183mm,list_price,fixed,5000.0,0.0,0.0,0.0,0.0,0.0,0.0
product_pricelist_item_id_16307,Jinasena_MasterData_Sales.product_pricelist_jam_general_pricelist,2023-09-25 18:30:00,1.0,1_product,Jinasena_MasterData_Stock.product_template_speed_changing_lever_spring,list_price,fixed,300.0,0.0,0.0,0.0,0.0,0.0,0.0
product_pricelist_item_id_16306,Jinasena_MasterData_Sales.product_pricelist_jam_general_pricelist,2024-01-10 18:30:00,1.0,1_product,Jinasena_MasterData_Stock.product_template_fuse_30a_bs1362_dia_6x25,list_price,fixed,250.0,0.0,0.0,0.0,0.0,0.0,0.0
product_pricelist_item_id_16305,Jinasena_MasterData_Sales.product_pricelist_jam_general_pricelist,2024-01-10 18:30:00,1.0,1_product,Jinasena_MasterData_Stock.product_template_v_belt_a1200li,list_price,fixed,1600.0,0.0,0.0,0.0,0.0,0.0,0.0
product_pricelist_item_id_16304,Jinasena_MasterData_Sales.product_pricelist_jam_general_pricelist,2024-01-10 18:30:00,1.0,1_product,Jinasena_MasterData_Stock.product_template_blade_mounting_bolt,list_price,fixed,297.0,0.0,0.0,0.0,0.0,0.0,0.0
product_pricelist_item_id_16303,Jinasena_MasterData_Sales.product_pricelist_jam_general_pricelist,2024-01-10 18:30:00,1.0,1_product,Jinasena_MasterData_Stock.product_template_bearing_cup,list_price,fixed,1100.0,0.0,0.0,0.0,0.0,0.0,0.0
product_pricelist_item_id_16302,Jinasena_MasterData_Sales.product_pricelist_jam_general_pricelist,2024-01-10 18:30:00,1.0,1_product,Jinasena_MasterData_Stock.product_template_fixed_blade,list_price,fixed,3897.0,0.0,0.0,0.0,0.0,0.0,0.0
product_pricelist_item_id_16301,Jinasena_MasterData_Sales.product_pricelist_jam_general_pricelist,2024-01-10 18:30:00,1.0,1_product,Jinasena_MasterData_Stock.product_template_cutter_blade_333634,list_price,fixed,3118.0,0.0,0.0,0.0,0.0,0.0,0.0
product_pricelist_item_id_16300,Jinasena_MasterData_Sales.product_pricelist_jam_general_pricelist,2023-10-02 18:30:00,1.0,1_product,Jinasena_MasterData_Stock.product_template_tension_spring,list_price,fixed,300.0,0.0,0.0,0.0,0.0,0.0,0.0
product_pricelist_item_id_16299,Jinasena_MasterData_Sales.product_pricelist_jam_general_pricelist,2024-01-10 18:30:00,1.0,1_product,Jinasena_MasterData_Stock.product_template_feeding_roll_arm_set,list_price,fixed,5200.0,0.0,0.0,0.0,0.0,0.0,0.0
product_pricelist_item_id_16298,Jinasena_MasterData_Sales.product_pricelist_jam_general_pricelist,2024-01-10 18:30:00,1.0,1_product,Jinasena_MasterData_Stock.product_template_feeding_roll_gear_wheel_set,list_price,fixed,10146.0,0.0,0.0,0.0,0.0,0.0,0.0
product_pricelist_item_id_16297,Jinasena_MasterData_Sales.product_pricelist_jam_general_pricelist,2024-01-10 18:30:00,1.0,1_product,Jinasena_MasterData_Stock.product_template_motor_pulley,list_price,fixed,3994.0,0.0,0.0,0.0,0.0,0.0,0.0
product_pricelist_item_id_16296,Jinasena_MasterData_Sales.product_pricelist_jam_general_pricelist,2024-01-10 18:30:00,1.0,1_product,Jinasena_MasterData_Stock.product_template_feeding_raller_set,list_price,fixed,16643.0,0.0,0.0,0.0,0.0,0.0,0.0
product_pricelist_item_id_16295,Jinasena_MasterData_Sales.product_pricelist_jam_general_pricelist,2024-01-10 18:30:00,1.0,1_product,Jinasena_MasterData_Stock.product_template_gear_wheel_set,list_price,fixed,7380.0,0.0,0.0,0.0,0.0,0.0,0.0
product_pricelist_item_id_16294,Jinasena_MasterData_Sales.product_pricelist_jam_general_pricelist,2024-01-10 18:30:00,1.0,1_product,Jinasena_MasterData_Stock.product_template_gear_wheel_270_305mm,list_price,fixed,13966.0,0.0,0.0,0.0,0.0,0.0,0.0
product_pricelist_item_id_16293,Jinasena_MasterData_Sales.product_pricelist_jam_general_pricelist,2022-12-13 18:30:00,1.0,1_product,Jinasena_MasterData_Stock.product_template_straw_cutter_with_1_5hp_motor,list_price,fixed,360000.0,0.0,0.0,0.0,0.0,0.0,0.0
product_pricelist_item_id_16292,Jinasena_MasterData_Sales.product_pricelist_jam_general_pricelist,,1.0,1_product,Jinasena_MasterData_Stock.product_template_straw_cutter_with_1_5hp_engine,list_price,fixed,325000.0,0.0,0.0,0.0,0.0,0.0,0.0
product_pricelist_item_id_16291,Jinasena_MasterData_Sales.product_pricelist_jam_general_pricelist,2024-02-26 18:30:00,1.0,1_product,Jinasena_MasterData_Stock.product_template_fd1050e_dieselmini_tiller_with_electric_,list_price,fixed,300000.0,0.0,0.0,0.0,0.0,0.0,0.0
product_pricelist_item_id_16290,Jinasena_MasterData_Sales.product_pricelist_jam_general_pricelist,2024-02-26 18:30:00,1.0,1_product,Jinasena_MasterData_Stock.product_template_agrimec_roto_tiller_mt8_fd1050,list_price,fixed,262000.0,0.0,0.0,0.0,0.0,0.0,0.0
product_pricelist_item_id_16289,Jinasena_MasterData_Sales.product_pricelist_jam_general_pricelist,2022-04-30 18:30:00,1.0,1_product,Jinasena_MasterData_Stock.product_template_gasoline_mini_tiller_fg660,list_price,fixed,104980.0,0.0,0.0,0.0,0.0,0.0,0.0
product_pricelist_item_id_16288,Jinasena_MasterData_Sales.product_pricelist_jam_general_pricelist,2022-04-30 18:30:00,1.0,1_product,Jinasena_MasterData_Stock.product_template_agrimec_roto_tiller_electricale_device_g_333482,list_price,fixed,216820.0,0.0,0.0,0.0,0.0,0.0,0.0
product_pricelist_item_id_16287,Jinasena_MasterData_Sales.product_pricelist_jam_general_pricelist,2022-04-30 18:30:00,1.0,1_product,Jinasena_MasterData_Stock.product_template_agrimec_roto_tiller_gt9_rc_gt9,list_price,fixed,200630.0,0.0,0.0,0.0,0.0,0.0,0.0
product_pricelist_item_id_16286,Jinasena_MasterData_Sales.product_pricelist_jam_general_pricelist,2022-04-30 18:30:00,1.0,1_product,Jinasena_MasterData_Stock.product_template_gt8_cultivator_with_kama_engine,list_price,fixed,178620.0,0.0,0.0,0.0,0.0,0.0,0.0
product_pricelist_item_id_16285,Jinasena_MasterData_Sales.product_pricelist_jam_general_pricelist,2022-04-30 18:30:00,1.0,1_product,Jinasena_MasterData_Stock.product_template_gt8_cultivator_with_hailin_engine,list_price,fixed,176750.0,0.0,0.0,0.0,0.0,0.0,0.0
product_pricelist_item_id_16284,Jinasena_MasterData_Sales.product_pricelist_jam_general_pricelist,2022-04-30 18:30:00,1.0,1_product,Jinasena_MasterData_Stock.product_template_agrimec_roto_tiller_electricale_device_g,list_price,fixed,202160.0,0.0,0.0,0.0,0.0,0.0,0.0
product_pricelist_item_id_16283,Jinasena_MasterData_Sales.product_pricelist_jam_general_pricelist,2022-04-30 18:30:00,1.0,1_product,Jinasena_MasterData_Stock.product_template_agrimec_roto_tiller_gt8_rc_gt8_333476,list_price,fixed,185970.0,0.0,0.0,0.0,0.0,0.0,0.0
product_pricelist_item_id_16282,Jinasena_MasterData_Sales.product_pricelist_jam_general_pricelist,2022-12-13 18:30:00,1.0,1_product,Jinasena_MasterData_Stock.product_template_ss_pepper_thresher_1_5_hp_pt1_2_model,list_price,fixed,273700.0,0.0,0.0,0.0,0.0,0.0,0.0
product_pricelist_item_id_16281,Jinasena_MasterData_Sales.product_pricelist_jam_general_pricelist,2022-12-13 18:30:00,1.0,1_product,Jinasena_MasterData_Stock.product_template_multi_thresher_th1_t,list_price,fixed,420000.0,0.0,0.0,0.0,0.0,0.0,0.0
product_pricelist_item_id_16280,Jinasena_MasterData_Sales.product_pricelist_jam_general_pricelist,2022-04-30 18:30:00,1.0,1_product,Jinasena_MasterData_Stock.product_template_maize_thresher_model_150,list_price,fixed,56430.0,0.0,0.0,0.0,0.0,0.0,0.0
product_pricelist_item_id_16279,Jinasena_MasterData_Sales.product_pricelist_jam_general_pricelist,2022-12-13 18:30:00,1.0,1_product,Jinasena_MasterData_Stock.product_template_mini_multi_chopper_ms_with_1hp_motor,list_price,fixed,200000.0,0.0,0.0,0.0,0.0,0.0,0.0
product_pricelist_item_id_16278,Jinasena_MasterData_Sales.product_pricelist_jam_general_pricelist,2022-12-13 18:30:00,1.0,1_product,Jinasena_MasterData_Stock.product_template_stainless_steel_mini_multi_chopper_with_,list_price,fixed,210000.0,0.0,0.0,0.0,0.0,0.0,0.0
product_pricelist_item_id_16277,Jinasena_MasterData_Sales.product_pricelist_jam_general_pricelist,2022-12-13 18:30:00,1.0,1_product,Jinasena_MasterData_Stock.product_template_s_s_food_multigrinder_1_5hp,list_price,fixed,290000.0,0.0,0.0,0.0,0.0,0.0,0.0
product_pricelist_item_id_16276,Jinasena_MasterData_Sales.product_pricelist_jam_general_pricelist,2022-12-13 18:30:00,1.0,1_product,Jinasena_MasterData_Stock.product_template_agrimec_multi_grinder_ssmg100_1,list_price,fixed,265000.0,0.0,0.0,0.0,0.0,0.0,0.0
product_pricelist_item_id_16275,Jinasena_MasterData_Sales.product_pricelist_jam_general_pricelist,2022-04-30 18:30:00,1.0,1_product,Jinasena_MasterData_Stock.product_template_knapsack_power_weeder_bg_437,list_price,fixed,32450.0,0.0,0.0,0.0,0.0,0.0,0.0
product_pricelist_item_id_16274,Jinasena_MasterData_Sales.product_pricelist_jam_general_pricelist,2022-04-30 18:30:00,1.0,1_product,Jinasena_MasterData_Stock.product_template_knapsack_bush_cutter_bg_437,list_price,fixed,31070.0,0.0,0.0,0.0,0.0,0.0,0.0
product_pricelist_item_id_16273,Jinasena_MasterData_Sales.product_pricelist_jam_general_pricelist,2022-04-30 18:30:00,1.0,1_product,Jinasena_MasterData_Stock.product_template_brush_cutter_bg_328a,list_price,fixed,17410.0,0.0,0.0,0.0,0.0,0.0,0.0
product_pricelist_item_id_16272,Jinasena_MasterData_Sales.product_pricelist_jam_general_pricelist,2022-04-30 18:30:00,1.0,1_product,Jinasena_MasterData_Stock.product_template_element,list_price,fixed,250.0,0.0,0.0,0.0,0.0,0.0,0.0
product_pricelist_item_id_16271,Jinasena_MasterData_Sales.product_pricelist_jam_general_pricelist,2022-04-30 18:30:00,1.0,1_product,Jinasena_MasterData_Stock.product_template_support_weldment_of_element,list_price,fixed,640.0,0.0,0.0,0.0,0.0,0.0,0.0
product_pricelist_item_id_16270,Jinasena_MasterData_Sales.product_pricelist_jam_general_pricelist,2019-01-08 18:30:00,1.0,1_product,Jinasena_MasterData_Stock.product_template_air_filter_element,list_price,fixed,0.0,0.0,0.0,0.0,0.0,0.0,0.0
product_pricelist_item_id_16269,Jinasena_MasterData_Sales.product_pricelist_jam_general_pricelist,2022-04-30 18:30:00,1.0,1_product,Jinasena_MasterData_Stock.product_template_air_filter_case,list_price,fixed,5050.0,0.0,0.0,0.0,0.0,0.0,0.0
product_pricelist_item_id_16268,Jinasena_MasterData_Sales.product_pricelist_jam_general_pricelist,2024-12-22 18:30:00,1.0,1_product,Jinasena_MasterData_Stock.product_template_air_filter_sump,list_price,fixed,0.0,0.0,0.0,0.0,0.0,0.0,0.0
product_pricelist_item_id_16267,Jinasena_MasterData_Sales.product_pricelist_jam_general_pricelist,2024-05-15 18:30:00,1.0,1_product,Jinasena_MasterData_Stock.product_template_fuel_tank_weldment_assem_333403,list_price,fixed,7000.0,0.0,0.0,0.0,0.0,0.0,0.0
product_pricelist_item_id_16266,Jinasena_MasterData_Sales.product_pricelist_jam_general_pricelist,2022-09-13 18:30:00,1.0,1_product,Jinasena_MasterData_Stock.product_template_starting_motor_assem,list_price,fixed,73140.0,0.0,0.0,0.0,0.0,0.0,0.0
product_pricelist_item_id_16265,Jinasena_MasterData_Sales.product_pricelist_jam_general_pricelist,2022-09-13 18:30:00,1.0,1_product,Jinasena_MasterData_Stock.product_template_stater_handle,list_price,fixed,647.0,0.0,0.0,0.0,0.0,0.0,0.0
product_pricelist_item_id_16264,Jinasena_MasterData_Sales.product_pricelist_jam_general_pricelist,2022-09-13 18:30:00,1.0,1_product,Jinasena_MasterData_Stock.product_template_starter_rope,list_price,fixed,741.0,0.0,0.0,0.0,0.0,0.0,0.0
product_pricelist_item_id_16263,Jinasena_MasterData_Sales.product_pricelist_jam_general_pricelist,2022-09-13 18:30:00,1.0,1_product,Jinasena_MasterData_Stock.product_template_recoil_starter_asy_comp_km178f,list_price,fixed,12645.0,0.0,0.0,0.0,0.0,0.0,0.0
product_pricelist_item_id_16262,Jinasena_MasterData_Sales.product_pricelist_jam_general_pricelist,2022-09-13 18:30:00,1.0,1_product,Jinasena_MasterData_Stock.product_template_fuel_injection_pump_assembly,list_price,fixed,22472.0,0.0,0.0,0.0,0.0,0.0,0.0
product_pricelist_item_id_16261,Jinasena_MasterData_Sales.product_pricelist_jam_general_pricelist,2022-09-13 18:30:00,1.0,1_product,Jinasena_MasterData_Stock.product_template_fuel_tank_switch_assem,list_price,fixed,1781.0,0.0,0.0,0.0,0.0,0.0,0.0
product_pricelist_item_id_16260,Jinasena_MasterData_Sales.product_pricelist_jam_general_pricelist,2022-09-13 18:30:00,1.0,1_product,Jinasena_MasterData_Stock.product_template_diesal_fillter,list_price,fixed,2163.0,0.0,0.0,0.0,0.0,0.0,0.0
product_pricelist_item_id_16259,Jinasena_MasterData_Sales.product_pricelist_jam_general_pricelist,2022-09-13 18:30:00,1.0,1_product,Jinasena_MasterData_Stock.product_template_lube_oil_filter_assem,list_price,fixed,601.0,0.0,0.0,0.0,0.0,0.0,0.0
product_pricelist_item_id_16258,Jinasena_MasterData_Sales.product_pricelist_jam_general_pricelist,2022-09-13 18:30:00,1.0,1_product,Jinasena_MasterData_Stock.product_template_drive_gear_of_lube_oil_pump,list_price,fixed,1654.0,0.0,0.0,0.0,0.0,0.0,0.0
product_pricelist_item_id_16257,Jinasena_MasterData_Sales.product_pricelist_jam_general_pricelist,2022-09-13 18:30:00,1.0,1_product,Jinasena_MasterData_Stock.product_template_flywheel,list_price,fixed,19180.0,0.0,0.0,0.0,0.0,0.0,0.0
product_pricelist_item_id_16256,Jinasena_MasterData_Sales.product_pricelist_jam_general_pricelist,2022-09-13 18:30:00,1.0,1_product,Jinasena_MasterData_Stock.product_template_timing_gear_of_balance_shaft,list_price,fixed,4265.0,0.0,0.0,0.0,0.0,0.0,0.0
product_pricelist_item_id_16255,Jinasena_MasterData_Sales.product_pricelist_jam_general_pricelist,2022-09-13 18:30:00,1.0,1_product,Jinasena_MasterData_Stock.product_template_balance_shaft,list_price,fixed,4121.0,0.0,0.0,0.0,0.0,0.0,0.0
product_pricelist_item_id_16254,Jinasena_MasterData_Sales.product_pricelist_jam_general_pricelist,2022-09-13 18:30:00,1.0,1_product,Jinasena_MasterData_Stock.product_template_crankshaft_cultivator,list_price,fixed,33434.0,0.0,0.0,0.0,0.0,0.0,0.0
product_pricelist_item_id_16253,Jinasena_MasterData_Sales.product_pricelist_jam_general_pricelist,2022-04-30 18:30:00,1.0,1_product,Jinasena_MasterData_Stock.product_template_connecting_rod_block,list_price,fixed,3230.0,0.0,0.0,0.0,0.0,0.0,0.0
product_pricelist_item_id_16252,Jinasena_MasterData_Sales.product_pricelist_jam_general_pricelist,2022-09-13 18:30:00,1.0,1_product,Jinasena_MasterData_Stock.product_template_connecting_rod_shaft_bushing_333384,list_price,fixed,1373.0,0.0,0.0,0.0,0.0,0.0,0.0
product_pricelist_item_id_16251,Jinasena_MasterData_Sales.product_pricelist_jam_general_pricelist,2022-09-13 18:30:00,1.0,1_product,Jinasena_MasterData_Stock.product_template_piston_pin_333383,list_price,fixed,1468.0,0.0,0.0,0.0,0.0,0.0,0.0
product_pricelist_item_id_16250,Jinasena_MasterData_Sales.product_pricelist_jam_general_pricelist,2022-09-13 18:30:00,1.0,1_product,Jinasena_MasterData_Stock.product_template_piston_333382,list_price,fixed,8838.0,0.0,0.0,0.0,0.0,0.0,0.0
product_pricelist_item_id_16249,Jinasena_MasterData_Sales.product_pricelist_jam_general_pricelist,2022-09-13 18:30:00,1.0,1_product,Jinasena_MasterData_Stock.product_template_valve_conduit_oil_seal_333380,list_price,fixed,812.0,0.0,0.0,0.0,0.0,0.0,0.0
product_pricelist_item_id_16248,Jinasena_MasterData_Sales.product_pricelist_jam_general_pricelist,2022-09-13 18:30:00,1.0,1_product,Jinasena_MasterData_Stock.product_template_cylinder_cover_333379,list_price,fixed,29524.0,0.0,0.0,0.0,0.0,0.0,0.0
product_pricelist_item_id_16247,Jinasena_MasterData_Sales.product_pricelist_jam_general_pricelist,2022-09-13 18:30:00,1.0,1_product,Jinasena_MasterData_Stock.product_template_exhaust_valve_333378,list_price,fixed,1951.0,0.0,0.0,0.0,0.0,0.0,0.0
product_pricelist_item_id_16246,Jinasena_MasterData_Sales.product_pricelist_jam_general_pricelist,2022-09-13 18:30:00,1.0,1_product,Jinasena_MasterData_Stock.product_template_intake_valve_333377,list_price,fixed,1908.0,0.0,0.0,0.0,0.0,0.0,0.0
product_pricelist_item_id_16245,Jinasena_MasterData_Sales.product_pricelist_jam_general_pricelist,2025-01-22 18:30:00,1.0,1_product,Jinasena_MasterData_Stock.product_template_valve_conduit_oil_seal_333376,list_price,fixed,204.0,0.0,0.0,0.0,0.0,0.0,0.0
product_pricelist_item_id_16244,Jinasena_MasterData_Sales.product_pricelist_jam_general_pricelist,2022-09-13 18:30:00,1.0,1_product,Jinasena_MasterData_Stock.product_template_valve_spring_seat,list_price,fixed,483.0,0.0,0.0,0.0,0.0,0.0,0.0
product_pricelist_item_id_16243,Jinasena_MasterData_Sales.product_pricelist_jam_general_pricelist,2022-09-13 18:30:00,1.0,1_product,Jinasena_MasterData_Stock.product_template_valve_adjusting_cushion_333374,list_price,fixed,346.0,0.0,0.0,0.0,0.0,0.0,0.0
product_pricelist_item_id_16242,Jinasena_MasterData_Sales.product_pricelist_jam_general_pricelist,2022-09-13 18:30:00,1.0,1_product,Jinasena_MasterData_Stock.product_template_intake_pipe_shim_333373,list_price,fixed,147.0,0.0,0.0,0.0,0.0,0.0,0.0
product_pricelist_item_id_16241,Jinasena_MasterData_Sales.product_pricelist_jam_general_pricelist,2025-02-02 18:30:00,1.0,1_product,Jinasena_MasterData_Stock.product_template_valve_retaining_clip,list_price,fixed,200.0,0.0,0.0,0.0,0.0,0.0,0.0
product_pricelist_item_id_16240,Jinasena_MasterData_Sales.product_pricelist_jam_general_pricelist,2022-09-13 18:30:00,1.0,1_product,Jinasena_MasterData_Stock.product_template_valve_spring,list_price,fixed,866.0,0.0,0.0,0.0,0.0,0.0,0.0
product_pricelist_item_id_16239,Jinasena_MasterData_Sales.product_pricelist_jam_general_pricelist,2022-04-30 18:30:00,1.0,1_product,Jinasena_MasterData_Stock.product_template_ball_bearing_333368,list_price,fixed,500.0,0.0,0.0,0.0,0.0,0.0,0.0
product_pricelist_item_id_16238,Jinasena_MasterData_Sales.product_pricelist_jam_general_pricelist,2022-09-13 18:30:00,1.0,1_product,Jinasena_MasterData_Stock.product_template_crankcase_cover,list_price,fixed,31704.0,0.0,0.0,0.0,0.0,0.0,0.0
product_pricelist_item_id_16237,Jinasena_MasterData_Sales.product_pricelist_jam_general_pricelist,2022-09-13 18:30:00,1.0,1_product,Jinasena_MasterData_Stock.product_template_cover_washer,list_price,fixed,1863.0,0.0,0.0,0.0,0.0,0.0,0.0
product_pricelist_item_id_16236,Jinasena_MasterData_Sales.product_pricelist_jam_general_pricelist,2022-09-13 18:30:00,1.0,1_product,Jinasena_MasterData_Stock.product_template_cylinder_head_shim_333365,list_price,fixed,227.0,0.0,0.0,0.0,0.0,0.0,0.0
product_pricelist_item_id_16235,Jinasena_MasterData_Sales.product_pricelist_jam_general_pricelist,2022-09-13 18:30:00,1.0,1_product,Jinasena_MasterData_Stock.product_template_sheet_gasket_333364,list_price,fixed,1078.0,0.0,0.0,0.0,0.0,0.0,0.0
product_pricelist_item_id_16234,Jinasena_MasterData_Sales.product_pricelist_jam_general_pricelist,2022-09-13 18:30:00,1.0,1_product,Jinasena_MasterData_Stock.product_template_cylinder_head,list_price,fixed,590.0,0.0,0.0,0.0,0.0,0.0,0.0
product_pricelist_item_id_16233,Jinasena_MasterData_Sales.product_pricelist_jam_general_pricelist,2022-09-13 18:30:00,1.0,1_product,Jinasena_MasterData_Stock.product_template_cylinder_block_333358,list_price,fixed,72316.0,0.0,0.0,0.0,0.0,0.0,0.0
product_pricelist_item_id_16232,Jinasena_MasterData_Sales.product_pricelist_jam_general_pricelist,2022-09-13 18:30:00,1.0,1_product,Jinasena_MasterData_Stock.product_template_fuel_injection_valve_assembly_333355,list_price,fixed,22472.0,0.0,0.0,0.0,0.0,0.0,0.0
product_pricelist_item_id_16231,Jinasena_MasterData_Sales.product_pricelist_jam_general_pricelist,2022-09-13 18:30:00,1.0,1_product,Jinasena_MasterData_Stock.product_template_volt_regulator_assem,list_price,fixed,5806.0,0.0,0.0,0.0,0.0,0.0,0.0
product_pricelist_item_id_16230,Jinasena_MasterData_Sales.product_pricelist_jam_general_pricelist,2022-04-30 18:30:00,1.0,1_product,Jinasena_MasterData_Stock.product_template_starting_key_assem,list_price,fixed,1100.0,0.0,0.0,0.0,0.0,0.0,0.0
product_pricelist_item_id_16229,Jinasena_MasterData_Sales.product_pricelist_jam_general_pricelist,2022-09-13 18:30:00,1.0,1_product,Jinasena_MasterData_Stock.product_template_govemor_spring,list_price,fixed,495.0,0.0,0.0,0.0,0.0,0.0,0.0
product_pricelist_item_id_16228,Jinasena_MasterData_Sales.product_pricelist_jam_general_pricelist,2022-09-13 18:30:00,1.0,1_product,Jinasena_MasterData_Stock.product_template_flying_weight,list_price,fixed,401.0,0.0,0.0,0.0,0.0,0.0,0.0
product_pricelist_item_id_16227,Jinasena_MasterData_Sales.product_pricelist_jam_general_pricelist,2022-09-13 18:30:00,1.0,1_product,Jinasena_MasterData_Stock.product_template_flywheel_nut_gasket,list_price,fixed,573.0,0.0,0.0,0.0,0.0,0.0,0.0
product_pricelist_item_id_16226,Jinasena_MasterData_Sales.product_pricelist_jam_general_pricelist,2022-09-13 18:30:00,1.0,1_product,Jinasena_MasterData_Stock.product_template_flywheel_nut,list_price,fixed,495.0,0.0,0.0,0.0,0.0,0.0,0.0
product_pricelist_item_id_16225,Jinasena_MasterData_Sales.product_pricelist_jam_general_pricelist,2022-09-13 18:30:00,1.0,1_product,Jinasena_MasterData_Stock.product_template_decrompression_shaft_assem,list_price,fixed,849.0,0.0,0.0,0.0,0.0,0.0,0.0
product_pricelist_item_id_16224,Jinasena_MasterData_Sales.product_pricelist_jam_general_pricelist,2022-09-13 18:30:00,1.0,1_product,Jinasena_MasterData_Stock.product_template_decompression_spring,list_price,fixed,161.0,0.0,0.0,0.0,0.0,0.0,0.0
product_pricelist_item_id_16223,Jinasena_MasterData_Sales.product_pricelist_jam_general_pricelist,2022-09-13 18:30:00,1.0,1_product,Jinasena_MasterData_Stock.product_template_cylinder_head_cover_washer,list_price,fixed,310.0,0.0,0.0,0.0,0.0,0.0,0.0
product_pricelist_item_id_16222,Jinasena_MasterData_Sales.product_pricelist_jam_general_pricelist,2022-09-13 18:30:00,1.0,1_product,Jinasena_MasterData_Stock.product_template_cylinder_head_cover,list_price,fixed,4318.0,0.0,0.0,0.0,0.0,0.0,0.0
product_pricelist_item_id_16221,Jinasena_MasterData_Sales.product_pricelist_jam_general_pricelist,2022-09-13 18:30:00,1.0,1_product,Jinasena_MasterData_Stock.product_template_rocker_arm_seat_assem,list_price,fixed,912.0,0.0,0.0,0.0,0.0,0.0,0.0
product_pricelist_item_id_16220,Jinasena_MasterData_Sales.product_pricelist_jam_general_pricelist,2022-09-13 18:30:00,1.0,1_product,Jinasena_MasterData_Stock.product_template_valve_clearance,list_price,fixed,304.0,0.0,0.0,0.0,0.0,0.0,0.0
product_pricelist_item_id_16219,Jinasena_MasterData_Sales.product_pricelist_jam_general_pricelist,2022-09-13 18:30:00,1.0,1_product,Jinasena_MasterData_Stock.product_template_intake_valve_rocker_arm,list_price,fixed,682.0,0.0,0.0,0.0,0.0,0.0,0.0
product_pricelist_item_id_16218,Jinasena_MasterData_Sales.product_pricelist_jam_general_pricelist,2022-09-13 18:30:00,1.0,1_product,Jinasena_MasterData_Stock.product_template_exhaust_valve_rocker_arm_333337,list_price,fixed,587.0,0.0,0.0,0.0,0.0,0.0,0.0
product_pricelist_item_id_16217,Jinasena_MasterData_Sales.product_pricelist_jam_general_pricelist,2022-09-13 18:30:00,1.0,1_product,Jinasena_MasterData_Stock.product_template_valve_clearance_adjusting_screw,list_price,fixed,285.0,0.0,0.0,0.0,0.0,0.0,0.0
product_pricelist_item_id_16216,Jinasena_MasterData_Sales.product_pricelist_jam_general_pricelist,2022-09-13 18:30:00,1.0,1_product,Jinasena_MasterData_Stock.product_template_plunger,list_price,fixed,84.0,0.0,0.0,0.0,0.0,0.0,0.0
product_pricelist_item_id_16215,Jinasena_MasterData_Sales.product_pricelist_jam_general_pricelist,2022-12-13 18:30:00,1.0,1_product,Jinasena_MasterData_Stock.product_template_jinasena_shredder_multy_choper_with_3hp_,list_price,fixed,200000.0,0.0,0.0,0.0,0.0,0.0,0.0
product_pricelist_item_id_16214,Jinasena_MasterData_Sales.product_pricelist_jam_general_pricelist,2022-12-13 18:30:00,1.0,1_product,Jinasena_MasterData_Stock.product_template_jinasena_multi_chopper_tractor_coupled_3,list_price,fixed,625000.0,0.0,0.0,0.0,0.0,0.0,0.0
product_pricelist_item_id_16213,Jinasena_MasterData_Sales.product_pricelist_jam_general_pricelist,2022-12-13 18:30:00,1.0,1_product,Jinasena_MasterData_Stock.product_template_jinasena_multi_chopper_couplled_with_16_,list_price,fixed,675000.0,0.0,0.0,0.0,0.0,0.0,0.0
product_pricelist_item_id_16212,Jinasena_MasterData_Sales.product_pricelist_jam_general_pricelist,2022-12-13 18:30:00,1.0,1_product,Jinasena_MasterData_Stock.product_template_jinasena_multi_chopper_couplled_with_15_,list_price,fixed,650000.0,0.0,0.0,0.0,0.0,0.0,0.0
product_pricelist_item_id_16211,Jinasena_MasterData_Sales.product_pricelist_jam_general_pricelist,2022-12-13 18:30:00,1.0,1_product,Jinasena_MasterData_Stock.product_template_multi_chopper_6hp_tractor_type,list_price,fixed,235700.0,0.0,0.0,0.0,0.0,0.0,0.0
product_pricelist_item_id_16210,Jinasena_MasterData_Sales.product_pricelist_jam_general_pricelist,2022-12-13 18:30:00,1.0,1_product,Jinasena_MasterData_Stock.product_template_multi_chooper_with_25hp_motor,list_price,fixed,650000.0,0.0,0.0,0.0,0.0,0.0,0.0
product_pricelist_item_id_16209,Jinasena_MasterData_Sales.product_pricelist_jam_general_pricelist,2022-12-13 18:30:00,1.0,1_product,Jinasena_MasterData_Stock.product_template_multi_chopper_w_16hp_swan_engine,list_price,fixed,600000.0,0.0,0.0,0.0,0.0,0.0,0.0
product_pricelist_item_id_16208,Jinasena_MasterData_Sales.product_pricelist_jam_general_pricelist,2022-12-13 18:30:00,1.0,1_product,Jinasena_MasterData_Stock.product_template_multichopper_couple_15hp_motor,list_price,fixed,650000.0,0.0,0.0,0.0,0.0,0.0,0.0
product_pricelist_item_id_16207,Jinasena_MasterData_Sales.product_pricelist_jam_general_pricelist,2022-12-13 18:30:00,1.0,1_product,Jinasena_MasterData_Stock.product_template_multi_chopper_couple_10hp_motor,list_price,fixed,450000.0,0.0,0.0,0.0,0.0,0.0,0.0
product_pricelist_item_id_16206,Jinasena_MasterData_Sales.product_pricelist_jam_general_pricelist,2022-12-13 18:30:00,1.0,1_product,Jinasena_MasterData_Stock.product_template_multi_chopper_with_10hp_engine,list_price,fixed,449100.0,0.0,0.0,0.0,0.0,0.0,0.0
product_pricelist_item_id_16205,Jinasena_MasterData_Sales.product_pricelist_jam_general_pricelist,2022-04-30 18:30:00,1.0,1_product,Jinasena_MasterData_Stock.product_template_hand_push_mini_power_weeder_gt_3b,list_price,fixed,41800.0,0.0,0.0,0.0,0.0,0.0,0.0
product_pricelist_item_id_16204,Jinasena_MasterData_Sales.product_pricelist_jam_general_pricelist,2022-04-30 18:30:00,1.0,1_product,Jinasena_MasterData_Stock.product_template_hand_push_mini_power_weeder_gt_3a,list_price,fixed,39330.0,0.0,0.0,0.0,0.0,0.0,0.0
product_pricelist_item_id_16203,Jinasena_MasterData_Sales.product_pricelist_jam_general_pricelist,2022-04-30 18:30:00,1.0,1_product,Jinasena_MasterData_Stock.product_template_rotary_tiller_for_cultivator_type_gt9,list_price,fixed,30250.0,0.0,0.0,0.0,0.0,0.0,0.0
product_pricelist_item_id_16202,Jinasena_MasterData_Sales.product_pricelist_jam_general_pricelist,2022-09-13 18:30:00,1.0,1_product,Jinasena_MasterData_Stock.product_template_oil_seal_sg30x45x8_rear,list_price,fixed,1863.0,0.0,0.0,0.0,0.0,0.0,0.0
product_pricelist_item_id_16201,Jinasena_MasterData_Sales.product_pricelist_jam_general_pricelist,2022-09-13 18:30:00,1.0,1_product,Jinasena_MasterData_Stock.product_template_retainer_ring_20,list_price,fixed,186.0,0.0,0.0,0.0,0.0,0.0,0.0
product_pricelist_item_id_16200,Jinasena_MasterData_Sales.product_pricelist_jam_general_pricelist,2022-09-13 18:30:00,1.0,1_product,Jinasena_MasterData_Stock.product_template_needle_bearing_7941_8,list_price,fixed,315.0,0.0,0.0,0.0,0.0,0.0,0.0
product_pricelist_item_id_16199,Jinasena_MasterData_Sales.product_pricelist_jam_general_pricelist,2022-09-13 18:30:00,1.0,1_product,Jinasena_MasterData_Stock.product_template_o_ring_12x1_9,list_price,fixed,440.0,0.0,0.0,0.0,0.0,0.0,0.0
product_pricelist_item_id_16198,Jinasena_MasterData_Sales.product_pricelist_jam_general_pricelist,2023-01-04 18:30:00,1.0,1_product,Jinasena_MasterData_Stock.product_template_coconut_husk_chipping_machine_2hp_1s,list_price,fixed,306000.0,0.0,0.0,0.0,0.0,0.0,0.0
product_pricelist_item_id_16197,Jinasena_MasterData_Sales.product_pricelist_jam_general_pricelist,2024-06-17 18:30:00,1.0,1_product,Jinasena_MasterData_Stock.product_template_valve_condute_oil_seal,list_price,fixed,204.0,0.0,0.0,0.0,0.0,0.0,0.0
product_pricelist_item_id_16196,Jinasena_MasterData_Sales.product_pricelist_jam_general_pricelist,2022-04-30 18:30:00,1.0,1_product,Jinasena_MasterData_Stock.product_template_air_cleaner_element_set_for_gt8,list_price,fixed,6600.0,0.0,0.0,0.0,0.0,0.0,0.0
product_pricelist_item_id_16195,Jinasena_MasterData_Sales.product_pricelist_jam_general_pricelist,2022-09-13 18:30:00,1.0,1_product,Jinasena_MasterData_Stock.product_template_clutch_core_for_rc_gt8,list_price,fixed,14327.0,0.0,0.0,0.0,0.0,0.0,0.0
product_pricelist_item_id_16194,Jinasena_MasterData_Sales.product_pricelist_jam_general_pricelist,2022-04-30 18:30:00,1.0,1_product,Jinasena_MasterData_Stock.product_template_recoil_starter_asy_comp_km178f_k,list_price,fixed,3850.0,0.0,0.0,0.0,0.0,0.0,0.0
product_pricelist_item_id_16193,Jinasena_MasterData_Sales.product_pricelist_jam_general_pricelist,2022-09-13 18:30:00,1.0,1_product,Jinasena_MasterData_Stock.product_template_complete_muffler_assembly_cylensar,list_price,fixed,11819.0,0.0,0.0,0.0,0.0,0.0,0.0
product_pricelist_item_id_16192,Jinasena_MasterData_Sales.product_pricelist_jam_general_pricelist,2022-04-30 18:30:00,1.0,1_product,Jinasena_MasterData_Stock.product_template_crank_shaft_333176,list_price,fixed,15590.0,0.0,0.0,0.0,0.0,0.0,0.0
product_pricelist_item_id_16191,Jinasena_MasterData_Sales.product_pricelist_jam_general_pricelist,2022-09-13 18:30:00,1.0,1_product,Jinasena_MasterData_Stock.product_template_starting_ratchet_reel,list_price,fixed,2666.0,0.0,0.0,0.0,0.0,0.0,0.0
product_pricelist_item_id_16190,Jinasena_MasterData_Sales.product_pricelist_jam_general_pricelist,2022-09-13 18:30:00,1.0,1_product,Jinasena_MasterData_Stock.product_template_piston_ring_sets,list_price,fixed,3289.0,0.0,0.0,0.0,0.0,0.0,0.0
product_pricelist_item_id_16189,Jinasena_MasterData_Sales.product_pricelist_jam_general_pricelist,2022-04-30 18:30:00,1.0,1_product,Jinasena_MasterData_Stock.product_template_conrod_assy,list_price,fixed,7060.0,0.0,0.0,0.0,0.0,0.0,0.0
product_pricelist_item_id_16188,Jinasena_MasterData_Sales.product_pricelist_jam_general_pricelist,2022-09-13 18:30:00,1.0,1_product,Jinasena_MasterData_Stock.product_template_bush_bearing_main_bearing,list_price,fixed,1688.0,0.0,0.0,0.0,0.0,0.0,0.0
product_pricelist_item_id_16187,Jinasena_MasterData_Sales.product_pricelist_jam_general_pricelist,2022-04-30 18:30:00,1.0,1_product,Jinasena_MasterData_Stock.product_template_crank_case_cover_washer_333161,list_price,fixed,190.0,0.0,0.0,0.0,0.0,0.0,0.0
product_pricelist_item_id_16186,Jinasena_MasterData_Sales.product_pricelist_jam_general_pricelist,2022-04-30 18:30:00,1.0,1_product,Jinasena_MasterData_Stock.product_template_cylinder_head_shim,list_price,fixed,70.0,0.0,0.0,0.0,0.0,0.0,0.0
product_pricelist_item_id_16185,Jinasena_MasterData_Sales.product_pricelist_jam_general_pricelist,2023-10-26 18:30:00,1.0,1_product,Jinasena_MasterData_Stock.product_template_head_sheeth_gascket,list_price,fixed,394.55,0.0,0.0,0.0,0.0,0.0,0.0
product_pricelist_item_id_16184,Jinasena_MasterData_Sales.product_pricelist_jam_general_pricelist,2022-09-13 18:30:00,1.0,1_product,Jinasena_MasterData_Stock.product_template_sleeve_reverse_1680021,list_price,fixed,5373.0,0.0,0.0,0.0,0.0,0.0,0.0
product_pricelist_item_id_16183,Jinasena_MasterData_Sales.product_pricelist_jam_general_pricelist,2022-04-30 18:30:00,1.0,1_product,Jinasena_MasterData_Stock.product_template_fuel_injection_valve_assembly,list_price,fixed,2700.0,0.0,0.0,0.0,0.0,0.0,0.0
product_pricelist_item_id_16182,Jinasena_MasterData_Sales.product_pricelist_jam_general_pricelist,2022-04-30 18:30:00,1.0,1_product,Jinasena_MasterData_Stock.product_template_head_cover_washer,list_price,fixed,70.0,0.0,0.0,0.0,0.0,0.0,0.0
product_pricelist_item_id_16181,Jinasena_MasterData_Sales.product_pricelist_jam_general_pricelist,2022-04-30 18:30:00,1.0,1_product,Jinasena_MasterData_Stock.product_template_mudguard,list_price,fixed,2460.0,0.0,0.0,0.0,0.0,0.0,0.0
product_pricelist_item_id_16180,Jinasena_MasterData_Sales.product_pricelist_jam_general_pricelist,2022-04-30 18:30:00,1.0,1_product,Jinasena_MasterData_Stock.product_template_complete_accelerator_unit,list_price,fixed,280.0,0.0,0.0,0.0,0.0,0.0,0.0
product_pricelist_item_id_16179,Jinasena_MasterData_Sales.product_pricelist_jam_general_pricelist,2022-04-30 18:30:00,1.0,1_product,Jinasena_MasterData_Stock.product_template_protector_bar_spring_st_spring,list_price,fixed,100.0,0.0,0.0,0.0,0.0,0.0,0.0
product_pricelist_item_id_16178,Jinasena_MasterData_Sales.product_pricelist_jam_general_pricelist,2022-11-10 18:30:00,1.0,1_product,Jinasena_MasterData_Stock.product_template_connecting_link_333116,list_price,fixed,2512.0,0.0,0.0,0.0,0.0,0.0,0.0
product_pricelist_item_id_16177,Jinasena_MasterData_Sales.product_pricelist_jam_general_pricelist,2023-03-14 18:30:00,1.0,1_product,Jinasena_MasterData_Stock.product_template_gearbox,list_price,fixed,8100.0,0.0,0.0,0.0,0.0,0.0,0.0
product_pricelist_item_id_16176,Jinasena_MasterData_Sales.product_pricelist_jam_general_pricelist,2022-09-13 18:30:00,1.0,1_product,Jinasena_MasterData_Stock.product_template_preasuer_plate,list_price,fixed,1571.0,0.0,0.0,0.0,0.0,0.0,0.0
product_pricelist_item_id_16175,Jinasena_MasterData_Sales.product_pricelist_jam_general_pricelist,2022-09-13 18:30:00,1.0,1_product,Jinasena_MasterData_Stock.product_template_clutch_plate,list_price,fixed,400.0,0.0,0.0,0.0,0.0,0.0,0.0
product_pricelist_item_id_16174,Jinasena_MasterData_Sales.product_pricelist_jam_general_pricelist,2022-09-13 18:30:00,1.0,1_product,Jinasena_MasterData_Stock.product_template_reverse_cable,list_price,fixed,1650.0,0.0,0.0,0.0,0.0,0.0,0.0
product_pricelist_item_id_16173,Jinasena_MasterData_Sales.product_pricelist_jam_general_pricelist,2022-09-13 18:30:00,1.0,1_product,Jinasena_MasterData_Stock.product_template_clutch_cable,list_price,fixed,2439.0,0.0,0.0,0.0,0.0,0.0,0.0
product_pricelist_item_id_16172,Jinasena_MasterData_Sales.product_pricelist_jam_general_pricelist,2022-09-13 18:30:00,1.0,1_product,Jinasena_MasterData_Stock.product_template_accelerater_cable,list_price,fixed,2439.0,0.0,0.0,0.0,0.0,0.0,0.0
product_pricelist_item_id_16171,Jinasena_MasterData_Sales.product_pricelist_jam_general_pricelist,2022-04-30 18:30:00,1.0,1_product,Jinasena_MasterData_Stock.product_template_o_ring_sealing_16x3_1,list_price,fixed,10.0,0.0,0.0,0.0,0.0,0.0,0.0
product_pricelist_item_id_16170,Jinasena_MasterData_Sales.product_pricelist_jam_general_pricelist,2022-09-13 18:30:00,1.0,1_product,Jinasena_MasterData_Stock.product_template_annular_ball_bearing_6009,list_price,fixed,1363.0,0.0,0.0,0.0,0.0,0.0,0.0
product_pricelist_item_id_16169,Jinasena_MasterData_Sales.product_pricelist_jam_general_pricelist,2022-04-30 18:30:00,1.0,1_product,Jinasena_MasterData_Stock.product_template_adjusting_shim,list_price,fixed,80.0,0.0,0.0,0.0,0.0,0.0,0.0
product_pricelist_item_id_16168,Jinasena_MasterData_Sales.product_pricelist_jam_general_pricelist,2022-04-30 18:30:00,1.0,1_product,Jinasena_MasterData_Stock.product_template_driven_bevel_gear_ii_axile,list_price,fixed,2310.0,0.0,0.0,0.0,0.0,0.0,0.0
product_pricelist_item_id_16167,Jinasena_MasterData_Sales.product_pricelist_jam_general_pricelist,2022-04-30 18:30:00,1.0,1_product,Jinasena_MasterData_Stock.product_template_driven_bevel_gear_ii,list_price,fixed,3590.0,0.0,0.0,0.0,0.0,0.0,0.0
product_pricelist_item_id_16166,Jinasena_MasterData_Sales.product_pricelist_jam_general_pricelist,2022-04-30 18:30:00,1.0,1_product,Jinasena_MasterData_Stock.product_template_thrust_bearing_32009,list_price,fixed,660.0,0.0,0.0,0.0,0.0,0.0,0.0
product_pricelist_item_id_16165,Jinasena_MasterData_Sales.product_pricelist_jam_general_pricelist,2022-04-30 18:30:00,1.0,1_product,Jinasena_MasterData_Stock.product_template_cover_333098,list_price,fixed,1940.0,0.0,0.0,0.0,0.0,0.0,0.0
product_pricelist_item_id_16164,Jinasena_MasterData_Sales.product_pricelist_jam_general_pricelist,2022-09-13 18:30:00,1.0,1_product,Jinasena_MasterData_Stock.product_template_oil_seal_045x062x8,list_price,fixed,293.0,0.0,0.0,0.0,0.0,0.0,0.0
product_pricelist_item_id_16163,Jinasena_MasterData_Sales.product_pricelist_jam_general_pricelist,2023-04-18 18:30:00,1.0,1_product,Jinasena_MasterData_Stock.product_template_driving_shaft,list_price,fixed,2354.0,0.0,0.0,0.0,0.0,0.0,0.0
product_pricelist_item_id_16162,Jinasena_MasterData_Sales.product_pricelist_jam_general_pricelist,2022-04-30 18:30:00,1.0,1_product,Jinasena_MasterData_Stock.product_template_r_pin_2,list_price,fixed,50.0,0.0,0.0,0.0,0.0,0.0,0.0
product_pricelist_item_id_16161,Jinasena_MasterData_Sales.product_pricelist_jam_general_pricelist,2023-07-13 18:30:00,1.0,1_product,Jinasena_MasterData_Stock.product_template_drive_box_333094,list_price,fixed,9920.0,0.0,0.0,0.0,0.0,0.0,0.0
product_pricelist_item_id_16160,Jinasena_MasterData_Sales.product_pricelist_jam_general_pricelist,2023-05-31 18:30:00,1.0,1_product,Jinasena_MasterData_Stock.product_template_thrust_bearing_30206,list_price,fixed,600.0,0.0,0.0,0.0,0.0,0.0,0.0
product_pricelist_item_id_16159,Jinasena_MasterData_Sales.product_pricelist_jam_general_pricelist,2022-04-30 18:30:00,1.0,1_product,Jinasena_MasterData_Stock.product_template_shift_forked_arm,list_price,fixed,370.0,0.0,0.0,0.0,0.0,0.0,0.0
product_pricelist_item_id_16158,Jinasena_MasterData_Sales.product_pricelist_jam_general_pricelist,2022-04-30 18:30:00,1.0,1_product,Jinasena_MasterData_Stock.product_template_shift_sleeve,list_price,fixed,500.0,0.0,0.0,0.0,0.0,0.0,0.0
product_pricelist_item_id_16157,Jinasena_MasterData_Sales.product_pricelist_jam_general_pricelist,2022-04-30 18:30:00,1.0,1_product,Jinasena_MasterData_Stock.product_template_shifting_yoke,list_price,fixed,500.0,0.0,0.0,0.0,0.0,0.0,0.0
product_pricelist_item_id_16156,Jinasena_MasterData_Sales.product_pricelist_jam_general_pricelist,2022-04-30 18:30:00,1.0,1_product,Jinasena_MasterData_Stock.product_template_driving_shaft_333086,list_price,fixed,1480.0,0.0,0.0,0.0,0.0,0.0,0.0
product_pricelist_item_id_16155,Jinasena_MasterData_Sales.product_pricelist_jam_general_pricelist,2022-04-30 18:30:00,1.0,1_product,Jinasena_MasterData_Stock.product_template_driving_duplicate_gear,list_price,fixed,1150.0,0.0,0.0,0.0,0.0,0.0,0.0
product_pricelist_item_id_16154,Jinasena_MasterData_Sales.product_pricelist_jam_general_pricelist,2022-04-30 18:30:00,1.0,1_product,Jinasena_MasterData_Stock.product_template_retainer_25,list_price,fixed,50.0,0.0,0.0,0.0,0.0,0.0,0.0
product_pricelist_item_id_16153,Jinasena_MasterData_Sales.product_pricelist_jam_general_pricelist,2022-04-30 18:30:00,1.0,1_product,Jinasena_MasterData_Stock.product_template_revers_gear_component,list_price,fixed,3740.0,0.0,0.0,0.0,0.0,0.0,0.0
product_pricelist_item_id_16152,Jinasena_MasterData_Sales.product_pricelist_jam_general_pricelist,2022-04-30 18:30:00,1.0,1_product,Jinasena_MasterData_Stock.product_template_reverse_spring,list_price,fixed,110.0,0.0,0.0,0.0,0.0,0.0,0.0
product_pricelist_item_id_16151,Jinasena_MasterData_Sales.product_pricelist_jam_general_pricelist,2022-09-13 18:30:00,1.0,1_product,Jinasena_MasterData_Stock.product_template_bushing_333078,list_price,fixed,348.0,0.0,0.0,0.0,0.0,0.0,0.0
product_pricelist_item_id_16150,Jinasena_MasterData_Sales.product_pricelist_jam_general_pricelist,2022-04-30 18:30:00,1.0,1_product,Jinasena_MasterData_Stock.product_template_needle_roller_bearing_k182420,list_price,fixed,120.0,0.0,0.0,0.0,0.0,0.0,0.0
product_pricelist_item_id_16149,Jinasena_MasterData_Sales.product_pricelist_jam_general_pricelist,2022-04-30 18:30:00,1.0,1_product,Jinasena_MasterData_Stock.product_template_driving_bevel_gear,list_price,fixed,2050.0,0.0,0.0,0.0,0.0,0.0,0.0
product_pricelist_item_id_16148,Jinasena_MasterData_Sales.product_pricelist_jam_general_pricelist,2022-04-30 18:30:00,1.0,1_product,Jinasena_MasterData_Stock.product_template_driven_duplicate_gear,list_price,fixed,3200.0,0.0,0.0,0.0,0.0,0.0,0.0
product_pricelist_item_id_16147,Jinasena_MasterData_Sales.product_pricelist_jam_general_pricelist,2022-04-30 18:30:00,1.0,1_product,Jinasena_MasterData_Stock.product_template_clutch_shifting_yoke,list_price,fixed,620.0,0.0,0.0,0.0,0.0,0.0,0.0
product_pricelist_item_id_16146,Jinasena_MasterData_Sales.product_pricelist_jam_general_pricelist,2022-04-30 18:30:00,1.0,1_product,Jinasena_MasterData_Stock.product_template_reverse_shifting_yoke,list_price,fixed,180.0,0.0,0.0,0.0,0.0,0.0,0.0
product_pricelist_item_id_16145,Jinasena_MasterData_Sales.product_pricelist_jam_general_pricelist,2023-11-30 18:30:00,1.0,1_product,Jinasena_MasterData_Stock.product_template_oil_seal_25x40x7,list_price,fixed,350.0,0.0,0.0,0.0,0.0,0.0,0.0
product_pricelist_item_id_16144,Jinasena_MasterData_Sales.product_pricelist_jam_general_pricelist,2024-06-11 18:30:00,1.0,1_product,Jinasena_MasterData_Stock.product_template_reverse_cable_bolt,list_price,fixed,89.3,0.0,0.0,0.0,0.0,0.0,0.0
product_pricelist_item_id_16143,Jinasena_MasterData_Sales.product_pricelist_jam_general_pricelist,2024-06-11 18:30:00,1.0,1_product,Jinasena_MasterData_Stock.product_template_clutch_cable_bolt,list_price,fixed,67.0,0.0,0.0,0.0,0.0,0.0,0.0
product_pricelist_item_id_16142,Jinasena_MasterData_Sales.product_pricelist_jam_general_pricelist,2022-11-10 18:30:00,1.0,1_product,Jinasena_MasterData_Stock.product_template_connecting_link,list_price,fixed,2512.0,0.0,0.0,0.0,0.0,0.0,0.0
product_pricelist_item_id_16141,Jinasena_MasterData_Sales.product_pricelist_jam_general_pricelist,2022-04-30 18:30:00,1.0,1_product,Jinasena_MasterData_Stock.product_template_speed_adjusting_road,list_price,fixed,1920.0,0.0,0.0,0.0,0.0,0.0,0.0
product_pricelist_item_id_16140,Jinasena_MasterData_Sales.product_pricelist_jam_general_pricelist,2024-02-26 18:30:00,1.0,1_product,Jinasena_MasterData_Stock.product_template_93zt_04_chaff_cutter_six_blades,list_price,fixed,106000.0,0.0,0.0,0.0,0.0,0.0,0.0
product_pricelist_item_id_16139,Jinasena_MasterData_Sales.product_pricelist_jam_general_pricelist,2022-10-20 18:30:00,1.0,1_product,Jinasena_MasterData_Stock.product_template_blade,list_price,fixed,500.0,0.0,0.0,0.0,0.0,0.0,0.0
product_pricelist_item_id_16138,Jinasena_MasterData_Sales.product_pricelist_jam_general_pricelist,2023-04-16 18:30:00,1.0,1_product,Jinasena_MasterData_Stock.product_template_pipe,list_price,fixed,1200.0,0.0,0.0,0.0,0.0,0.0,0.0
product_pricelist_item_id_16137,Jinasena_MasterData_Sales.product_pricelist_jam_general_pricelist,2023-04-16 18:30:00,1.0,1_product,Jinasena_MasterData_Stock.product_template_shaft_9_1,list_price,fixed,650.0,0.0,0.0,0.0,0.0,0.0,0.0
product_pricelist_item_id_16136,Jinasena_MasterData_Sales.product_pricelist_jam_general_pricelist,2023-04-16 18:30:00,1.0,1_product,Jinasena_MasterData_Stock.product_template_flexible_shaft,list_price,fixed,2000.0,0.0,0.0,0.0,0.0,0.0,0.0
product_pricelist_item_id_16135,Jinasena_MasterData_Sales.product_pricelist_jam_general_pricelist,,1.0,1_product,Jinasena_MasterData_Stock.product_template_clutch_cover,list_price,fixed,0.0,0.0,0.0,0.0,0.0,0.0,0.0
product_pricelist_item_id_16134,Jinasena_MasterData_Sales.product_pricelist_jam_general_pricelist,2023-11-07 18:30:00,1.0,1_product,Jinasena_MasterData_Stock.product_template_nylon_cutter_head,list_price,fixed,1100.0,0.0,0.0,0.0,0.0,0.0,0.0
product_pricelist_item_id_16133,Jinasena_MasterData_Sales.product_pricelist_jam_general_pricelist,2023-04-16 18:30:00,1.0,1_product,Jinasena_MasterData_Stock.product_template_ysth_easy_loading_adaptor,list_price,fixed,1600.0,0.0,0.0,0.0,0.0,0.0,0.0
product_pricelist_item_id_16132,Jinasena_MasterData_Sales.product_pricelist_jam_general_pricelist,2022-04-30 18:30:00,1.0,1_product,Jinasena_MasterData_Stock.product_template_hk_2t_grass_cutter_blades_2t,list_price,fixed,720.0,0.0,0.0,0.0,0.0,0.0,0.0
product_pricelist_item_id_16131,Jinasena_MasterData_Sales.product_pricelist_jam_general_pricelist,2022-09-13 18:30:00,1.0,1_product,Jinasena_MasterData_Stock.product_template_o_ring_22_5x2_4,list_price,fixed,440.0,0.0,0.0,0.0,0.0,0.0,0.0
product_pricelist_item_id_16130,Jinasena_MasterData_Sales.product_pricelist_jam_general_pricelist,2022-04-30 18:30:00,1.0,1_product,Jinasena_MasterData_Stock.product_template_bush_cutter_attachment_for_jet5,list_price,fixed,42020.0,0.0,0.0,0.0,0.0,0.0,0.0
product_pricelist_item_id_16129,Jinasena_MasterData_Sales.product_pricelist_jam_general_pricelist,2023-06-14 18:30:00,1.0,1_product,Jinasena_MasterData_Stock.product_template_roto_slasher_gt_8,list_price,fixed,213000.0,0.0,0.0,0.0,0.0,0.0,0.0
product_pricelist_item_id_16128,Jinasena_MasterData_Sales.product_pricelist_jam_general_pricelist,2022-04-30 18:30:00,1.0,1_product,Jinasena_MasterData_Stock.product_template_agrimec_ss_knapsack_sprayer_16l_as16l_ss,list_price,fixed,16940.0,0.0,0.0,0.0,0.0,0.0,0.0
product_pricelist_item_id_16127,Jinasena_MasterData_Sales.product_pricelist_jam_general_pricelist,2022-04-30 18:30:00,1.0,1_product,Jinasena_MasterData_Stock.product_template_lock_gasket_48,list_price,fixed,140.0,0.0,0.0,0.0,0.0,0.0,0.0
product_pricelist_item_id_16126,Jinasena_MasterData_Sales.product_pricelist_jam_general_pricelist,2022-04-30 18:30:00,1.0,1_product,Jinasena_MasterData_Stock.product_template_gasket_of_flange,list_price,fixed,140.0,0.0,0.0,0.0,0.0,0.0,0.0
product_pricelist_item_id_16125,Jinasena_MasterData_Sales.product_pricelist_jam_general_pricelist,2023-01-08 18:30:00,1.0,1_product,Jinasena_MasterData_Stock.product_template_clean_assemble_testing,list_price,fixed,3500.0,0.0,0.0,0.0,0.0,0.0,0.0
product_pricelist_item_id_16124,Jinasena_MasterData_Sales.product_pricelist_jam_general_pricelist,2022-04-30 18:30:00,1.0,1_product,Jinasena_MasterData_Stock.product_template_bend_blade_right,list_price,fixed,480.0,0.0,0.0,0.0,0.0,0.0,0.0
product_pricelist_item_id_16123,Jinasena_MasterData_Sales.product_pricelist_jam_general_pricelist,2022-04-30 18:30:00,1.0,1_product,Jinasena_MasterData_Stock.product_template_bend_blade_left,list_price,fixed,480.0,0.0,0.0,0.0,0.0,0.0,0.0
product_pricelist_item_id_16122,Jinasena_MasterData_Sales.product_pricelist_jam_general_pricelist,2022-09-13 18:30:00,1.0,1_product,Jinasena_MasterData_Stock.product_template_cultivator_tyre_400x10_332917,list_price,fixed,20670.0,0.0,0.0,0.0,0.0,0.0,0.0
product_pricelist_item_id_16121,Jinasena_MasterData_Sales.product_pricelist_jam_general_pricelist,2022-04-30 18:30:00,1.0,1_product,Jinasena_MasterData_Stock.product_template_cultivator_tyre_400x10,list_price,fixed,9830.0,0.0,0.0,0.0,0.0,0.0,0.0
product_pricelist_item_id_16120,Jinasena_MasterData_Sales.product_pricelist_jam_general_pricelist,2022-04-30 18:30:00,1.0,1_product,Jinasena_MasterData_Stock.product_template_tap_set_6mm,list_price,fixed,640.0,0.0,0.0,0.0,0.0,0.0,0.0
product_pricelist_item_id_16119,Jinasena_MasterData_Sales.product_pricelist_jam_general_pricelist,2022-04-30 18:30:00,1.0,1_product,Jinasena_MasterData_Stock.product_template_s_s_bolt_12_x90_mm,list_price,fixed,70.0,0.0,0.0,0.0,0.0,0.0,0.0
product_pricelist_item_id_16118,Jinasena_MasterData_Sales.product_pricelist_jam_general_pricelist,2022-04-30 18:30:00,1.0,1_product,Jinasena_MasterData_Stock.product_template_ms_sq_bar_25x25mm,list_price,fixed,710.0,0.0,0.0,0.0,0.0,0.0,0.0
product_pricelist_item_id_16117,Jinasena_MasterData_Sales.product_pricelist_jam_general_pricelist,2022-04-30 18:30:00,1.0,1_product,Jinasena_MasterData_Stock.product_template_m_s_sheet_2_0mm_g14,list_price,fixed,3220.0,0.0,0.0,0.0,0.0,0.0,0.0
product_pricelist_item_id_16116,Jinasena_MasterData_Sales.product_pricelist_jam_general_pricelist,2022-04-30 18:30:00,1.0,1_product,Jinasena_MasterData_Stock.product_template_m_s_sheet_12_7mm_1_2,list_price,fixed,19760.0,0.0,0.0,0.0,0.0,0.0,0.0
product_pricelist_item_id_16115,Jinasena_MasterData_Sales.product_pricelist_jam_general_pricelist,2022-04-30 18:30:00,1.0,1_product,Jinasena_MasterData_Stock.product_template_parting_tool_blades_1_8_x3_4,list_price,fixed,830.0,0.0,0.0,0.0,0.0,0.0,0.0
product_pricelist_item_id_16114,Jinasena_MasterData_Sales.product_pricelist_jam_general_pricelist,2013-10-30 18:30:00,1.0,1_product,Jinasena_MasterData_Stock.product_template_parting_tool_blades_1_8_x3_4,list_price,fixed,425.0,0.0,0.0,0.0,0.0,0.0,0.0
product_pricelist_item_id_16113,Jinasena_MasterData_Sales.product_pricelist_jam_general_pricelist,2022-04-30 18:30:00,1.0,1_product,Jinasena_MasterData_Stock.product_template_ball_bearing_608_2rs,list_price,fixed,260.0,0.0,0.0,0.0,0.0,0.0,0.0
product_pricelist_item_id_16112,Jinasena_MasterData_Sales.product_pricelist_jam_general_pricelist,2022-04-30 18:30:00,1.0,1_product,Jinasena_MasterData_Stock.product_template_ball_bearing_607_2rs,list_price,fixed,170.0,0.0,0.0,0.0,0.0,0.0,0.0
product_pricelist_item_id_16111,Jinasena_MasterData_Sales.product_pricelist_jam_general_pricelist,2022-04-30 18:30:00,1.0,1_product,Jinasena_MasterData_Stock.product_template_trust_bearing,list_price,fixed,520.0,0.0,0.0,0.0,0.0,0.0,0.0
product_pricelist_item_id_16110,Jinasena_MasterData_Sales.product_pricelist_jam_general_pricelist,2022-04-30 18:30:00,1.0,1_product,Jinasena_MasterData_Stock.product_template_spring_332854,list_price,fixed,40.0,0.0,0.0,0.0,0.0,0.0,0.0
product_pricelist_item_id_16109,Jinasena_MasterData_Sales.product_pricelist_jam_general_pricelist,2022-04-30 18:30:00,1.0,1_product,Jinasena_MasterData_Stock.product_template_connectior_flame_out_switch,list_price,fixed,510.0,0.0,0.0,0.0,0.0,0.0,0.0
product_pricelist_item_id_16108,Jinasena_MasterData_Sales.product_pricelist_jam_general_pricelist,2022-04-30 18:30:00,1.0,1_product,Jinasena_MasterData_Stock.product_template_handrail_assy_r,list_price,fixed,7160.0,0.0,0.0,0.0,0.0,0.0,0.0
product_pricelist_item_id_16107,Jinasena_MasterData_Sales.product_pricelist_jam_general_pricelist,2022-04-30 18:30:00,1.0,1_product,Jinasena_MasterData_Stock.product_template_handrail_assy_l,list_price,fixed,7040.0,0.0,0.0,0.0,0.0,0.0,0.0
product_pricelist_item_id_16106,Jinasena_MasterData_Sales.product_pricelist_jam_general_pricelist,2022-04-30 18:30:00,1.0,1_product,Jinasena_MasterData_Stock.product_template_flameout_switch,list_price,fixed,510.0,0.0,0.0,0.0,0.0,0.0,0.0
product_pricelist_item_id_16105,Jinasena_MasterData_Sales.product_pricelist_jam_general_pricelist,2022-04-30 18:30:00,1.0,1_product,Jinasena_MasterData_Stock.product_template_split_pin_2x20,list_price,fixed,30.0,0.0,0.0,0.0,0.0,0.0,0.0
product_pricelist_item_id_16104,Jinasena_MasterData_Sales.product_pricelist_jam_general_pricelist,2022-04-30 18:30:00,1.0,1_product,Jinasena_MasterData_Stock.product_template_control_line_of_tie_in,list_price,fixed,130.0,0.0,0.0,0.0,0.0,0.0,0.0
product_pricelist_item_id_16103,Jinasena_MasterData_Sales.product_pricelist_jam_general_pricelist,2022-09-13 18:30:00,1.0,1_product,Jinasena_MasterData_Stock.product_template_clutch_handle_332847,list_price,fixed,1034.0,0.0,0.0,0.0,0.0,0.0,0.0
product_pricelist_item_id_16102,Jinasena_MasterData_Sales.product_pricelist_jam_general_pricelist,2022-09-13 18:30:00,1.0,1_product,Jinasena_MasterData_Stock.product_template_reverse_handle,list_price,fixed,1034.0,0.0,0.0,0.0,0.0,0.0,0.0
product_pricelist_item_id_16101,Jinasena_MasterData_Sales.product_pricelist_jam_general_pricelist,2022-04-30 18:30:00,1.0,1_product,Jinasena_MasterData_Stock.product_template_bend_blade_gt_8_9,list_price,fixed,310.0,0.0,0.0,0.0,0.0,0.0,0.0
product_pricelist_item_id_16100,Jinasena_MasterData_Sales.product_pricelist_jam_general_pricelist,2022-09-13 18:30:00,1.0,1_product,Jinasena_MasterData_Stock.product_template_cultivator_blade_right,list_price,fixed,822.0,0.0,0.0,0.0,0.0,0.0,0.0
product_pricelist_item_id_16099,Jinasena_MasterData_Sales.product_pricelist_jam_general_pricelist,2022-09-13 18:30:00,1.0,1_product,Jinasena_MasterData_Stock.product_template_cultivator_blade_left,list_price,fixed,822.0,0.0,0.0,0.0,0.0,0.0,0.0
product_pricelist_item_id_16098,Jinasena_MasterData_Sales.product_pricelist_jam_general_pricelist,2022-04-30 18:30:00,1.0,1_product,Jinasena_MasterData_Stock.product_template_reaper_blade_attachment_for_paddy_th,list_price,fixed,2550.0,0.0,0.0,0.0,0.0,0.0,0.0
product_pricelist_item_id_16097,Jinasena_MasterData_Sales.product_pricelist_jam_general_pricelist,2022-04-30 18:30:00,1.0,1_product,Jinasena_MasterData_Stock.product_template_pressure_guard_plate_332789,list_price,fixed,7700.0,0.0,0.0,0.0,0.0,0.0,0.0
product_pricelist_item_id_16096,Jinasena_MasterData_Sales.product_pricelist_jam_general_pricelist,2022-04-30 18:30:00,1.0,1_product,Jinasena_MasterData_Stock.product_template_rewound_pack_nr115_1,list_price,fixed,5000.0,0.0,0.0,0.0,0.0,0.0,0.0
product_pricelist_item_id_16095,Jinasena_MasterData_Sales.product_pricelist_jam_general_pricelist,2022-04-30 18:30:00,1.0,1_product,Jinasena_MasterData_Stock.product_template_rewound_stator_svs200_1,list_price,fixed,4400.0,0.0,0.0,0.0,0.0,0.0,0.0
product_pricelist_item_id_16094,Jinasena_MasterData_Sales.product_pricelist_jam_general_pricelist,2022-04-30 18:30:00,1.0,1_product,Jinasena_MasterData_Stock.product_template_roto_master_hub_for_tyre_wheel,list_price,fixed,1750.0,0.0,0.0,0.0,0.0,0.0,0.0
product_pricelist_item_id_16093,Jinasena_MasterData_Sales.product_pricelist_jam_general_pricelist,2022-04-30 18:30:00,1.0,1_product,Jinasena_MasterData_Stock.product_template_clutch_cable_with_lever_comp,list_price,fixed,1690.0,0.0,0.0,0.0,0.0,0.0,0.0
product_pricelist_item_id_16092,Jinasena_MasterData_Sales.product_pricelist_jam_general_pricelist,2022-04-30 18:30:00,1.0,1_product,Jinasena_MasterData_Stock.product_template_lock_bolt_assy_for_plough_rod,list_price,fixed,300.0,0.0,0.0,0.0,0.0,0.0,0.0
product_pricelist_item_id_16091,Jinasena_MasterData_Sales.product_pricelist_jam_general_pricelist,2022-04-30 18:30:00,1.0,1_product,Jinasena_MasterData_Stock.product_template_belt_release_guide_assy_for_rmt4,list_price,fixed,180.0,0.0,0.0,0.0,0.0,0.0,0.0
product_pricelist_item_id_16090,Jinasena_MasterData_Sales.product_pricelist_jam_general_pricelist,2022-04-30 18:30:00,1.0,1_product,Jinasena_MasterData_Stock.product_template_pulley_guard_assy_r_master,list_price,fixed,360.0,0.0,0.0,0.0,0.0,0.0,0.0
product_pricelist_item_id_16089,Jinasena_MasterData_Sales.product_pricelist_jam_general_pricelist,2022-04-30 18:30:00,1.0,1_product,Jinasena_MasterData_Stock.product_template_tension_pulley_assy_for_rmt4,list_price,fixed,2040.0,0.0,0.0,0.0,0.0,0.0,0.0
product_pricelist_item_id_16088,Jinasena_MasterData_Sales.product_pricelist_jam_general_pricelist,2022-04-30 18:30:00,1.0,1_product,Jinasena_MasterData_Stock.product_template_hitch_pin_assy_rmt4,list_price,fixed,250.0,0.0,0.0,0.0,0.0,0.0,0.0
product_pricelist_item_id_16087,Jinasena_MasterData_Sales.product_pricelist_jam_general_pricelist,2022-04-30 18:30:00,1.0,1_product,Jinasena_MasterData_Stock.product_template_plough_rod_ajuster_bolt_assy,list_price,fixed,650.0,0.0,0.0,0.0,0.0,0.0,0.0
product_pricelist_item_id_16086,Jinasena_MasterData_Sales.product_pricelist_jam_general_pricelist,2022-04-30 18:30:00,1.0,1_product,Jinasena_MasterData_Stock.product_template_complete_roto_master_hitch_assy,list_price,fixed,930.0,0.0,0.0,0.0,0.0,0.0,0.0
product_pricelist_item_id_16085,Jinasena_MasterData_Sales.product_pricelist_jam_general_pricelist,2022-04-30 18:30:00,1.0,1_product,Jinasena_MasterData_Stock.product_template_reaper_hitch_box,list_price,fixed,2130.0,0.0,0.0,0.0,0.0,0.0,0.0
product_pricelist_item_id_16084,Jinasena_MasterData_Sales.product_pricelist_jam_general_pricelist,2022-04-30 18:30:00,1.0,1_product,Jinasena_MasterData_Stock.product_template_lifter,list_price,fixed,10.0,0.0,0.0,0.0,0.0,0.0,0.0
product_pricelist_item_id_16083,Jinasena_MasterData_Sales.product_pricelist_jam_general_pricelist,2022-04-30 18:30:00,1.0,1_product,Jinasena_MasterData_Stock.product_template_bracket_assy_for_jet6_tractor,list_price,fixed,10.0,0.0,0.0,0.0,0.0,0.0,0.0
product_pricelist_item_id_16082,Jinasena_MasterData_Sales.product_pricelist_jam_general_pricelist,2022-04-30 18:30:00,1.0,1_product,Jinasena_MasterData_Stock.product_template_supporting_arm_assy,list_price,fixed,370.0,0.0,0.0,0.0,0.0,0.0,0.0
product_pricelist_item_id_16081,Jinasena_MasterData_Sales.product_pricelist_jam_general_pricelist,2022-04-30 18:30:00,1.0,1_product,Jinasena_MasterData_Stock.product_template_main_bracket_tension_pulley_assy_reaper,list_price,fixed,710.0,0.0,0.0,0.0,0.0,0.0,0.0
product_pricelist_item_id_16080,Jinasena_MasterData_Sales.product_pricelist_jam_general_pricelist,2022-04-30 18:30:00,1.0,1_product,Jinasena_MasterData_Stock.product_template_main_bracket_t_pulley_assembly,list_price,fixed,1030.0,0.0,0.0,0.0,0.0,0.0,0.0
product_pricelist_item_id_16079,Jinasena_MasterData_Sales.product_pricelist_jam_general_pricelist,2022-04-30 18:30:00,1.0,1_product,Jinasena_MasterData_Stock.product_template_bracket_main_hitch_box,list_price,fixed,340.0,0.0,0.0,0.0,0.0,0.0,0.0
product_pricelist_item_id_16078,Jinasena_MasterData_Sales.product_pricelist_jam_general_pricelist,2022-04-30 18:30:00,1.0,1_product,Jinasena_MasterData_Stock.product_template_main_bracket_assy,list_price,fixed,150.0,0.0,0.0,0.0,0.0,0.0,0.0
product_pricelist_item_id_16077,Jinasena_MasterData_Sales.product_pricelist_jam_general_pricelist,2022-04-30 18:30:00,1.0,1_product,Jinasena_MasterData_Stock.product_template_bracket_clutch_handle,list_price,fixed,40.0,0.0,0.0,0.0,0.0,0.0,0.0
product_pricelist_item_id_16076,Jinasena_MasterData_Sales.product_pricelist_jam_general_pricelist,2022-04-30 18:30:00,1.0,1_product,Jinasena_MasterData_Stock.product_template_bracket_pull_rod_332765,list_price,fixed,10.0,0.0,0.0,0.0,0.0,0.0,0.0
product_pricelist_item_id_16075,Jinasena_MasterData_Sales.product_pricelist_jam_general_pricelist,2022-04-30 18:30:00,1.0,1_product,Jinasena_MasterData_Stock.product_template_handle_332764,list_price,fixed,40.0,0.0,0.0,0.0,0.0,0.0,0.0
product_pricelist_item_id_16074,Jinasena_MasterData_Sales.product_pricelist_jam_general_pricelist,2022-04-30 18:30:00,1.0,1_product,Jinasena_MasterData_Stock.product_template_clutch_lever_assy,list_price,fixed,60.0,0.0,0.0,0.0,0.0,0.0,0.0
product_pricelist_item_id_16073,Jinasena_MasterData_Sales.product_pricelist_jam_general_pricelist,2022-04-30 18:30:00,1.0,1_product,Jinasena_MasterData_Stock.product_template_bracket_clutch_t_pulley,list_price,fixed,280.0,0.0,0.0,0.0,0.0,0.0,0.0
product_pricelist_item_id_16072,Jinasena_MasterData_Sales.product_pricelist_jam_general_pricelist,2022-04-30 18:30:00,1.0,1_product,Jinasena_MasterData_Stock.product_template_clutch_tension_pulley_assy,list_price,fixed,630.0,0.0,0.0,0.0,0.0,0.0,0.0
product_pricelist_item_id_16071,Jinasena_MasterData_Sales.product_pricelist_jam_general_pricelist,2022-04-30 18:30:00,1.0,1_product,Jinasena_MasterData_Stock.product_template_clutch_assembly_for_kubota_kit,list_price,fixed,2960.0,0.0,0.0,0.0,0.0,0.0,0.0
product_pricelist_item_id_16070,Jinasena_MasterData_Sales.product_pricelist_jam_general_pricelist,2022-04-30 18:30:00,1.0,1_product,Jinasena_MasterData_Stock.product_template_shaft_assy,list_price,fixed,100.0,0.0,0.0,0.0,0.0,0.0,0.0
product_pricelist_item_id_16069,Jinasena_MasterData_Sales.product_pricelist_jam_general_pricelist,2022-04-30 18:30:00,1.0,1_product,Jinasena_MasterData_Stock.product_template_cover_lower,list_price,fixed,20.0,0.0,0.0,0.0,0.0,0.0,0.0
product_pricelist_item_id_16068,Jinasena_MasterData_Sales.product_pricelist_jam_general_pricelist,2022-04-30 18:30:00,1.0,1_product,Jinasena_MasterData_Stock.product_template_skid,list_price,fixed,400.0,0.0,0.0,0.0,0.0,0.0,0.0
product_pricelist_item_id_16067,Jinasena_MasterData_Sales.product_pricelist_jam_general_pricelist,2022-04-30 18:30:00,1.0,1_product,Jinasena_MasterData_Stock.product_template_tension_bolt_assy,list_price,fixed,110.0,0.0,0.0,0.0,0.0,0.0,0.0
product_pricelist_item_id_16066,Jinasena_MasterData_Sales.product_pricelist_jam_general_pricelist,2022-04-30 18:30:00,1.0,1_product,Jinasena_MasterData_Stock.product_template_shaft_driven_ass_conveyor,list_price,fixed,410.0,0.0,0.0,0.0,0.0,0.0,0.0
product_pricelist_item_id_16065,Jinasena_MasterData_Sales.product_pricelist_jam_general_pricelist,2022-04-30 18:30:00,1.0,1_product,Jinasena_MasterData_Stock.product_template_crank_main_shaft,list_price,fixed,1090.0,0.0,0.0,0.0,0.0,0.0,0.0
product_pricelist_item_id_16064,Jinasena_MasterData_Sales.product_pricelist_jam_general_pricelist,2022-04-30 18:30:00,1.0,1_product,Jinasena_MasterData_Stock.product_template_bush_knife_bar_assy,list_price,fixed,240.0,0.0,0.0,0.0,0.0,0.0,0.0
product_pricelist_item_id_16063,Jinasena_MasterData_Sales.product_pricelist_jam_general_pricelist,2022-04-30 18:30:00,1.0,1_product,Jinasena_MasterData_Stock.product_template_link_rod_assy,list_price,fixed,770.0,0.0,0.0,0.0,0.0,0.0,0.0
product_pricelist_item_id_16062,Jinasena_MasterData_Sales.product_pricelist_jam_general_pricelist,2022-04-30 18:30:00,1.0,1_product,Jinasena_MasterData_Stock.product_template_knife_bar_ass_with_knives,list_price,fixed,3330.0,0.0,0.0,0.0,0.0,0.0,0.0
product_pricelist_item_id_16061,Jinasena_MasterData_Sales.product_pricelist_jam_general_pricelist,2022-04-30 18:30:00,1.0,1_product,Jinasena_MasterData_Stock.product_template_divider_angle_bracket_assy_2,list_price,fixed,320.0,0.0,0.0,0.0,0.0,0.0,0.0
product_pricelist_item_id_16060,Jinasena_MasterData_Sales.product_pricelist_jam_general_pricelist,2022-04-30 18:30:00,1.0,1_product,Jinasena_MasterData_Stock.product_template_divider_angle_bracket_assy_1,list_price,fixed,160.0,0.0,0.0,0.0,0.0,0.0,0.0
product_pricelist_item_id_16059,Jinasena_MasterData_Sales.product_pricelist_jam_general_pricelist,2022-04-30 18:30:00,1.0,1_product,Jinasena_MasterData_Stock.product_template_main_frame_sub_assembly,list_price,fixed,880.0,0.0,0.0,0.0,0.0,0.0,0.0
product_pricelist_item_id_16058,Jinasena_MasterData_Sales.product_pricelist_jam_general_pricelist,2022-04-30 18:30:00,1.0,1_product,Jinasena_MasterData_Stock.product_template_left_divider_angle_assembly,list_price,fixed,560.0,0.0,0.0,0.0,0.0,0.0,0.0
product_pricelist_item_id_16057,Jinasena_MasterData_Sales.product_pricelist_jam_general_pricelist,2022-04-30 18:30:00,1.0,1_product,Jinasena_MasterData_Stock.product_template_drum_peper_thresher_with_out_axel,list_price,fixed,3390.0,0.0,0.0,0.0,0.0,0.0,0.0
product_pricelist_item_id_16056,Jinasena_MasterData_Sales.product_pricelist_jam_general_pricelist,2022-04-30 18:30:00,1.0,1_product,Jinasena_MasterData_Stock.product_template_seive_plate_for_multy_grinder,list_price,fixed,2300.0,0.0,0.0,0.0,0.0,0.0,0.0
product_pricelist_item_id_16055,Jinasena_MasterData_Sales.product_pricelist_jam_general_pricelist,2022-04-30 18:30:00,1.0,1_product,Jinasena_MasterData_Stock.product_template_drum_assembly_for_multy_grinder,list_price,fixed,13890.0,0.0,0.0,0.0,0.0,0.0,0.0
product_pricelist_item_id_16054,Jinasena_MasterData_Sales.product_pricelist_jam_general_pricelist,2022-04-30 18:30:00,1.0,1_product,Jinasena_MasterData_Stock.product_template_sleeve_plate_assy_for_food_grind,list_price,fixed,1980.0,0.0,0.0,0.0,0.0,0.0,0.0
product_pricelist_item_id_16053,Jinasena_MasterData_Sales.product_pricelist_jam_general_pricelist,2022-04-30 18:30:00,1.0,1_product,Jinasena_MasterData_Stock.product_template_capacitor_box_assembly,list_price,fixed,1030.0,0.0,0.0,0.0,0.0,0.0,0.0
product_pricelist_item_id_16052,Jinasena_MasterData_Sales.product_pricelist_jam_general_pricelist,2022-04-30 18:30:00,1.0,1_product,Jinasena_MasterData_Stock.product_template_starter_unit_complete_mmc75,list_price,fixed,3830.0,0.0,0.0,0.0,0.0,0.0,0.0
product_pricelist_item_id_16051,Jinasena_MasterData_Sales.product_pricelist_jam_general_pricelist,2022-04-30 18:30:00,1.0,1_product,Jinasena_MasterData_Stock.product_template_belt_pulley_guard_assy,list_price,fixed,750.0,0.0,0.0,0.0,0.0,0.0,0.0
product_pricelist_item_id_16050,Jinasena_MasterData_Sales.product_pricelist_jam_general_pricelist,2022-04-30 18:30:00,1.0,1_product,Jinasena_MasterData_Stock.product_template_side_hopper_assy_jmc6,list_price,fixed,2100.0,0.0,0.0,0.0,0.0,0.0,0.0
product_pricelist_item_id_16049,Jinasena_MasterData_Sales.product_pricelist_jam_general_pricelist,2022-04-30 18:30:00,1.0,1_product,Jinasena_MasterData_Stock.product_template_top_hopper_assy_jmc6,list_price,fixed,3120.0,0.0,0.0,0.0,0.0,0.0,0.0
product_pricelist_item_id_16048,Jinasena_MasterData_Sales.product_pricelist_jam_general_pricelist,2022-04-30 18:30:00,1.0,1_product,Jinasena_MasterData_Stock.product_template_grain_crushing_attachment_jmc6,list_price,fixed,2760.0,0.0,0.0,0.0,0.0,0.0,0.0
product_pricelist_item_id_16047,Jinasena_MasterData_Sales.product_pricelist_jam_general_pricelist,2022-04-30 18:30:00,1.0,1_product,Jinasena_MasterData_Stock.product_template_sieve_plate_assembly_19_mm,list_price,fixed,1810.0,0.0,0.0,0.0,0.0,0.0,0.0
product_pricelist_item_id_16046,Jinasena_MasterData_Sales.product_pricelist_jam_general_pricelist,2023-02-14 18:30:00,1.0,1_product,Jinasena_MasterData_Stock.product_template_sieve_plate_assemly_10_mm,list_price,fixed,1810.0,0.0,0.0,0.0,0.0,0.0,0.0
product_pricelist_item_id_16045,Jinasena_MasterData_Sales.product_pricelist_jam_general_pricelist,2023-02-14 18:30:00,1.0,1_product,Jinasena_MasterData_Stock.product_template_sieve_plate_assembly_8_mm,list_price,fixed,1810.0,0.0,0.0,0.0,0.0,0.0,0.0
product_pricelist_item_id_16044,Jinasena_MasterData_Sales.product_pricelist_jam_general_pricelist,2022-04-30 18:30:00,1.0,1_product,Jinasena_MasterData_Stock.product_template_concave_sieve_set_assy,list_price,fixed,1620.0,0.0,0.0,0.0,0.0,0.0,0.0
product_pricelist_item_id_16043,Jinasena_MasterData_Sales.product_pricelist_jam_general_pricelist,2023-10-26 18:30:00,1.0,1_product,Jinasena_MasterData_Stock.product_template_rubber_guard_assy,list_price,fixed,4500.0,0.0,0.0,0.0,0.0,0.0,0.0
product_pricelist_item_id_16042,Jinasena_MasterData_Sales.product_pricelist_jam_general_pricelist,2022-04-30 18:30:00,1.0,1_product,Jinasena_MasterData_Stock.product_template_pins_spacer_assy_with_blade,list_price,fixed,20050.0,0.0,0.0,0.0,0.0,0.0,0.0
product_pricelist_item_id_16041,Jinasena_MasterData_Sales.product_pricelist_jam_general_pricelist,2022-04-30 18:30:00,1.0,1_product,Jinasena_MasterData_Stock.product_template_pin_spacer_set_assy,list_price,fixed,8500.0,0.0,0.0,0.0,0.0,0.0,0.0
product_pricelist_item_id_16040,Jinasena_MasterData_Sales.product_pricelist_jam_general_pricelist,2022-04-30 18:30:00,1.0,1_product,Jinasena_MasterData_Stock.product_template_chopping_drum_for_bajmc_6_fixed_blade_no,list_price,fixed,27900.0,0.0,0.0,0.0,0.0,0.0,0.0
product_pricelist_item_id_16039,Jinasena_MasterData_Sales.product_pricelist_jam_general_pricelist,2022-04-30 18:30:00,1.0,1_product,Jinasena_MasterData_Stock.product_template_stand_assembly_for_jmc6,list_price,fixed,10.0,0.0,0.0,0.0,0.0,0.0,0.0
product_pricelist_item_id_16038,Jinasena_MasterData_Sales.product_pricelist_jam_general_pricelist,2022-04-30 18:30:00,1.0,1_product,Jinasena_MasterData_Stock.product_template_sieve_plate_assy_for_jmc16_hp,list_price,fixed,5260.0,0.0,0.0,0.0,0.0,0.0,0.0
product_pricelist_item_id_16037,Jinasena_MasterData_Sales.product_pricelist_jam_general_pricelist,2022-04-30 18:30:00,1.0,1_product,Jinasena_MasterData_Stock.product_template_fixed_blade_for_jmc15_16,list_price,fixed,1130.0,0.0,0.0,0.0,0.0,0.0,0.0
product_pricelist_item_id_16036,Jinasena_MasterData_Sales.product_pricelist_jam_general_pricelist,2024-08-13 18:30:00,1.0,1_product,Jinasena_MasterData_Stock.product_template_fixed_blade_for_js35t_336140,list_price,fixed,2700.0,0.0,0.0,0.0,0.0,0.0,0.0
product_pricelist_item_id_16035,Jinasena_MasterData_Sales.product_pricelist_jam_general_pricelist,2022-04-30 18:30:00,1.0,1_product,Jinasena_MasterData_Stock.product_template_pin_spacer_set_w_fix_blade_new,list_price,fixed,19180.0,0.0,0.0,0.0,0.0,0.0,0.0
product_pricelist_item_id_16034,Jinasena_MasterData_Sales.product_pricelist_jam_general_pricelist,2022-04-30 18:30:00,1.0,1_product,Jinasena_MasterData_Stock.product_template_pin_spacer_set_w_hang_blade_old,list_price,fixed,6900.0,0.0,0.0,0.0,0.0,0.0,0.0
product_pricelist_item_id_16033,Jinasena_MasterData_Sales.product_pricelist_jam_general_pricelist,2023-11-01 18:30:00,1.0,1_product,Jinasena_MasterData_Stock.product_template_three_wheel_tyre_assembly_for_bc_gt8,list_price,fixed,33600.0,0.0,0.0,0.0,0.0,0.0,0.0
product_pricelist_item_id_16032,Jinasena_MasterData_Sales.product_pricelist_jam_general_pricelist,2022-04-30 18:30:00,1.0,1_product,Jinasena_MasterData_Stock.product_template_tie_bar_assy,list_price,fixed,2100.0,0.0,0.0,0.0,0.0,0.0,0.0
product_pricelist_item_id_16031,Jinasena_MasterData_Sales.product_pricelist_jam_general_pricelist,2022-04-30 18:30:00,1.0,1_product,Jinasena_MasterData_Stock.product_template_bush_cutter_rollar_unit_assembly,list_price,fixed,9550.0,0.0,0.0,0.0,0.0,0.0,0.0
product_pricelist_item_id_16030,Jinasena_MasterData_Sales.product_pricelist_jam_general_pricelist,2022-04-30 18:30:00,1.0,1_product,Jinasena_MasterData_Stock.product_template_bush_cutter_blade_adupter_assy,list_price,fixed,4580.0,0.0,0.0,0.0,0.0,0.0,0.0
product_pricelist_item_id_16029,Jinasena_MasterData_Sales.product_pricelist_jam_general_pricelist,2022-04-30 18:30:00,1.0,1_product,Jinasena_MasterData_Stock.product_template_brake_unit_assembly_for_jet5,list_price,fixed,6520.0,0.0,0.0,0.0,0.0,0.0,0.0
product_pricelist_item_id_16028,Jinasena_MasterData_Sales.product_pricelist_jam_general_pricelist,2022-04-30 18:30:00,1.0,1_product,Jinasena_MasterData_Stock.product_template_riding_seat_ground_wheel_assy,list_price,fixed,32230.0,0.0,0.0,0.0,0.0,0.0,0.0
product_pricelist_item_id_16027,Jinasena_MasterData_Sales.product_pricelist_jam_general_pricelist,2022-04-30 18:30:00,1.0,1_product,Jinasena_MasterData_Stock.product_template_clutch_handle_assy,list_price,fixed,10.0,0.0,0.0,0.0,0.0,0.0,0.0
product_pricelist_item_id_16026,Jinasena_MasterData_Sales.product_pricelist_jam_general_pricelist,2022-04-30 18:30:00,1.0,1_product,Jinasena_MasterData_Stock.product_template_cluch_handle_fix_plate_assy,list_price,fixed,760.0,0.0,0.0,0.0,0.0,0.0,0.0
product_pricelist_item_id_16025,Jinasena_MasterData_Sales.product_pricelist_jam_general_pricelist,2022-04-30 18:30:00,1.0,1_product,Jinasena_MasterData_Stock.product_template_clutch_bar_assy,list_price,fixed,10.0,0.0,0.0,0.0,0.0,0.0,0.0
product_pricelist_item_id_16024,Jinasena_MasterData_Sales.product_pricelist_jam_general_pricelist,2022-04-30 18:30:00,1.0,1_product,Jinasena_MasterData_Stock.product_template_ajusting_pipe_assy_jet5_b_c,list_price,fixed,10.0,0.0,0.0,0.0,0.0,0.0,0.0
product_pricelist_item_id_16023,Jinasena_MasterData_Sales.product_pricelist_jam_general_pricelist,2022-04-30 18:30:00,1.0,1_product,Jinasena_MasterData_Stock.product_template_shield_height_ajuster_chain_assy,list_price,fixed,310.0,0.0,0.0,0.0,0.0,0.0,0.0
product_pricelist_item_id_16022,Jinasena_MasterData_Sales.product_pricelist_jam_general_pricelist,2022-04-30 18:30:00,1.0,1_product,Jinasena_MasterData_Stock.product_template_caster_wheel_bracket_assy,list_price,fixed,10.0,0.0,0.0,0.0,0.0,0.0,0.0
product_pricelist_item_id_16021,Jinasena_MasterData_Sales.product_pricelist_jam_general_pricelist,2022-04-30 18:30:00,1.0,1_product,Jinasena_MasterData_Stock.product_template_swing_arm_assy_jet5_b_c,list_price,fixed,1790.0,0.0,0.0,0.0,0.0,0.0,0.0
product_pricelist_item_id_16020,Jinasena_MasterData_Sales.product_pricelist_jam_general_pricelist,2022-04-30 18:30:00,1.0,1_product,Jinasena_MasterData_Stock.product_template_castor_wheel,list_price,fixed,2370.0,0.0,0.0,0.0,0.0,0.0,0.0
product_pricelist_item_id_16019,Jinasena_MasterData_Sales.product_pricelist_jam_general_pricelist,2022-04-30 18:30:00,1.0,1_product,Jinasena_MasterData_Stock.product_template_axel_assembly_332695,list_price,fixed,10.0,0.0,0.0,0.0,0.0,0.0,0.0
product_pricelist_item_id_16018,Jinasena_MasterData_Sales.product_pricelist_jam_general_pricelist,2022-04-30 18:30:00,1.0,1_product,Jinasena_MasterData_Stock.product_template_sprocket_wheel_assy_32t_11t,list_price,fixed,1590.0,0.0,0.0,0.0,0.0,0.0,0.0
product_pricelist_item_id_16017,Jinasena_MasterData_Sales.product_pricelist_jam_general_pricelist,2022-04-30 18:30:00,1.0,1_product,Jinasena_MasterData_Stock.product_template_spindle_housing_unit,list_price,fixed,4350.0,0.0,0.0,0.0,0.0,0.0,0.0
product_pricelist_item_id_16016,Jinasena_MasterData_Sales.product_pricelist_jam_general_pricelist,2022-04-30 18:30:00,1.0,1_product,Jinasena_MasterData_Stock.product_template_blade_shield_assy_complete_for_jet5_bush,list_price,fixed,5720.0,0.0,0.0,0.0,0.0,0.0,0.0
product_pricelist_item_id_16015,Jinasena_MasterData_Sales.product_pricelist_jam_general_pricelist,2022-04-30 18:30:00,1.0,1_product,Jinasena_MasterData_Stock.product_template_top_tension_pulley_guard_assy,list_price,fixed,1210.0,0.0,0.0,0.0,0.0,0.0,0.0
product_pricelist_item_id_16014,Jinasena_MasterData_Sales.product_pricelist_jam_general_pricelist,2022-04-30 18:30:00,1.0,1_product,Jinasena_MasterData_Stock.product_template_pannel_mounting_plate_for_yanmar,list_price,fixed,170.0,0.0,0.0,0.0,0.0,0.0,0.0
product_pricelist_item_id_16013,Jinasena_MasterData_Sales.product_pricelist_jam_general_pricelist,2022-04-30 18:30:00,1.0,1_product,Jinasena_MasterData_Stock.product_template_fan_shaft_th1_t,list_price,fixed,1160.0,0.0,0.0,0.0,0.0,0.0,0.0
product_pricelist_item_id_16012,Jinasena_MasterData_Sales.product_pricelist_jam_general_pricelist,2022-04-30 18:30:00,1.0,1_product,Jinasena_MasterData_Stock.product_template_pad_holder_large,list_price,fixed,410.0,0.0,0.0,0.0,0.0,0.0,0.0
product_pricelist_item_id_16011,Jinasena_MasterData_Sales.product_pricelist_jam_general_pricelist,2022-04-30 18:30:00,1.0,1_product,Jinasena_MasterData_Stock.product_template_fan_mount_colomn,list_price,fixed,1980.0,0.0,0.0,0.0,0.0,0.0,0.0
product_pricelist_item_id_16010,Jinasena_MasterData_Sales.product_pricelist_jam_general_pricelist,2022-04-30 18:30:00,1.0,1_product,Jinasena_MasterData_Stock.product_template_siever_plate_19mm,list_price,fixed,990.0,0.0,0.0,0.0,0.0,0.0,0.0
product_pricelist_item_id_16009,Jinasena_MasterData_Sales.product_pricelist_jam_general_pricelist,2022-04-30 18:30:00,1.0,1_product,Jinasena_MasterData_Stock.product_template_blade_hanging_pin,list_price,fixed,220.0,0.0,0.0,0.0,0.0,0.0,0.0
product_pricelist_item_id_16008,Jinasena_MasterData_Sales.product_pricelist_jam_general_pricelist,2022-04-30 18:30:00,1.0,1_product,Jinasena_MasterData_Stock.product_template_blade_spacer_b,list_price,fixed,30.0,0.0,0.0,0.0,0.0,0.0,0.0
product_pricelist_item_id_16007,Jinasena_MasterData_Sales.product_pricelist_jam_general_pricelist,2022-04-30 18:30:00,1.0,1_product,Jinasena_MasterData_Stock.product_template_blade_spacer_a,list_price,fixed,40.0,0.0,0.0,0.0,0.0,0.0,0.0
product_pricelist_item_id_16006,Jinasena_MasterData_Sales.product_pricelist_jam_general_pricelist,2024-02-13 18:30:00,1.0,1_product,Jinasena_MasterData_Stock.product_template_drum_shaft_332023,list_price,fixed,0.0,0.0,0.0,0.0,0.0,0.0,0.0
product_pricelist_item_id_16005,Jinasena_MasterData_Sales.product_pricelist_jam_general_pricelist,2023-12-20 18:30:00,1.0,1_product,Jinasena_MasterData_Stock.product_template_sieve_plate_331996,list_price,fixed,1500.0,0.0,0.0,0.0,0.0,0.0,0.0
product_pricelist_item_id_16004,Jinasena_MasterData_Sales.product_pricelist_jam_general_pricelist,2022-04-30 18:30:00,1.0,1_product,Jinasena_MasterData_Stock.product_template_stay_leg_m604,list_price,fixed,4670.0,0.0,0.0,0.0,0.0,0.0,0.0
product_pricelist_item_id_16003,Jinasena_MasterData_Sales.product_pricelist_jam_general_pricelist,2022-04-30 18:30:00,1.0,1_product,Jinasena_MasterData_Stock.product_template_stay_leg_m500,list_price,fixed,2050.0,0.0,0.0,0.0,0.0,0.0,0.0
product_pricelist_item_id_16002,Jinasena_MasterData_Sales.product_pricelist_jam_general_pricelist,2022-04-30 18:30:00,1.0,1_product,Jinasena_MasterData_Stock.product_template_stay_geg_h_600,list_price,fixed,2870.0,0.0,0.0,0.0,0.0,0.0,0.0
product_pricelist_item_id_16001,Jinasena_MasterData_Sales.product_pricelist_jam_general_pricelist,2022-04-30 18:30:00,1.0,1_product,Jinasena_MasterData_Stock.product_template_stay_geg_h500,list_price,fixed,2380.0,0.0,0.0,0.0,0.0,0.0,0.0
product_pricelist_item_id_16000,Jinasena_MasterData_Sales.product_pricelist_jam_general_pricelist,2024-07-30 18:30:00,1.0,1_product,Jinasena_MasterData_Stock.product_template_cutter_blade,list_price,fixed,2000.0,0.0,0.0,0.0,0.0,0.0,0.0
product_pricelist_item_id_15999,Jinasena_MasterData_Sales.product_pricelist_jam_general_pricelist,2022-04-30 18:30:00,1.0,1_product,Jinasena_MasterData_Stock.product_template_fixed_blade_331810,list_price,fixed,900.0,0.0,0.0,0.0,0.0,0.0,0.0
product_pricelist_item_id_15998,Jinasena_MasterData_Sales.product_pricelist_jam_general_pricelist,2022-12-14 18:30:00,1.0,1_product,Jinasena_MasterData_Stock.product_template_s_s_blade_mg150_3,list_price,fixed,2130.0,0.0,0.0,0.0,0.0,0.0,0.0
product_pricelist_item_id_15997,Jinasena_MasterData_Sales.product_pricelist_jam_general_pricelist,2022-12-14 18:30:00,1.0,1_product,Jinasena_MasterData_Stock.product_template_rubber_beading_for_m_grinder_mg1,list_price,fixed,965.0,0.0,0.0,0.0,0.0,0.0,0.0
product_pricelist_item_id_15996,Jinasena_MasterData_Sales.product_pricelist_jam_general_pricelist,2022-04-30 18:30:00,1.0,1_product,Jinasena_MasterData_Stock.product_template_blade_liner,list_price,fixed,140.0,0.0,0.0,0.0,0.0,0.0,0.0
product_pricelist_item_id_15995,Jinasena_MasterData_Sales.product_pricelist_jam_general_pricelist,2022-12-14 18:30:00,1.0,1_product,Jinasena_MasterData_Stock.product_template_ss_blade_for_mg75,list_price,fixed,2130.0,0.0,0.0,0.0,0.0,0.0,0.0
product_pricelist_item_id_15994,Jinasena_MasterData_Sales.product_pricelist_jam_general_pricelist,2022-12-14 18:30:00,1.0,1_product,Jinasena_MasterData_Stock.product_template_rubber_beading_for_multi_grinder,list_price,fixed,965.0,0.0,0.0,0.0,0.0,0.0,0.0
product_pricelist_item_id_15993,Jinasena_MasterData_Sales.product_pricelist_jam_general_pricelist,2022-04-30 18:30:00,1.0,1_product,Jinasena_MasterData_Stock.product_template_blade_liner_330890,list_price,fixed,40.0,0.0,0.0,0.0,0.0,0.0,0.0
product_pricelist_item_id_15992,Jinasena_MasterData_Sales.product_pricelist_jam_general_pricelist,2022-04-30 18:30:00,1.0,1_product,Jinasena_MasterData_Stock.product_template_angle_blade_mini_multi_chop_330785,list_price,fixed,1330.0,0.0,0.0,0.0,0.0,0.0,0.0
product_pricelist_item_id_15991,Jinasena_MasterData_Sales.product_pricelist_jam_general_pricelist,2022-04-30 18:30:00,1.0,1_product,Jinasena_MasterData_Stock.product_template_straight_blade_mini_multi_chop_330783,list_price,fixed,1320.0,0.0,0.0,0.0,0.0,0.0,0.0
product_pricelist_item_id_15990,Jinasena_MasterData_Sales.product_pricelist_jam_general_pricelist,2022-04-30 18:30:00,1.0,1_product,Jinasena_MasterData_Stock.product_template_drum_shaft_jmc6,list_price,fixed,1820.0,0.0,0.0,0.0,0.0,0.0,0.0
product_pricelist_item_id_15989,Jinasena_MasterData_Sales.product_pricelist_jam_general_pricelist,2022-04-30 18:30:00,1.0,1_product,Jinasena_MasterData_Stock.product_template_blade_spacer_bush_2,list_price,fixed,50.0,0.0,0.0,0.0,0.0,0.0,0.0
product_pricelist_item_id_15988,Jinasena_MasterData_Sales.product_pricelist_jam_general_pricelist,2022-04-30 18:30:00,1.0,1_product,Jinasena_MasterData_Stock.product_template_blade_spacer_bush_1,list_price,fixed,90.0,0.0,0.0,0.0,0.0,0.0,0.0
product_pricelist_item_id_15987,Jinasena_MasterData_Sales.product_pricelist_jam_general_pricelist,2022-04-30 18:30:00,1.0,1_product,Jinasena_MasterData_Stock.product_template_blade_hanging_pin_1_2,list_price,fixed,300.0,0.0,0.0,0.0,0.0,0.0,0.0
product_pricelist_item_id_15986,Jinasena_MasterData_Sales.product_pricelist_jam_general_pricelist,2022-04-30 18:30:00,1.0,1_product,Jinasena_MasterData_Stock.product_template_hanging_blade,list_price,fixed,940.0,0.0,0.0,0.0,0.0,0.0,0.0
product_pricelist_item_id_15985,Jinasena_MasterData_Sales.product_pricelist_jam_general_pricelist,2022-05-17 18:30:00,1.0,1_product,Jinasena_MasterData_Stock.product_template_blade_hanging_pin_3,list_price,fixed,815.0,0.0,0.0,0.0,0.0,0.0,0.0
product_pricelist_item_id_15984,Jinasena_MasterData_Sales.product_pricelist_jam_general_pricelist,2022-05-04 18:30:00,1.0,1_product,Jinasena_MasterData_Stock.product_template_spacer_2,list_price,fixed,80.0,0.0,0.0,0.0,0.0,0.0,0.0
product_pricelist_item_id_15983,Jinasena_MasterData_Sales.product_pricelist_jam_general_pricelist,2022-04-30 18:30:00,1.0,1_product,Jinasena_MasterData_Stock.product_template_drum_pulley_shaft_key,list_price,fixed,200.0,0.0,0.0,0.0,0.0,0.0,0.0
product_pricelist_item_id_15982,Jinasena_MasterData_Sales.product_pricelist_jam_general_pricelist,2022-04-30 18:30:00,1.0,1_product,Jinasena_MasterData_Stock.product_template_fixed_blade_complete_for_jsh16_15,list_price,fixed,2480.0,0.0,0.0,0.0,0.0,0.0,0.0
product_pricelist_item_id_15981,Jinasena_MasterData_Sales.product_pricelist_jam_general_pricelist,2022-12-28 18:30:00,1.0,1_product,Jinasena_MasterData_Stock.product_template_fixed_blade_for_jsh16hp,list_price,fixed,2280.0,0.0,0.0,0.0,0.0,0.0,0.0
product_pricelist_item_id_15980,Jinasena_MasterData_Sales.product_pricelist_jam_general_pricelist,2022-04-30 18:30:00,1.0,1_product,Jinasena_MasterData_Stock.product_template_coupling_cover_j300_tnv,list_price,fixed,2390.0,0.0,0.0,0.0,0.0,0.0,0.0
product_pricelist_item_id_15979,Jinasena_MasterData_Sales.product_pricelist_jam_general_pricelist,2022-04-30 18:30:00,1.0,1_product,Jinasena_MasterData_Stock.product_template_coupling_cover_for_ddm404_10_15,list_price,fixed,2140.0,0.0,0.0,0.0,0.0,0.0,0.0
product_pricelist_item_id_15978,Jinasena_MasterData_Sales.product_pricelist_jam_general_pricelist,2022-04-30 18:30:00,1.0,1_product,Jinasena_MasterData_Stock.product_template_coupling_guard_for_ddj300_40,list_price,fixed,2630.0,0.0,0.0,0.0,0.0,0.0,0.0
product_pricelist_item_id_15977,Jinasena_MasterData_Sales.product_pricelist_jam_general_pricelist,2022-04-30 18:30:00,1.0,1_product,Jinasena_MasterData_Stock.product_template_coupling_guard_for_ddh500_100,list_price,fixed,3070.0,0.0,0.0,0.0,0.0,0.0,0.0
product_pricelist_item_id_15976,Jinasena_MasterData_Sales.product_pricelist_jam_general_pricelist,2022-10-11 18:30:00,1.0,1_product,Jinasena_MasterData_Stock.product_template_coupling_cover_type_1_2_3_4,list_price,fixed,3280.0,0.0,0.0,0.0,0.0,0.0,0.0
product_pricelist_item_id_15975,Jinasena_MasterData_Sales.product_pricelist_jam_general_pricelist,2022-06-27 18:30:00,1.0,1_product,Jinasena_MasterData_Stock.product_template_2_5_x2000_nylon_wire_330146,list_price,fixed,635.0,0.0,0.0,0.0,0.0,0.0,0.0
product_pricelist_item_id_15974,Jinasena_MasterData_Sales.product_pricelist_jam_general_pricelist,2022-04-30 18:30:00,1.0,1_product,Jinasena_MasterData_Stock.product_template_axel_nut,list_price,fixed,1570.0,0.0,0.0,0.0,0.0,0.0,0.0
product_pricelist_item_id_15973,Jinasena_MasterData_Sales.product_pricelist_jam_general_pricelist,2022-04-30 18:30:00,1.0,1_product,Jinasena_MasterData_Stock.product_template_spindle_shaft,list_price,fixed,2460.0,0.0,0.0,0.0,0.0,0.0,0.0
product_pricelist_item_id_15972,Jinasena_MasterData_Sales.product_pricelist_jam_general_pricelist,2022-12-18 18:30:00,1.0,1_product,Jinasena_MasterData_Stock.product_template_tie_bar,list_price,fixed,1090.0,0.0,0.0,0.0,0.0,0.0,0.0
product_pricelist_item_id_15971,Jinasena_MasterData_Sales.product_pricelist_jam_general_pricelist,2022-04-30 18:30:00,1.0,1_product,Jinasena_MasterData_Stock.product_template_clutch_bar,list_price,fixed,180.0,0.0,0.0,0.0,0.0,0.0,0.0
product_pricelist_item_id_15970,Jinasena_MasterData_Sales.product_pricelist_jam_general_pricelist,2023-02-08 18:30:00,1.0,1_product,Jinasena_MasterData_Stock.product_template_rubber_protective_pad_bc_jet5,list_price,fixed,1530.0,0.0,0.0,0.0,0.0,0.0,0.0
product_pricelist_item_id_15969,Jinasena_MasterData_Sales.product_pricelist_jam_general_pricelist,2023-06-14 18:30:00,1.0,1_product,Jinasena_MasterData_Stock.product_template_sq_key_329911,list_price,fixed,30.0,0.0,0.0,0.0,0.0,0.0,0.0
product_pricelist_item_id_15968,Jinasena_MasterData_Sales.product_pricelist_jam_general_pricelist,2022-04-30 18:30:00,1.0,1_product,Jinasena_MasterData_Stock.product_template_key_spindle_shaft,list_price,fixed,130.0,0.0,0.0,0.0,0.0,0.0,0.0
product_pricelist_item_id_15967,Jinasena_MasterData_Sales.product_pricelist_jam_general_pricelist,2022-04-30 18:30:00,1.0,1_product,Jinasena_MasterData_Stock.product_template_cutter_blade_jbc24_grass_angle,list_price,fixed,2200.0,0.0,0.0,0.0,0.0,0.0,0.0
product_pricelist_item_id_15966,Jinasena_MasterData_Sales.product_pricelist_jam_general_pricelist,2023-06-14 18:30:00,1.0,1_product,Jinasena_MasterData_Stock.product_template_cutter_blade_jbc24_bush_flat,list_price,fixed,5280.0,0.0,0.0,0.0,0.0,0.0,0.0
product_pricelist_item_id_15965,Jinasena_MasterData_Sales.product_pricelist_jam_general_pricelist,2022-04-30 18:30:00,1.0,1_product,Jinasena_MasterData_Stock.product_template_cutter_blade_for_ground_master,list_price,fixed,2000.0,0.0,0.0,0.0,0.0,0.0,0.0
product_pricelist_item_id_15964,Jinasena_MasterData_Sales.product_pricelist_jam_general_pricelist,2022-04-30 18:30:00,1.0,1_product,Jinasena_MasterData_Stock.product_template_radiator_bracket_kit_4tnv88t,list_price,fixed,96930.0,0.0,0.0,0.0,0.0,0.0,0.0
product_pricelist_item_id_15963,Jinasena_MasterData_Sales.product_pricelist_jam_general_pricelist,2022-04-30 18:30:00,1.0,1_product,Jinasena_MasterData_Stock.product_template_radiater_bracket_kit_4tnv84t,list_price,fixed,94250.0,0.0,0.0,0.0,0.0,0.0,0.0
product_pricelist_item_id_15962,Jinasena_MasterData_Sales.product_pricelist_jam_general_pricelist,2022-04-30 18:30:00,1.0,1_product,Jinasena_MasterData_Stock.product_template_radiator_bracket_4tnv_82_76_70,list_price,fixed,34810.0,0.0,0.0,0.0,0.0,0.0,0.0
product_pricelist_item_id_15961,Jinasena_MasterData_Sales.product_pricelist_jam_general_pricelist,2022-04-30 18:30:00,1.0,1_product,Jinasena_MasterData_Stock.product_template_wet_field_harrow_12_peg,list_price,fixed,6390.0,0.0,0.0,0.0,0.0,0.0,0.0
product_pricelist_item_id_15960,Jinasena_MasterData_Sales.product_pricelist_jam_general_pricelist,2022-04-30 18:30:00,1.0,1_product,Jinasena_MasterData_Stock.product_template_extension_assy_trailer_12hp,list_price,fixed,10.0,0.0,0.0,0.0,0.0,0.0,0.0
product_pricelist_item_id_15959,Jinasena_MasterData_Sales.product_pricelist_jam_general_pricelist,2022-04-30 18:30:00,1.0,1_product,Jinasena_MasterData_Stock.product_template_hydraulic_brake_assy_12_8hp_tra,list_price,fixed,10.0,0.0,0.0,0.0,0.0,0.0,0.0
product_pricelist_item_id_15958,Jinasena_MasterData_Sales.product_pricelist_jam_general_pricelist,2022-04-30 18:30:00,1.0,1_product,Jinasena_MasterData_Stock.product_template_fan_guard_th7_ta_tk,list_price,fixed,90.0,0.0,0.0,0.0,0.0,0.0,0.0
product_pricelist_item_id_15957,Jinasena_MasterData_Sales.product_pricelist_jam_general_pricelist,2022-04-30 18:30:00,1.0,1_product,Jinasena_MasterData_Stock.product_template_tractor_bracket_th1t_th7t,list_price,fixed,5070.0,0.0,0.0,0.0,0.0,0.0,0.0
product_pricelist_item_id_15956,Jinasena_MasterData_Sales.product_pricelist_jam_general_pricelist,2022-04-30 18:30:00,1.0,1_product,Jinasena_MasterData_Stock.product_template_cover_th7,list_price,fixed,1870.0,0.0,0.0,0.0,0.0,0.0,0.0
product_pricelist_item_id_15955,Jinasena_MasterData_Sales.product_pricelist_jam_general_pricelist,2022-04-30 18:30:00,1.0,1_product,Jinasena_MasterData_Stock.product_template_concave_th7,list_price,fixed,1250.0,0.0,0.0,0.0,0.0,0.0,0.0
product_pricelist_item_id_15954,Jinasena_MasterData_Sales.product_pricelist_jam_general_pricelist,2022-04-30 18:30:00,1.0,1_product,Jinasena_MasterData_Stock.product_template_final_assy_comp_ent,list_price,fixed,40.0,0.0,0.0,0.0,0.0,0.0,0.0
product_pricelist_item_id_15953,Jinasena_MasterData_Sales.product_pricelist_jam_general_pricelist,2022-04-30 18:30:00,1.0,1_product,Jinasena_MasterData_Stock.product_template_fan_guard_th6_tk,list_price,fixed,90.0,0.0,0.0,0.0,0.0,0.0,0.0
product_pricelist_item_id_15952,Jinasena_MasterData_Sales.product_pricelist_jam_general_pricelist,2022-04-30 18:30:00,1.0,1_product,Jinasena_MasterData_Stock.product_template_fan_mounting_column_th6_tk,list_price,fixed,200.0,0.0,0.0,0.0,0.0,0.0,0.0
product_pricelist_item_id_15951,Jinasena_MasterData_Sales.product_pricelist_jam_general_pricelist,2022-04-30 18:30:00,1.0,1_product,Jinasena_MasterData_Stock.product_template_engine_guard_th6_28,list_price,fixed,290.0,0.0,0.0,0.0,0.0,0.0,0.0
product_pricelist_item_id_15950,Jinasena_MasterData_Sales.product_pricelist_jam_general_pricelist,2022-04-30 18:30:00,1.0,1_product,Jinasena_MasterData_Stock.product_template_engine_frame_clamp_pair_th6_28,list_price,fixed,400.0,0.0,0.0,0.0,0.0,0.0,0.0
product_pricelist_item_id_15949,Jinasena_MasterData_Sales.product_pricelist_jam_general_pricelist,2022-04-30 18:30:00,1.0,1_product,Jinasena_MasterData_Stock.product_template_engine_frame_th6_28,list_price,fixed,730.0,0.0,0.0,0.0,0.0,0.0,0.0
product_pricelist_item_id_15948,Jinasena_MasterData_Sales.product_pricelist_jam_general_pricelist,2022-04-30 18:30:00,1.0,1_product,Jinasena_MasterData_Stock.product_template_tractor_bracket_th6_tk,list_price,fixed,330.0,0.0,0.0,0.0,0.0,0.0,0.0
product_pricelist_item_id_15947,Jinasena_MasterData_Sales.product_pricelist_jam_general_pricelist,2022-04-30 18:30:00,1.0,1_product,Jinasena_MasterData_Stock.product_template_drum_assembly_th6,list_price,fixed,5190.0,0.0,0.0,0.0,0.0,0.0,0.0
product_pricelist_item_id_15946,Jinasena_MasterData_Sales.product_pricelist_jam_general_pricelist,2022-04-30 18:30:00,1.0,1_product,Jinasena_MasterData_Stock.product_template_tray_th6,list_price,fixed,1370.0,0.0,0.0,0.0,0.0,0.0,0.0
product_pricelist_item_id_15945,Jinasena_MasterData_Sales.product_pricelist_jam_general_pricelist,2022-04-30 18:30:00,1.0,1_product,Jinasena_MasterData_Stock.product_template_cover_th6,list_price,fixed,1740.0,0.0,0.0,0.0,0.0,0.0,0.0
product_pricelist_item_id_15944,Jinasena_MasterData_Sales.product_pricelist_jam_general_pricelist,2022-04-30 18:30:00,1.0,1_product,Jinasena_MasterData_Stock.product_template_concave_th6,list_price,fixed,8250.0,0.0,0.0,0.0,0.0,0.0,0.0
product_pricelist_item_id_15943,Jinasena_MasterData_Sales.product_pricelist_jam_general_pricelist,2022-04-30 18:30:00,1.0,1_product,Jinasena_MasterData_Stock.product_template_frame_th6,list_price,fixed,3560.0,0.0,0.0,0.0,0.0,0.0,0.0
product_pricelist_item_id_15942,Jinasena_MasterData_Sales.product_pricelist_jam_general_pricelist,2022-04-30 18:30:00,1.0,1_product,Jinasena_MasterData_Stock.product_template_tractor_bracket_assembly_th3_t,list_price,fixed,10.0,0.0,0.0,0.0,0.0,0.0,0.0
product_pricelist_item_id_15941,Jinasena_MasterData_Sales.product_pricelist_jam_general_pricelist,2022-04-30 18:30:00,1.0,1_product,Jinasena_MasterData_Stock.product_template_drum_assembly_th3_t,list_price,fixed,10.0,0.0,0.0,0.0,0.0,0.0,0.0
product_pricelist_item_id_15940,Jinasena_MasterData_Sales.product_pricelist_jam_general_pricelist,2022-04-30 18:30:00,1.0,1_product,Jinasena_MasterData_Stock.product_template_tray_assembly_th3_t,list_price,fixed,10.0,0.0,0.0,0.0,0.0,0.0,0.0
product_pricelist_item_id_15939,Jinasena_MasterData_Sales.product_pricelist_jam_general_pricelist,2022-04-30 18:30:00,1.0,1_product,Jinasena_MasterData_Stock.product_template_top_cover_assembly_th3_t,list_price,fixed,10.0,0.0,0.0,0.0,0.0,0.0,0.0
product_pricelist_item_id_15938,Jinasena_MasterData_Sales.product_pricelist_jam_general_pricelist,2022-04-30 18:30:00,1.0,1_product,Jinasena_MasterData_Stock.product_template_concave_assembly_th3_t,list_price,fixed,10.0,0.0,0.0,0.0,0.0,0.0,0.0
product_pricelist_item_id_15937,Jinasena_MasterData_Sales.product_pricelist_jam_general_pricelist,2022-04-30 18:30:00,1.0,1_product,Jinasena_MasterData_Stock.product_template_frame_assembly_th3_t,list_price,fixed,10.0,0.0,0.0,0.0,0.0,0.0,0.0
product_pricelist_item_id_15936,Jinasena_MasterData_Sales.product_pricelist_jam_general_pricelist,2022-04-30 18:30:00,1.0,1_product,Jinasena_MasterData_Stock.product_template_tractor_bracket_th2_t,list_price,fixed,1110.0,0.0,0.0,0.0,0.0,0.0,0.0
product_pricelist_item_id_15935,Jinasena_MasterData_Sales.product_pricelist_jam_general_pricelist,2022-04-30 18:30:00,1.0,1_product,Jinasena_MasterData_Stock.product_template_final_assy_components,list_price,fixed,1880.0,0.0,0.0,0.0,0.0,0.0,0.0
product_pricelist_item_id_15934,Jinasena_MasterData_Sales.product_pricelist_jam_general_pricelist,2022-04-30 18:30:00,1.0,1_product,Jinasena_MasterData_Stock.product_template_drum_assembly_th2_t,list_price,fixed,9800.0,0.0,0.0,0.0,0.0,0.0,0.0
product_pricelist_item_id_15933,Jinasena_MasterData_Sales.product_pricelist_jam_general_pricelist,2022-04-30 18:30:00,1.0,1_product,Jinasena_MasterData_Stock.product_template_tray_th2_t,list_price,fixed,3350.0,0.0,0.0,0.0,0.0,0.0,0.0
product_pricelist_item_id_15932,Jinasena_MasterData_Sales.product_pricelist_jam_general_pricelist,2022-04-30 18:30:00,1.0,1_product,Jinasena_MasterData_Stock.product_template_cover_bolt_assy_th2_th7,list_price,fixed,40.0,0.0,0.0,0.0,0.0,0.0,0.0
product_pricelist_item_id_15931,Jinasena_MasterData_Sales.product_pricelist_jam_general_pricelist,2025-01-07 18:30:00,1.0,1_product,Jinasena_MasterData_Stock.product_template_cover_th2_t,list_price,fixed,72700.0,0.0,0.0,0.0,0.0,0.0,0.0
product_pricelist_item_id_15930,Jinasena_MasterData_Sales.product_pricelist_jam_general_pricelist,2022-04-30 18:30:00,1.0,1_product,Jinasena_MasterData_Stock.product_template_concave_th2_t,list_price,fixed,3980.0,0.0,0.0,0.0,0.0,0.0,0.0
product_pricelist_item_id_15929,Jinasena_MasterData_Sales.product_pricelist_jam_general_pricelist,2022-04-30 18:30:00,1.0,1_product,Jinasena_MasterData_Stock.product_template_guard_pulley_guard_th2_t,list_price,fixed,1050.0,0.0,0.0,0.0,0.0,0.0,0.0
product_pricelist_item_id_15928,Jinasena_MasterData_Sales.product_pricelist_jam_general_pricelist,2022-04-30 18:30:00,1.0,1_product,Jinasena_MasterData_Stock.product_template_frame_th2_t,list_price,fixed,4070.0,0.0,0.0,0.0,0.0,0.0,0.0
product_pricelist_item_id_15927,Jinasena_MasterData_Sales.product_pricelist_jam_general_pricelist,2022-04-30 18:30:00,1.0,1_product,Jinasena_MasterData_Stock.product_template_engine_frame_assembly,list_price,fixed,1650.0,0.0,0.0,0.0,0.0,0.0,0.0
product_pricelist_item_id_15926,Jinasena_MasterData_Sales.product_pricelist_jam_general_pricelist,2024-10-07 18:30:00,1.0,1_product,Jinasena_MasterData_Stock.product_template_tray_assembly_th1,list_price,fixed,28500.0,0.0,0.0,0.0,0.0,0.0,0.0
product_pricelist_item_id_15925,Jinasena_MasterData_Sales.product_pricelist_jam_general_pricelist,2024-10-07 18:30:00,1.0,1_product,Jinasena_MasterData_Stock.product_template_top_cover_assembly_th1,list_price,fixed,42500.0,0.0,0.0,0.0,0.0,0.0,0.0
product_pricelist_item_id_15924,Jinasena_MasterData_Sales.product_pricelist_jam_general_pricelist,2022-04-30 18:30:00,1.0,1_product,Jinasena_MasterData_Stock.product_template_pressure_guard_329754,list_price,fixed,4130.0,0.0,0.0,0.0,0.0,0.0,0.0
product_pricelist_item_id_15923,Jinasena_MasterData_Sales.product_pricelist_jam_general_pricelist,2022-04-30 18:30:00,1.0,1_product,Jinasena_MasterData_Stock.product_template_belt_guard_assembly,list_price,fixed,10.0,0.0,0.0,0.0,0.0,0.0,0.0
product_pricelist_item_id_15922,Jinasena_MasterData_Sales.product_pricelist_jam_general_pricelist,2022-04-30 18:30:00,1.0,1_product,Jinasena_MasterData_Stock.product_template_motor_base_assembly,list_price,fixed,10.0,0.0,0.0,0.0,0.0,0.0,0.0
product_pricelist_item_id_15921,Jinasena_MasterData_Sales.product_pricelist_jam_general_pricelist,2022-04-30 18:30:00,1.0,1_product,Jinasena_MasterData_Stock.product_template_base_assembly_329751,list_price,fixed,10.0,0.0,0.0,0.0,0.0,0.0,0.0
product_pricelist_item_id_15920,Jinasena_MasterData_Sales.product_pricelist_jam_general_pricelist,2022-04-30 18:30:00,1.0,1_product,Jinasena_MasterData_Stock.product_template_reduction_pulley_assembly,list_price,fixed,10.0,0.0,0.0,0.0,0.0,0.0,0.0
product_pricelist_item_id_15919,Jinasena_MasterData_Sales.product_pricelist_jam_general_pricelist,2022-04-30 18:30:00,1.0,1_product,Jinasena_MasterData_Stock.product_template_top_hopper_assembly_329748,list_price,fixed,10.0,0.0,0.0,0.0,0.0,0.0,0.0
product_pricelist_item_id_15918,Jinasena_MasterData_Sales.product_pricelist_jam_general_pricelist,2022-04-30 18:30:00,1.0,1_product,Jinasena_MasterData_Stock.product_template_drum_assembly_329747,list_price,fixed,10.0,0.0,0.0,0.0,0.0,0.0,0.0
product_pricelist_item_id_15917,Jinasena_MasterData_Sales.product_pricelist_jam_general_pricelist,2022-04-30 18:30:00,1.0,1_product,Jinasena_MasterData_Stock.product_template_main_body_assembly,list_price,fixed,10.0,0.0,0.0,0.0,0.0,0.0,0.0
product_pricelist_item_id_15916,Jinasena_MasterData_Sales.product_pricelist_jam_general_pricelist,2022-04-30 18:30:00,1.0,1_product,Jinasena_MasterData_Stock.product_template_hopper_pulley_guard_assembly,list_price,fixed,11850.0,0.0,0.0,0.0,0.0,0.0,0.0
product_pricelist_item_id_15915,Jinasena_MasterData_Sales.product_pricelist_jam_general_pricelist,2022-04-30 18:30:00,1.0,1_product,Jinasena_MasterData_Stock.product_template_drum_assembly_329705,list_price,fixed,16360.0,0.0,0.0,0.0,0.0,0.0,0.0
product_pricelist_item_id_15914,Jinasena_MasterData_Sales.product_pricelist_jam_general_pricelist,2022-04-30 18:30:00,1.0,1_product,Jinasena_MasterData_Stock.product_template_feedig_roll_unit_assembly,list_price,fixed,15330.0,0.0,0.0,0.0,0.0,0.0,0.0
product_pricelist_item_id_15913,Jinasena_MasterData_Sales.product_pricelist_jam_general_pricelist,2022-04-30 18:30:00,1.0,1_product,Jinasena_MasterData_Stock.product_template_main_body_assembly_329701,list_price,fixed,37880.0,0.0,0.0,0.0,0.0,0.0,0.0
product_pricelist_item_id_15912,Jinasena_MasterData_Sales.product_pricelist_jam_general_pricelist,2022-04-30 18:30:00,1.0,1_product,Jinasena_MasterData_Stock.product_template_ridger_wheel_gt8,list_price,fixed,3610.0,0.0,0.0,0.0,0.0,0.0,0.0
product_pricelist_item_id_15911,Jinasena_MasterData_Sales.product_pricelist_jam_general_pricelist,2022-04-30 18:30:00,1.0,1_product,Jinasena_MasterData_Stock.product_template_rotavetor_wheel_aht8,list_price,fixed,19800.0,0.0,0.0,0.0,0.0,0.0,0.0
product_pricelist_item_id_15910,Jinasena_MasterData_Sales.product_pricelist_jam_general_pricelist,2022-04-30 18:30:00,1.0,1_product,Jinasena_MasterData_Stock.product_template_tyre_set_assembly_for_rmt4,list_price,fixed,5940.0,0.0,0.0,0.0,0.0,0.0,0.0
product_pricelist_item_id_15909,Jinasena_MasterData_Sales.product_pricelist_jam_general_pricelist,2022-04-30 18:30:00,1.0,1_product,Jinasena_MasterData_Stock.product_template_throttle_unit_assembly,list_price,fixed,580.0,0.0,0.0,0.0,0.0,0.0,0.0
product_pricelist_item_id_15908,Jinasena_MasterData_Sales.product_pricelist_jam_general_pricelist,2022-04-30 18:30:00,1.0,1_product,Jinasena_MasterData_Stock.product_template_rotary_blade_set_assy_495mm_wide,list_price,fixed,7780.0,0.0,0.0,0.0,0.0,0.0,0.0
product_pricelist_item_id_15907,Jinasena_MasterData_Sales.product_pricelist_jam_general_pricelist,2022-04-30 18:30:00,1.0,1_product,Jinasena_MasterData_Stock.product_template_frame_transmission_of_m_tiller,list_price,fixed,10.0,0.0,0.0,0.0,0.0,0.0,0.0
product_pricelist_item_id_15906,Jinasena_MasterData_Sales.product_pricelist_jam_general_pricelist,2022-04-30 18:30:00,1.0,1_product,Jinasena_MasterData_Stock.product_template_handle_assembly_for_mini_tiller,list_price,fixed,2070.0,0.0,0.0,0.0,0.0,0.0,0.0
product_pricelist_item_id_15905,Jinasena_MasterData_Sales.product_pricelist_jam_general_pricelist,2022-04-30 18:30:00,1.0,1_product,Jinasena_MasterData_Stock.product_template_special_chassis_for_aht7_tractor,list_price,fixed,26460.0,0.0,0.0,0.0,0.0,0.0,0.0
product_pricelist_item_id_15904,Jinasena_MasterData_Sales.product_pricelist_jam_general_pricelist,2022-04-30 18:30:00,1.0,1_product,Jinasena_MasterData_Stock.product_template_conveyor_belt_assembly_2b_105,list_price,fixed,4880.0,0.0,0.0,0.0,0.0,0.0,0.0
product_pricelist_item_id_15903,Jinasena_MasterData_Sales.product_pricelist_jam_general_pricelist,2022-04-30 18:30:00,1.0,1_product,Jinasena_MasterData_Stock.product_template_top_tension_pulley_assembly,list_price,fixed,790.0,0.0,0.0,0.0,0.0,0.0,0.0
product_pricelist_item_id_15902,Jinasena_MasterData_Sales.product_pricelist_jam_general_pricelist,2022-04-30 18:30:00,1.0,1_product,Jinasena_MasterData_Stock.product_template_conveyor_driven_unit_assembly,list_price,fixed,3010.0,0.0,0.0,0.0,0.0,0.0,0.0
product_pricelist_item_id_15901,Jinasena_MasterData_Sales.product_pricelist_jam_general_pricelist,2024-11-25 18:30:00,1.0,1_product,Jinasena_MasterData_Stock.product_template_puddling_wheel_gt8_cultivetor,list_price,fixed,28800.0,0.0,0.0,0.0,0.0,0.0,0.0
product_pricelist_item_id_15900,Jinasena_MasterData_Sales.product_pricelist_jam_general_pricelist,2022-04-30 18:30:00,1.0,1_product,Jinasena_MasterData_Stock.product_template_puddling_wheel_jet5_tractor600mm,list_price,fixed,10550.0,0.0,0.0,0.0,0.0,0.0,0.0
product_pricelist_item_id_15899,Jinasena_MasterData_Sales.product_pricelist_jam_general_pricelist,2022-04-30 18:30:00,1.0,1_product,Jinasena_MasterData_Stock.product_template_drum_assembly_maize_thresher,list_price,fixed,10.0,0.0,0.0,0.0,0.0,0.0,0.0
product_pricelist_item_id_15898,Jinasena_MasterData_Sales.product_pricelist_jam_general_pricelist,2022-04-30 18:30:00,1.0,1_product,Jinasena_MasterData_Stock.product_template_tray_assembly_maize_thresher,list_price,fixed,10.0,0.0,0.0,0.0,0.0,0.0,0.0
product_pricelist_item_id_15897,Jinasena_MasterData_Sales.product_pricelist_jam_general_pricelist,2022-04-30 18:30:00,1.0,1_product,Jinasena_MasterData_Stock.product_template_top_cover_maize_thresher,list_price,fixed,10.0,0.0,0.0,0.0,0.0,0.0,0.0
product_pricelist_item_id_15896,Jinasena_MasterData_Sales.product_pricelist_jam_general_pricelist,2022-04-30 18:30:00,1.0,1_product,Jinasena_MasterData_Stock.product_template_frame_concave_maize_thresher,list_price,fixed,10.0,0.0,0.0,0.0,0.0,0.0,0.0
product_pricelist_item_id_15895,Jinasena_MasterData_Sales.product_pricelist_jam_general_pricelist,2022-04-30 18:30:00,1.0,1_product,Jinasena_MasterData_Stock.product_template_stainless_steel_door_lock_for_malty_grin,list_price,fixed,990.0,0.0,0.0,0.0,0.0,0.0,0.0
product_pricelist_item_id_15894,Jinasena_MasterData_Sales.product_pricelist_jam_general_pricelist,2022-04-30 18:30:00,1.0,1_product,Jinasena_MasterData_Stock.product_template_stand_for_s_s_multi_grinder,list_price,fixed,18310.0,0.0,0.0,0.0,0.0,0.0,0.0
product_pricelist_item_id_15893,Jinasena_MasterData_Sales.product_pricelist_jam_general_pricelist,2022-04-30 18:30:00,1.0,1_product,Jinasena_MasterData_Stock.product_template_hopper_assembly_of_mini_m_chop,list_price,fixed,4400.0,0.0,0.0,0.0,0.0,0.0,0.0
product_pricelist_item_id_15892,Jinasena_MasterData_Sales.product_pricelist_jam_general_pricelist,2023-09-18 18:30:00,1.0,1_product,Jinasena_MasterData_Stock.product_template_tractor_bracket_assey_for_jmc6,list_price,fixed,2500.0,0.0,0.0,0.0,0.0,0.0,0.0
product_pricelist_item_id_15891,Jinasena_MasterData_Sales.product_pricelist_jam_general_pricelist,2022-04-30 18:30:00,1.0,1_product,Jinasena_MasterData_Stock.product_template_motor_base_frame_multi_chopper,list_price,fixed,4540.0,0.0,0.0,0.0,0.0,0.0,0.0
product_pricelist_item_id_15890,Jinasena_MasterData_Sales.product_pricelist_jam_general_pricelist,2023-02-14 18:30:00,1.0,1_product,Jinasena_MasterData_Stock.product_template_concave_assembly_329581,list_price,fixed,6000.0,0.0,0.0,0.0,0.0,0.0,0.0
product_pricelist_item_id_15889,Jinasena_MasterData_Sales.product_pricelist_jam_general_pricelist,2022-04-30 18:30:00,1.0,1_product,Jinasena_MasterData_Stock.product_template_drum_assembly_without_bearing,list_price,fixed,47250.0,0.0,0.0,0.0,0.0,0.0,0.0
product_pricelist_item_id_15888,Jinasena_MasterData_Sales.product_pricelist_jam_general_pricelist,2023-03-01 18:30:00,1.0,1_product,Jinasena_MasterData_Stock.product_template_concave_assy_jmc25_15_hp,list_price,fixed,15200.0,0.0,0.0,0.0,0.0,0.0,0.0
product_pricelist_item_id_15887,Jinasena_MasterData_Sales.product_pricelist_jam_general_pricelist,2022-04-30 18:30:00,1.0,1_product,Jinasena_MasterData_Stock.product_template_fly_wheel_water_guard_assy,list_price,fixed,10.0,0.0,0.0,0.0,0.0,0.0,0.0
product_pricelist_item_id_15886,Jinasena_MasterData_Sales.product_pricelist_jam_general_pricelist,2022-04-30 18:30:00,1.0,1_product,Jinasena_MasterData_Stock.product_template_roof_for_aht12_tractor,list_price,fixed,2780.0,0.0,0.0,0.0,0.0,0.0,0.0
product_pricelist_item_id_15885,Jinasena_MasterData_Sales.product_pricelist_jam_general_pricelist,2022-04-30 18:30:00,1.0,1_product,Jinasena_MasterData_Stock.product_template_tractor_bracket_assy_jfb_8,list_price,fixed,10.0,0.0,0.0,0.0,0.0,0.0,0.0
product_pricelist_item_id_15884,Jinasena_MasterData_Sales.product_pricelist_jam_general_pricelist,2022-04-30 18:30:00,1.0,1_product,Jinasena_MasterData_Stock.product_template_concave_assey_jfb8_jmcm8_8d,list_price,fixed,10.0,0.0,0.0,0.0,0.0,0.0,0.0
product_pricelist_item_id_15883,Jinasena_MasterData_Sales.product_pricelist_jam_general_pricelist,2022-04-30 18:30:00,1.0,1_product,Jinasena_MasterData_Stock.product_template_engine_base_assey_jfb8_jmcm8_8,list_price,fixed,10.0,0.0,0.0,0.0,0.0,0.0,0.0
product_pricelist_item_id_15882,Jinasena_MasterData_Sales.product_pricelist_jam_general_pricelist,2022-04-30 18:30:00,1.0,1_product,Jinasena_MasterData_Stock.product_template_drum_assembly_for_jfb_8,list_price,fixed,10.0,0.0,0.0,0.0,0.0,0.0,0.0
product_pricelist_item_id_15881,Jinasena_MasterData_Sales.product_pricelist_jam_general_pricelist,2022-04-30 18:30:00,1.0,1_product,Jinasena_MasterData_Stock.product_template_main_body_assy_jfb8_jmcm8_8d,list_price,fixed,10.0,0.0,0.0,0.0,0.0,0.0,0.0
product_pricelist_item_id_15880,Jinasena_MasterData_Sales.product_pricelist_jam_general_pricelist,2022-04-30 18:30:00,1.0,1_product,Jinasena_MasterData_Stock.product_template_hoppers_guard_assy_ss_du10,list_price,fixed,12930.0,0.0,0.0,0.0,0.0,0.0,0.0
product_pricelist_item_id_15879,Jinasena_MasterData_Sales.product_pricelist_jam_general_pricelist,2022-04-30 18:30:00,1.0,1_product,Jinasena_MasterData_Stock.product_template_concave_assembly_ss_du10,list_price,fixed,7810.0,0.0,0.0,0.0,0.0,0.0,0.0
product_pricelist_item_id_15878,Jinasena_MasterData_Sales.product_pricelist_jam_general_pricelist,2022-04-30 18:30:00,1.0,1_product,Jinasena_MasterData_Stock.product_template_drum_assembly_ss_du10,list_price,fixed,49060.0,0.0,0.0,0.0,0.0,0.0,0.0
product_pricelist_item_id_15877,Jinasena_MasterData_Sales.product_pricelist_jam_general_pricelist,2022-04-30 18:30:00,1.0,1_product,Jinasena_MasterData_Stock.product_template_main_body_assembly_ss_du10,list_price,fixed,61820.0,0.0,0.0,0.0,0.0,0.0,0.0
product_pricelist_item_id_15876,Jinasena_MasterData_Sales.product_pricelist_jam_general_pricelist,2022-04-30 18:30:00,1.0,1_product,Jinasena_MasterData_Stock.product_template_ridger_for_gt8_cultivator,list_price,fixed,3170.0,0.0,0.0,0.0,0.0,0.0,0.0
product_pricelist_item_id_15875,Jinasena_MasterData_Sales.product_pricelist_jam_general_pricelist,2022-04-30 18:30:00,1.0,1_product,Jinasena_MasterData_Stock.product_template_carrying_frame_for_sp200sfjf,list_price,fixed,4440.0,0.0,0.0,0.0,0.0,0.0,0.0
product_pricelist_item_id_15874,Jinasena_MasterData_Sales.product_pricelist_jam_general_pricelist,2022-04-30 18:30:00,1.0,1_product,Jinasena_MasterData_Stock.product_template_base_plte_for_ddj300_3tnv,list_price,fixed,72920.0,0.0,0.0,0.0,0.0,0.0,0.0
product_pricelist_item_id_15873,Jinasena_MasterData_Sales.product_pricelist_jam_general_pricelist,2022-04-30 18:30:00,1.0,1_product,Jinasena_MasterData_Stock.product_template_base_plate_ddh500_4tnvt_4tnv,list_price,fixed,169620.0,0.0,0.0,0.0,0.0,0.0,0.0
product_pricelist_item_id_15872,Jinasena_MasterData_Sales.product_pricelist_jam_general_pricelist,2022-04-30 18:30:00,1.0,1_product,Jinasena_MasterData_Stock.product_template_base_plte_for_ddj300_4tnv,list_price,fixed,166770.0,0.0,0.0,0.0,0.0,0.0,0.0
product_pricelist_item_id_15871,Jinasena_MasterData_Sales.product_pricelist_jam_general_pricelist,2022-04-30 18:30:00,1.0,1_product,Jinasena_MasterData_Stock.product_template_bush_cutter_ground_master,list_price,fixed,10.0,0.0,0.0,0.0,0.0,0.0,0.0
product_pricelist_item_id_15870,Jinasena_MasterData_Sales.product_pricelist_jam_general_pricelist,2022-04-30 18:30:00,1.0,1_product,Jinasena_MasterData_Stock.product_template_nut_unit_for_bush_cutter_blade_bc_gt8,list_price,fixed,3440.0,0.0,0.0,0.0,0.0,0.0,0.0
product_pricelist_item_id_15869,Jinasena_MasterData_Sales.product_pricelist_jam_general_pricelist,2022-04-30 18:30:00,1.0,1_product,Jinasena_MasterData_Stock.product_template_foot_board_rider,list_price,fixed,12950.0,0.0,0.0,0.0,0.0,0.0,0.0
product_pricelist_item_id_15868,Jinasena_MasterData_Sales.product_pricelist_jam_general_pricelist,2022-04-30 18:30:00,1.0,1_product,Jinasena_MasterData_Stock.product_template_steel_wheel_for_bc_gt8,list_price,fixed,2840.0,0.0,0.0,0.0,0.0,0.0,0.0
product_pricelist_item_id_15867,Jinasena_MasterData_Sales.product_pricelist_jam_general_pricelist,2023-11-01 18:30:00,1.0,1_product,Jinasena_MasterData_Stock.product_template_gt8_riding_sheet_assembly,list_price,fixed,128100.0,0.0,0.0,0.0,0.0,0.0,0.0
product_pricelist_item_id_15866,Jinasena_MasterData_Sales.product_pricelist_jam_general_pricelist,2022-04-30 18:30:00,1.0,1_product,Jinasena_MasterData_Stock.product_template_tractor_attachment_assy_jet5,list_price,fixed,1570.0,0.0,0.0,0.0,0.0,0.0,0.0
product_pricelist_item_id_15865,Jinasena_MasterData_Sales.product_pricelist_jam_general_pricelist,2022-04-30 18:30:00,1.0,1_product,Jinasena_MasterData_Stock.product_template_head_assembly,list_price,fixed,10.0,0.0,0.0,0.0,0.0,0.0,0.0
product_pricelist_item_id_15864,Jinasena_MasterData_Sales.product_pricelist_jam_general_pricelist,2022-04-30 18:30:00,1.0,1_product,Jinasena_MasterData_Stock.product_template_frame_assembly_329473,list_price,fixed,10.0,0.0,0.0,0.0,0.0,0.0,0.0
product_pricelist_item_id_15863,Jinasena_MasterData_Sales.product_pricelist_jam_general_pricelist,2022-04-30 18:30:00,1.0,1_product,Jinasena_MasterData_Stock.product_template_final_assy_com_ents,list_price,fixed,380.0,0.0,0.0,0.0,0.0,0.0,0.0
product_pricelist_item_id_15862,Jinasena_MasterData_Sales.product_pricelist_jam_general_pricelist,2022-04-30 18:30:00,1.0,1_product,Jinasena_MasterData_Stock.product_template_accessories_kit_for_th7_tk_ta,list_price,fixed,630.0,0.0,0.0,0.0,0.0,0.0,0.0
product_pricelist_item_id_15861,Jinasena_MasterData_Sales.product_pricelist_jam_general_pricelist,2022-04-30 18:30:00,1.0,1_product,Jinasena_MasterData_Stock.product_template_accessories_kit_th7_tk_ta,list_price,fixed,690.0,0.0,0.0,0.0,0.0,0.0,0.0
product_pricelist_item_id_15860,Jinasena_MasterData_Sales.product_pricelist_jam_general_pricelist,2022-04-30 18:30:00,1.0,1_product,Jinasena_MasterData_Stock.product_template_accessories_kit_th6_tk,list_price,fixed,1110.0,0.0,0.0,0.0,0.0,0.0,0.0
product_pricelist_item_id_15859,Jinasena_MasterData_Sales.product_pricelist_jam_general_pricelist,2022-04-30 18:30:00,1.0,1_product,Jinasena_MasterData_Stock.product_template_accessories_kit_th6_28,list_price,fixed,1340.0,0.0,0.0,0.0,0.0,0.0,0.0
product_pricelist_item_id_15858,Jinasena_MasterData_Sales.product_pricelist_jam_general_pricelist,2022-04-30 18:30:00,1.0,1_product,Jinasena_MasterData_Stock.product_template_accessories_kit_for_th3_t,list_price,fixed,10.0,0.0,0.0,0.0,0.0,0.0,0.0
product_pricelist_item_id_15857,Jinasena_MasterData_Sales.product_pricelist_jam_general_pricelist,2022-04-30 18:30:00,1.0,1_product,Jinasena_MasterData_Stock.product_template_accessory_kit_th2_t,list_price,fixed,1020.0,0.0,0.0,0.0,0.0,0.0,0.0
product_pricelist_item_id_15856,Jinasena_MasterData_Sales.product_pricelist_jam_general_pricelist,2022-04-30 18:30:00,1.0,1_product,Jinasena_MasterData_Stock.product_template_accessories_kit_th1_t,list_price,fixed,10.0,0.0,0.0,0.0,0.0,0.0,0.0
product_pricelist_item_id_15855,Jinasena_MasterData_Sales.product_pricelist_jam_general_pricelist,2022-04-30 18:30:00,1.0,1_product,Jinasena_MasterData_Stock.product_template_accessories_kit_th1_20,list_price,fixed,10.0,0.0,0.0,0.0,0.0,0.0,0.0
product_pricelist_item_id_15854,Jinasena_MasterData_Sales.product_pricelist_jam_general_pricelist,2022-04-30 18:30:00,1.0,1_product,Jinasena_MasterData_Stock.product_template_accessories_kit_maize_thresher,list_price,fixed,10.0,0.0,0.0,0.0,0.0,0.0,0.0
product_pricelist_item_id_15853,Jinasena_MasterData_Sales.product_pricelist_jam_general_pricelist,2022-04-30 18:30:00,1.0,1_product,Jinasena_MasterData_Stock.product_template_accessories_kit_mth1_20,list_price,fixed,10.0,0.0,0.0,0.0,0.0,0.0,0.0
product_pricelist_item_id_15852,Jinasena_MasterData_Sales.product_pricelist_jam_general_pricelist,2022-04-30 18:30:00,1.0,1_product,Jinasena_MasterData_Stock.product_template_accerssories_kit_for_bush_cutter,list_price,fixed,10.0,0.0,0.0,0.0,0.0,0.0,0.0
product_pricelist_item_id_15851,Jinasena_MasterData_Sales.product_pricelist_jam_general_pricelist,2022-04-30 18:30:00,1.0,1_product,Jinasena_MasterData_Stock.product_template_driven_angle_gear,list_price,fixed,3840.0,0.0,0.0,0.0,0.0,0.0,0.0
product_pricelist_item_id_15850,Jinasena_MasterData_Sales.product_pricelist_jam_general_pricelist,2022-04-30 18:30:00,1.0,1_product,Jinasena_MasterData_Stock.product_template_circlip_12,list_price,fixed,20.0,0.0,0.0,0.0,0.0,0.0,0.0
product_pricelist_item_id_15849,Jinasena_MasterData_Sales.product_pricelist_jam_general_pricelist,2022-04-30 18:30:00,1.0,1_product,Jinasena_MasterData_Stock.product_template_spring_washer_2_5x22,list_price,fixed,30.0,0.0,0.0,0.0,0.0,0.0,0.0
product_pricelist_item_id_15848,Jinasena_MasterData_Sales.product_pricelist_jam_general_pricelist,2022-04-30 18:30:00,1.0,1_product,Jinasena_MasterData_Stock.product_template_nut_m12_thin,list_price,fixed,60.0,0.0,0.0,0.0,0.0,0.0,0.0
product_pricelist_item_id_15847,Jinasena_MasterData_Sales.product_pricelist_jam_general_pricelist,2022-04-30 18:30:00,1.0,1_product,Jinasena_MasterData_Stock.product_template_spacer_sleeve,list_price,fixed,410.0,0.0,0.0,0.0,0.0,0.0,0.0
product_pricelist_item_id_15846,Jinasena_MasterData_Sales.product_pricelist_jam_general_pricelist,2022-04-30 18:30:00,1.0,1_product,Jinasena_MasterData_Stock.product_template_drive_box,list_price,fixed,13430.0,0.0,0.0,0.0,0.0,0.0,0.0
product_pricelist_item_id_15845,Jinasena_MasterData_Sales.product_pricelist_jam_general_pricelist,2022-04-30 18:30:00,1.0,1_product,Jinasena_MasterData_Stock.product_template_dust_cap,list_price,fixed,250.0,0.0,0.0,0.0,0.0,0.0,0.0
product_pricelist_item_id_15844,Jinasena_MasterData_Sales.product_pricelist_jam_general_pricelist,2022-04-30 18:30:00,1.0,1_product,Jinasena_MasterData_Stock.product_template_dischang_oil_bolt_m12x12_5,list_price,fixed,70.0,0.0,0.0,0.0,0.0,0.0,0.0
product_pricelist_item_id_15843,Jinasena_MasterData_Sales.product_pricelist_jam_general_pricelist,2022-09-13 18:30:00,1.0,1_product,Jinasena_MasterData_Stock.product_template_out_put_box_gasket,list_price,fixed,306.0,0.0,0.0,0.0,0.0,0.0,0.0
product_pricelist_item_id_15842,Jinasena_MasterData_Sales.product_pricelist_jam_general_pricelist,2022-04-30 18:30:00,1.0,1_product,Jinasena_MasterData_Stock.product_template_out_put_box_gasket_329447,list_price,fixed,70.0,0.0,0.0,0.0,0.0,0.0,0.0
product_pricelist_item_id_15841,Jinasena_MasterData_Sales.product_pricelist_jam_general_pricelist,2022-04-30 18:30:00,1.0,1_product,Jinasena_MasterData_Stock.product_template_polyscreen_rich_gold_2510_0_5kg,list_price,fixed,880.0,0.0,0.0,0.0,0.0,0.0,0.0
product_pricelist_item_id_15840,Jinasena_MasterData_Sales.product_pricelist_jam_general_pricelist,2022-04-30 18:30:00,1.0,1_product,Jinasena_MasterData_Stock.product_template_hyspeed_instense_black_0_5kg,list_price,fixed,520.0,0.0,0.0,0.0,0.0,0.0,0.0
product_pricelist_item_id_15839,Jinasena_MasterData_Sales.product_pricelist_jam_general_pricelist,2022-08-18 18:30:00,1.0,1_product,Jinasena_MasterData_Stock.product_template_hammer_finish_silver_causway,list_price,fixed,3500.0,0.0,0.0,0.0,0.0,0.0,0.0
product_pricelist_item_id_15838,Jinasena_MasterData_Sales.product_pricelist_jam_general_pricelist,2022-08-18 18:30:00,1.0,1_product,Jinasena_MasterData_Stock.product_template_hammer_finish_grey_causway,list_price,fixed,3500.0,0.0,0.0,0.0,0.0,0.0,0.0
product_pricelist_item_id_15837,Jinasena_MasterData_Sales.product_pricelist_jam_general_pricelist,2022-04-30 18:30:00,1.0,1_product,Jinasena_MasterData_Stock.product_template_enamal_paint_green,list_price,fixed,900.0,0.0,0.0,0.0,0.0,0.0,0.0
product_pricelist_item_id_15836,Jinasena_MasterData_Sales.product_pricelist_jam_general_pricelist,2022-04-30 18:30:00,1.0,1_product,Jinasena_MasterData_Stock.product_template_enaml_paint_trailer_art_20g,list_price,fixed,230.0,0.0,0.0,0.0,0.0,0.0,0.0
product_pricelist_item_id_15835,Jinasena_MasterData_Sales.product_pricelist_jam_general_pricelist,2022-04-30 18:30:00,1.0,1_product,Jinasena_MasterData_Stock.product_template_enamal_paint_black,list_price,fixed,1850.0,0.0,0.0,0.0,0.0,0.0,0.0
product_pricelist_item_id_15834,Jinasena_MasterData_Sales.product_pricelist_jam_general_pricelist,2022-04-30 18:30:00,1.0,1_product,Jinasena_MasterData_Stock.product_template_enamal_paint_white,list_price,fixed,650.0,0.0,0.0,0.0,0.0,0.0,0.0
product_pricelist_item_id_15833,Jinasena_MasterData_Sales.product_pricelist_jam_general_pricelist,2022-04-30 18:30:00,1.0,1_product,Jinasena_MasterData_Stock.product_template_coconut_oil,list_price,fixed,280.0,0.0,0.0,0.0,0.0,0.0,0.0
product_pricelist_item_id_15832,Jinasena_MasterData_Sales.product_pricelist_jam_general_pricelist,2022-04-30 18:30:00,1.0,1_product,Jinasena_MasterData_Stock.product_template_transformer_oil,list_price,fixed,180.0,0.0,0.0,0.0,0.0,0.0,0.0
product_pricelist_item_id_15831,Jinasena_MasterData_Sales.product_pricelist_jam_general_pricelist,2022-04-30 18:30:00,1.0,1_product,Jinasena_MasterData_Stock.product_template_jeep_green_causeway,list_price,fixed,1130.0,0.0,0.0,0.0,0.0,0.0,0.0
product_pricelist_item_id_15830,Jinasena_MasterData_Sales.product_pricelist_jam_general_pricelist,2022-04-30 18:30:00,1.0,1_product,Jinasena_MasterData_Stock.product_template_rock_paint_red,list_price,fixed,810.0,0.0,0.0,0.0,0.0,0.0,0.0
product_pricelist_item_id_15829,Jinasena_MasterData_Sales.product_pricelist_jam_general_pricelist,2022-04-30 18:30:00,1.0,1_product,Jinasena_MasterData_Stock.product_template_teepol_lt,list_price,fixed,110.0,0.0,0.0,0.0,0.0,0.0,0.0
product_pricelist_item_id_15828,Jinasena_MasterData_Sales.product_pricelist_jam_general_pricelist,2022-04-30 18:30:00,1.0,1_product,Jinasena_MasterData_Stock.product_template_grease_p183,list_price,fixed,600.0,0.0,0.0,0.0,0.0,0.0,0.0
product_pricelist_item_id_15827,Jinasena_MasterData_Sales.product_pricelist_jam_general_pricelist,2022-04-30 18:30:00,1.0,1_product,Jinasena_MasterData_Stock.product_template_mobiltemp_grease_shc100,list_price,fixed,1680.0,0.0,0.0,0.0,0.0,0.0,0.0
product_pricelist_item_id_15826,Jinasena_MasterData_Sales.product_pricelist_jam_general_pricelist,2022-06-20 18:30:00,1.0,1_product,Jinasena_MasterData_Stock.product_template_gear_oil_sae90,list_price,fixed,1500.0,0.0,0.0,0.0,0.0,0.0,0.0
product_pricelist_item_id_15825,Jinasena_MasterData_Sales.product_pricelist_jam_general_pricelist,2022-04-30 18:30:00,1.0,1_product,Jinasena_MasterData_Stock.product_template_penetrating_oil_lt,list_price,fixed,310.0,0.0,0.0,0.0,0.0,0.0,0.0
product_pricelist_item_id_15824,Jinasena_MasterData_Sales.product_pricelist_jam_general_pricelist,2022-04-30 18:30:00,1.0,1_product,Jinasena_MasterData_Stock.product_template_cutting_oil_lt,list_price,fixed,610.0,0.0,0.0,0.0,0.0,0.0,0.0
product_pricelist_item_id_15823,Jinasena_MasterData_Sales.product_pricelist_jam_general_pricelist,2022-04-30 18:30:00,1.0,1_product,Jinasena_MasterData_Stock.product_template_lanka_super_plus_sae_40_p115,list_price,fixed,380.0,0.0,0.0,0.0,0.0,0.0,0.0
product_pricelist_item_id_15822,Jinasena_MasterData_Sales.product_pricelist_jam_general_pricelist,2022-06-20 18:30:00,1.0,1_product,Jinasena_MasterData_Stock.product_template_lubricating_oil_super_ds,list_price,fixed,1200.0,0.0,0.0,0.0,0.0,0.0,0.0
product_pricelist_item_id_15821,Jinasena_MasterData_Sales.product_pricelist_jam_general_pricelist,2022-04-30 18:30:00,1.0,1_product,Jinasena_MasterData_Stock.product_template_lub_oil_hc_500_lt,list_price,fixed,220.0,0.0,0.0,0.0,0.0,0.0,0.0
product_pricelist_item_id_15820,Jinasena_MasterData_Sales.product_pricelist_jam_general_pricelist,2022-04-30 18:30:00,1.0,1_product,Jinasena_MasterData_Stock.product_template_caltex_hc68_oil_hc68_p_362,list_price,fixed,350.0,0.0,0.0,0.0,0.0,0.0,0.0
product_pricelist_item_id_15819,Jinasena_MasterData_Sales.product_pricelist_jam_general_pricelist,2022-04-30 18:30:00,1.0,1_product,Jinasena_MasterData_Stock.product_template_lub_oil_hc_100_lt,list_price,fixed,310.0,0.0,0.0,0.0,0.0,0.0,0.0
product_pricelist_item_id_15818,Jinasena_MasterData_Sales.product_pricelist_jam_general_pricelist,2022-04-30 18:30:00,1.0,1_product,Jinasena_MasterData_Stock.product_template_lanka_brake_oil_500ml_can,list_price,fixed,500.0,0.0,0.0,0.0,0.0,0.0,0.0
product_pricelist_item_id_15817,Jinasena_MasterData_Sales.product_pricelist_jam_general_pricelist,2022-04-30 18:30:00,1.0,1_product,Jinasena_MasterData_Stock.product_template_kerosene_oil_lt,list_price,fixed,330.0,0.0,0.0,0.0,0.0,0.0,0.0
product_pricelist_item_id_15816,Jinasena_MasterData_Sales.product_pricelist_jam_general_pricelist,2022-04-30 18:30:00,1.0,1_product,Jinasena_MasterData_Stock.product_template_diesel_auto,list_price,fixed,350.0,0.0,0.0,0.0,0.0,0.0,0.0
product_pricelist_item_id_15815,Jinasena_MasterData_Sales.product_pricelist_jam_general_pricelist,2022-04-30 18:30:00,1.0,1_product,Jinasena_MasterData_Stock.product_template_petrol_lt_329389,list_price,fixed,240.0,0.0,0.0,0.0,0.0,0.0,0.0
product_pricelist_item_id_15814,Jinasena_MasterData_Sales.product_pricelist_jam_general_pricelist,2022-08-18 18:30:00,1.0,1_product,Jinasena_MasterData_Stock.product_template_nc_tea_macine_blue_causeway_329387,list_price,fixed,4000.0,0.0,0.0,0.0,0.0,0.0,0.0
product_pricelist_item_id_15813,Jinasena_MasterData_Sales.product_pricelist_jam_general_pricelist,2022-04-30 18:30:00,1.0,1_product,Jinasena_MasterData_Stock.product_template_duco_primer_activator_etch_329385,list_price,fixed,1650.0,0.0,0.0,0.0,0.0,0.0,0.0
product_pricelist_item_id_15812,Jinasena_MasterData_Sales.product_pricelist_jam_general_pricelist,2022-04-30 18:30:00,1.0,1_product,Jinasena_MasterData_Stock.product_template_insulating_varnish_ultimeg_2000_380,list_price,fixed,430.0,0.0,0.0,0.0,0.0,0.0,0.0
product_pricelist_item_id_15811,Jinasena_MasterData_Sales.product_pricelist_jam_general_pricelist,2022-04-30 18:30:00,1.0,1_product,Jinasena_MasterData_Stock.product_template_oil_primer_hi_build_causeway,list_price,fixed,750.0,0.0,0.0,0.0,0.0,0.0,0.0
product_pricelist_item_id_15810,Jinasena_MasterData_Sales.product_pricelist_jam_general_pricelist,2022-04-30 18:30:00,1.0,1_product,Jinasena_MasterData_Stock.product_template_motor_oil_castrol_diesel_40,list_price,fixed,780.0,0.0,0.0,0.0,0.0,0.0,0.0
product_pricelist_item_id_15809,Jinasena_MasterData_Sales.product_pricelist_jam_general_pricelist,2022-04-30 18:30:00,1.0,1_product,Jinasena_MasterData_Stock.product_template_duco_af_amerzon_green,list_price,fixed,810.0,0.0,0.0,0.0,0.0,0.0,0.0
product_pricelist_item_id_15808,Jinasena_MasterData_Sales.product_pricelist_jam_general_pricelist,2022-04-30 18:30:00,1.0,1_product,Jinasena_MasterData_Stock.product_template_duco_filler_grey,list_price,fixed,870.0,0.0,0.0,0.0,0.0,0.0,0.0
product_pricelist_item_id_15807,Jinasena_MasterData_Sales.product_pricelist_jam_general_pricelist,2022-04-30 18:30:00,1.0,1_product,Jinasena_MasterData_Stock.product_template_duco_matting_base_lt,list_price,fixed,900.0,0.0,0.0,0.0,0.0,0.0,0.0
product_pricelist_item_id_15806,Jinasena_MasterData_Sales.product_pricelist_jam_general_pricelist,2022-04-30 18:30:00,1.0,1_product,Jinasena_MasterData_Stock.product_template_duco_putty_grey_1200g_tin,list_price,fixed,770.0,0.0,0.0,0.0,0.0,0.0,0.0
product_pricelist_item_id_15805,Jinasena_MasterData_Sales.product_pricelist_jam_general_pricelist,2022-04-30 18:30:00,1.0,1_product,Jinasena_MasterData_Stock.product_template_golden_yellow_causeway,list_price,fixed,1130.0,0.0,0.0,0.0,0.0,0.0,0.0
product_pricelist_item_id_15804,Jinasena_MasterData_Sales.product_pricelist_jam_general_pricelist,2022-04-30 18:30:00,1.0,1_product,Jinasena_MasterData_Stock.product_template_duco_wash_primer_litre_6593,list_price,fixed,850.0,0.0,0.0,0.0,0.0,0.0,0.0
product_pricelist_item_id_15803,Jinasena_MasterData_Sales.product_pricelist_jam_general_pricelist,2022-04-30 18:30:00,1.0,1_product,Jinasena_MasterData_Stock.product_template_kemikote_black_set,list_price,fixed,2140.0,0.0,0.0,0.0,0.0,0.0,0.0
product_pricelist_item_id_15802,Jinasena_MasterData_Sales.product_pricelist_jam_general_pricelist,2022-04-30 18:30:00,1.0,1_product,Jinasena_MasterData_Stock.product_template_bitumen_paint,list_price,fixed,630.0,0.0,0.0,0.0,0.0,0.0,0.0
product_pricelist_item_id_15801,Jinasena_MasterData_Sales.product_pricelist_jam_general_pricelist,2022-04-30 18:30:00,1.0,1_product,Jinasena_MasterData_Stock.product_template_royal_ivory_causeway,list_price,fixed,1100.0,0.0,0.0,0.0,0.0,0.0,0.0
product_pricelist_item_id_15800,Jinasena_MasterData_Sales.product_pricelist_jam_general_pricelist,2022-04-30 18:30:00,1.0,1_product,Jinasena_MasterData_Stock.product_template_red_primer_hi_build_causeway,list_price,fixed,770.0,0.0,0.0,0.0,0.0,0.0,0.0
product_pricelist_item_id_15799,Jinasena_MasterData_Sales.product_pricelist_jam_general_pricelist,2022-08-18 18:30:00,1.0,1_product,Jinasena_MasterData_Stock.product_template_black_primer_hi_build_causeway,list_price,fixed,3000.0,0.0,0.0,0.0,0.0,0.0,0.0
product_pricelist_item_id_15798,Jinasena_MasterData_Sales.product_pricelist_jam_general_pricelist,2022-04-30 18:30:00,1.0,1_product,Jinasena_MasterData_Stock.product_template_dulux_n_c_thinner_gp_lt_329368,list_price,fixed,460.0,0.0,0.0,0.0,0.0,0.0,0.0
product_pricelist_item_id_15797,Jinasena_MasterData_Sales.product_pricelist_jam_general_pricelist,2022-04-30 18:30:00,1.0,1_product,Jinasena_MasterData_Stock.product_template_clear_laquer_duco_cic,list_price,fixed,1070.0,0.0,0.0,0.0,0.0,0.0,0.0
product_pricelist_item_id_15796,Jinasena_MasterData_Sales.product_pricelist_jam_general_pricelist,2022-08-18 18:30:00,1.0,1_product,Jinasena_MasterData_Stock.product_template_thinner_causeway,list_price,fixed,1400.0,0.0,0.0,0.0,0.0,0.0,0.0
product_pricelist_item_id_15795,Jinasena_MasterData_Sales.product_pricelist_jam_general_pricelist,2022-04-30 18:30:00,1.0,1_product,Jinasena_MasterData_Stock.product_template_auto_finish_signal_red_duco_cic,list_price,fixed,1100.0,0.0,0.0,0.0,0.0,0.0,0.0
product_pricelist_item_id_15794,Jinasena_MasterData_Sales.product_pricelist_jam_general_pricelist,2022-04-30 18:30:00,1.0,1_product,Jinasena_MasterData_Stock.product_template_causeway_signal_red,list_price,fixed,1130.0,0.0,0.0,0.0,0.0,0.0,0.0
product_pricelist_item_id_15793,Jinasena_MasterData_Sales.product_pricelist_jam_general_pricelist,2022-04-30 18:30:00,1.0,1_product,Jinasena_MasterData_Stock.product_template_duco_oxford_blue,list_price,fixed,1100.0,0.0,0.0,0.0,0.0,0.0,0.0
product_pricelist_item_id_15792,Jinasena_MasterData_Sales.product_pricelist_jam_general_pricelist,2022-04-30 18:30:00,1.0,1_product,Jinasena_MasterData_Stock.product_template_sunny_catapilar_yelloy_causeway,list_price,fixed,1100.0,0.0,0.0,0.0,0.0,0.0,0.0
product_pricelist_item_id_15791,Jinasena_MasterData_Sales.product_pricelist_jam_general_pricelist,2022-04-30 18:30:00,1.0,1_product,Jinasena_MasterData_Stock.product_template_leaf_green_causeway,list_price,fixed,1100.0,0.0,0.0,0.0,0.0,0.0,0.0
product_pricelist_item_id_15790,Jinasena_MasterData_Sales.product_pricelist_jam_general_pricelist,2022-04-30 18:30:00,1.0,1_product,Jinasena_MasterData_Stock.product_template_lemon_green_causeway,list_price,fixed,1300.0,0.0,0.0,0.0,0.0,0.0,0.0
product_pricelist_item_id_15789,Jinasena_MasterData_Sales.product_pricelist_jam_general_pricelist,2022-04-30 18:30:00,1.0,1_product,Jinasena_MasterData_Stock.product_template_manderin_yellow_causeway,list_price,fixed,1130.0,0.0,0.0,0.0,0.0,0.0,0.0
product_pricelist_item_id_15788,Jinasena_MasterData_Sales.product_pricelist_jam_general_pricelist,2022-04-30 18:30:00,1.0,1_product,Jinasena_MasterData_Stock.product_template_duco_acrylic_clear_coat_lt,list_price,fixed,1940.0,0.0,0.0,0.0,0.0,0.0,0.0
product_pricelist_item_id_15787,Jinasena_MasterData_Sales.product_pricelist_jam_general_pricelist,2022-04-30 18:30:00,1.0,1_product,Jinasena_MasterData_Stock.product_template_m_crome_princess_grey_duco_cic,list_price,fixed,1130.0,0.0,0.0,0.0,0.0,0.0,0.0
product_pricelist_item_id_15786,Jinasena_MasterData_Sales.product_pricelist_jam_general_pricelist,2022-04-30 18:30:00,1.0,1_product,Jinasena_MasterData_Stock.product_template_auto_finish_p_o_red_causeway,list_price,fixed,1130.0,0.0,0.0,0.0,0.0,0.0,0.0
product_pricelist_item_id_15785,Jinasena_MasterData_Sales.product_pricelist_jam_general_pricelist,2022-04-30 18:30:00,1.0,1_product,Jinasena_MasterData_Stock.product_template_jinasena_gray_tea_causeway,list_price,fixed,1130.0,0.0,0.0,0.0,0.0,0.0,0.0
product_pricelist_item_id_15784,Jinasena_MasterData_Sales.product_pricelist_jam_general_pricelist,2022-04-30 18:30:00,1.0,1_product,Jinasena_MasterData_Stock.product_template_jinasena_yellow_duco_cic,list_price,fixed,1100.0,0.0,0.0,0.0,0.0,0.0,0.0
product_pricelist_item_id_15783,Jinasena_MasterData_Sales.product_pricelist_jam_general_pricelist,2022-04-30 18:30:00,1.0,1_product,Jinasena_MasterData_Stock.product_template_auto_finish_aluminum_causeway,list_price,fixed,1250.0,0.0,0.0,0.0,0.0,0.0,0.0
product_pricelist_item_id_15782,Jinasena_MasterData_Sales.product_pricelist_jam_general_pricelist,2022-04-30 18:30:00,1.0,1_product,Jinasena_MasterData_Stock.product_template_auto_finish_jet_black_causway,list_price,fixed,900.0,0.0,0.0,0.0,0.0,0.0,0.0
product_pricelist_item_id_15781,Jinasena_MasterData_Sales.product_pricelist_jam_general_pricelist,2022-04-30 18:30:00,1.0,1_product,Jinasena_MasterData_Stock.product_template_auto_finish_white_causeway,list_price,fixed,810.0,0.0,0.0,0.0,0.0,0.0,0.0
product_pricelist_item_id_15780,Jinasena_MasterData_Sales.product_pricelist_jam_general_pricelist,2022-04-30 18:30:00,1.0,1_product,Jinasena_MasterData_Stock.product_template_toyota_light_olive,list_price,fixed,740.0,0.0,0.0,0.0,0.0,0.0,0.0
product_pricelist_item_id_15779,Jinasena_MasterData_Sales.product_pricelist_jam_general_pricelist,2022-04-30 18:30:00,1.0,1_product,Jinasena_MasterData_Stock.product_template_sunny_catapilar_yellow,list_price,fixed,1050.0,0.0,0.0,0.0,0.0,0.0,0.0
product_pricelist_item_id_15778,Jinasena_MasterData_Sales.product_pricelist_jam_general_pricelist,2022-04-30 18:30:00,1.0,1_product,Jinasena_MasterData_Stock.product_template_retarder_cauaseway,list_price,fixed,760.0,0.0,0.0,0.0,0.0,0.0,0.0
product_pricelist_item_id_15777,Jinasena_MasterData_Sales.product_pricelist_jam_general_pricelist,2022-04-30 18:30:00,1.0,1_product,Jinasena_MasterData_Stock.product_template_radiator_coolent,list_price,fixed,510.0,0.0,0.0,0.0,0.0,0.0,0.0
product_pricelist_item_id_15776,Jinasena_MasterData_Sales.product_pricelist_jam_general_pricelist,2022-04-30 18:30:00,1.0,1_product,Jinasena_MasterData_Stock.product_template_dulux_gp_paint_s_green_lt,list_price,fixed,1180.0,0.0,0.0,0.0,0.0,0.0,0.0
product_pricelist_item_id_15775,Jinasena_MasterData_Sales.product_pricelist_jam_general_pricelist,2022-04-30 18:30:00,1.0,1_product,Jinasena_MasterData_Stock.product_template_dulux_gp_paint_br_al_lt,list_price,fixed,1300.0,0.0,0.0,0.0,0.0,0.0,0.0
product_pricelist_item_id_15774,Jinasena_MasterData_Sales.product_pricelist_jam_general_pricelist,2022-04-30 18:30:00,1.0,1_product,Jinasena_MasterData_Stock.product_template_dulux_gp_paint_po_red_lt,list_price,fixed,1000.0,0.0,0.0,0.0,0.0,0.0,0.0
product_pricelist_item_id_15773,Jinasena_MasterData_Sales.product_pricelist_jam_general_pricelist,2022-04-30 18:30:00,1.0,1_product,Jinasena_MasterData_Stock.product_template_dulux_gp_paint_black_lt,list_price,fixed,800.0,0.0,0.0,0.0,0.0,0.0,0.0
product_pricelist_item_id_15772,Jinasena_MasterData_Sales.product_pricelist_jam_general_pricelist,2022-04-30 18:30:00,1.0,1_product,Jinasena_MasterData_Stock.product_template_dulux_gp_paint_white_lt,list_price,fixed,550.0,0.0,0.0,0.0,0.0,0.0,0.0
product_pricelist_item_id_15771,Jinasena_MasterData_Sales.product_pricelist_jam_general_pricelist,2022-04-30 18:30:00,1.0,1_product,Jinasena_MasterData_Stock.product_template_breake_oil_can_500ml_trailer,list_price,fixed,580.0,0.0,0.0,0.0,0.0,0.0,0.0
product_pricelist_item_id_15770,Jinasena_MasterData_Sales.product_pricelist_jam_general_pricelist,2022-04-30 18:30:00,1.0,1_product,Jinasena_MasterData_Stock.product_template_5hp_jet5_engine_without_light,list_price,fixed,24750.0,0.0,0.0,0.0,0.0,0.0,0.0
product_pricelist_item_id_15769,Jinasena_MasterData_Sales.product_pricelist_jam_general_pricelist,2022-04-30 18:30:00,1.0,1_product,Jinasena_MasterData_Stock.product_template_5hp_jet5_engine_with_light,list_price,fixed,24750.0,0.0,0.0,0.0,0.0,0.0,0.0
product_pricelist_item_id_15768,Jinasena_MasterData_Sales.product_pricelist_jam_general_pricelist,2022-04-30 18:30:00,1.0,1_product,Jinasena_MasterData_Stock.product_template_diesel_engine_12hp_radiator_type_s195n,list_price,fixed,37070.0,0.0,0.0,0.0,0.0,0.0,0.0
product_pricelist_item_id_15767,Jinasena_MasterData_Sales.product_pricelist_jam_general_pricelist,2022-04-30 18:30:00,1.0,1_product,Jinasena_MasterData_Stock.product_template_diesel_engine_8hp_r185_w_o_hl,list_price,fixed,34380.0,0.0,0.0,0.0,0.0,0.0,0.0
product_pricelist_item_id_15766,Jinasena_MasterData_Sales.product_pricelist_jam_general_pricelist,2022-04-30 18:30:00,1.0,1_product,Jinasena_MasterData_Stock.product_template_engine_1_5hp_tusker_nk120,list_price,fixed,18900.0,0.0,0.0,0.0,0.0,0.0,0.0
product_pricelist_item_id_15765,Jinasena_MasterData_Sales.product_pricelist_jam_general_pricelist,2022-04-30 18:30:00,1.0,1_product,Jinasena_MasterData_Stock.product_template_diesel_engine_10hp,list_price,fixed,34920.0,0.0,0.0,0.0,0.0,0.0,0.0
product_pricelist_item_id_15764,Jinasena_MasterData_Sales.product_pricelist_jam_general_pricelist,2022-04-30 18:30:00,1.0,1_product,Jinasena_MasterData_Stock.product_template_diesel_engine_8hp,list_price,fixed,26310.0,0.0,0.0,0.0,0.0,0.0,0.0
product_pricelist_item_id_15763,Jinasena_MasterData_Sales.product_pricelist_jam_general_pricelist,2022-04-30 18:30:00,1.0,1_product,Jinasena_MasterData_Stock.product_template_robin_engine_ey20bk,list_price,fixed,43940.0,0.0,0.0,0.0,0.0,0.0,0.0
product_pricelist_item_id_15762,Jinasena_MasterData_Sales.product_pricelist_jam_general_pricelist,2022-04-30 18:30:00,1.0,1_product,Jinasena_MasterData_Stock.product_template_elgi_diesel_engine_8hp_jmc8d,list_price,fixed,68620.0,0.0,0.0,0.0,0.0,0.0,0.0
product_pricelist_item_id_15761,Jinasena_MasterData_Sales.product_pricelist_jam_general_pricelist,2022-04-30 18:30:00,1.0,1_product,Jinasena_MasterData_Stock.product_template_robin_ey20dk_engine_paralell,list_price,fixed,33840.0,0.0,0.0,0.0,0.0,0.0,0.0
product_pricelist_item_id_15760,Jinasena_MasterData_Sales.product_pricelist_jam_general_pricelist,2022-04-30 18:30:00,1.0,1_product,Jinasena_MasterData_Stock.product_template_ci_balancing_weight_5kg,list_price,fixed,640.0,0.0,0.0,0.0,0.0,0.0,0.0
product_pricelist_item_id_15759,Jinasena_MasterData_Sales.product_pricelist_jam_general_pricelist,2022-04-30 18:30:00,1.0,1_product,Jinasena_MasterData_Stock.product_template_ci_balancing_weight_10kg,list_price,fixed,1010.0,0.0,0.0,0.0,0.0,0.0,0.0
product_pricelist_item_id_15758,Jinasena_MasterData_Sales.product_pricelist_jam_general_pricelist,2022-04-30 18:30:00,1.0,1_product,Jinasena_MasterData_Stock.product_template_collar_clutch_assembly,list_price,fixed,170.0,0.0,0.0,0.0,0.0,0.0,0.0
product_pricelist_item_id_15757,Jinasena_MasterData_Sales.product_pricelist_jam_general_pricelist,2022-04-30 18:30:00,1.0,1_product,Jinasena_MasterData_Stock.product_template_al_oil_seal_cover_for_wdu_10,list_price,fixed,290.0,0.0,0.0,0.0,0.0,0.0,0.0
product_pricelist_item_id_15756,Jinasena_MasterData_Sales.product_pricelist_jam_general_pricelist,2022-04-30 18:30:00,1.0,1_product,Jinasena_MasterData_Stock.product_template_drum_pulley_200_2mm,list_price,fixed,2180.0,0.0,0.0,0.0,0.0,0.0,0.0
product_pricelist_item_id_15755,Jinasena_MasterData_Sales.product_pricelist_jam_general_pricelist,2022-04-30 18:30:00,1.0,1_product,Jinasena_MasterData_Stock.product_template_c_i_gear_wheel_c_20t,list_price,fixed,260.0,0.0,0.0,0.0,0.0,0.0,0.0
product_pricelist_item_id_15754,Jinasena_MasterData_Sales.product_pricelist_jam_general_pricelist,2022-04-30 18:30:00,1.0,1_product,Jinasena_MasterData_Stock.product_template_c_i_gear_wheel_b_20t,list_price,fixed,190.0,0.0,0.0,0.0,0.0,0.0,0.0
product_pricelist_item_id_15753,Jinasena_MasterData_Sales.product_pricelist_jam_general_pricelist,2022-04-30 18:30:00,1.0,1_product,Jinasena_MasterData_Stock.product_template_c_i_gear_wheel_a_17,list_price,fixed,320.0,0.0,0.0,0.0,0.0,0.0,0.0
product_pricelist_item_id_15752,Jinasena_MasterData_Sales.product_pricelist_jam_general_pricelist,2022-04-30 18:30:00,1.0,1_product,Jinasena_MasterData_Stock.product_template_drum_pulley_th1_t_2g_300_400,list_price,fixed,4360.0,0.0,0.0,0.0,0.0,0.0,0.0
product_pricelist_item_id_15751,Jinasena_MasterData_Sales.product_pricelist_jam_general_pricelist,2022-04-30 18:30:00,1.0,1_product,Jinasena_MasterData_Stock.product_template_engine_pulley_th7_20_th1_20,list_price,fixed,1270.0,0.0,0.0,0.0,0.0,0.0,0.0
product_pricelist_item_id_15750,Jinasena_MasterData_Sales.product_pricelist_jam_general_pricelist,2022-04-30 18:30:00,1.0,1_product,Jinasena_MasterData_Stock.product_template_drum_pulley_3_300mm_for_th6_tk,list_price,fixed,1540.0,0.0,0.0,0.0,0.0,0.0,0.0
product_pricelist_item_id_15749,Jinasena_MasterData_Sales.product_pricelist_jam_general_pricelist,2022-04-30 18:30:00,1.0,1_product,Jinasena_MasterData_Stock.product_template_c_i_pully_engine_for_th6_28,list_price,fixed,300.0,0.0,0.0,0.0,0.0,0.0,0.0
product_pricelist_item_id_15748,Jinasena_MasterData_Sales.product_pricelist_jam_general_pricelist,2024-02-13 18:30:00,1.0,1_product,Jinasena_MasterData_Stock.product_template_c_i_step_pulley_118_83_3_tcm,list_price,fixed,4500.0,0.0,0.0,0.0,0.0,0.0,0.0
product_pricelist_item_id_15747,Jinasena_MasterData_Sales.product_pricelist_jam_general_pricelist,2024-02-01 18:30:00,1.0,1_product,Jinasena_MasterData_Stock.product_template_reduction_pulley_for_tea_cutter,list_price,fixed,5500.0,0.0,0.0,0.0,0.0,0.0,0.0
product_pricelist_item_id_15746,Jinasena_MasterData_Sales.product_pricelist_jam_general_pricelist,2024-02-05 18:30:00,1.0,1_product,Jinasena_MasterData_Stock.product_template_c_i_motor_pulley_113x65mm_tcm,list_price,fixed,3400.0,0.0,0.0,0.0,0.0,0.0,0.0
product_pricelist_item_id_15745,Jinasena_MasterData_Sales.product_pricelist_jam_general_pricelist,2022-04-30 18:30:00,1.0,1_product,Jinasena_MasterData_Stock.product_template_m_m_chopp_top_cover_bottom_brac_machined,list_price,fixed,1930.0,0.0,0.0,0.0,0.0,0.0,0.0
product_pricelist_item_id_15744,Jinasena_MasterData_Sales.product_pricelist_jam_general_pricelist,2022-04-30 18:30:00,1.0,1_product,Jinasena_MasterData_Stock.product_template_65mm_pulley_straw_cutter_eng_dru,list_price,fixed,290.0,0.0,0.0,0.0,0.0,0.0,0.0
product_pricelist_item_id_15743,Jinasena_MasterData_Sales.product_pricelist_jam_general_pricelist,2022-04-30 18:30:00,1.0,1_product,Jinasena_MasterData_Stock.product_template_motor_pulley_75mm_straw_cutter,list_price,fixed,290.0,0.0,0.0,0.0,0.0,0.0,0.0
product_pricelist_item_id_15742,Jinasena_MasterData_Sales.product_pricelist_jam_general_pricelist,2022-04-30 18:30:00,1.0,1_product,Jinasena_MasterData_Stock.product_template_oil_seal_housing_for_rmt4,list_price,fixed,190.0,0.0,0.0,0.0,0.0,0.0,0.0
product_pricelist_item_id_15741,Jinasena_MasterData_Sales.product_pricelist_jam_general_pricelist,2022-04-30 18:30:00,1.0,1_product,Jinasena_MasterData_Stock.product_template_al_tension_pulley_for_rmt4,list_price,fixed,600.0,0.0,0.0,0.0,0.0,0.0,0.0
product_pricelist_item_id_15740,Jinasena_MasterData_Sales.product_pricelist_jam_general_pricelist,2022-04-30 18:30:00,1.0,1_product,Jinasena_MasterData_Stock.product_template_pulley_for_roto_master_300_1_mm,list_price,fixed,1620.0,0.0,0.0,0.0,0.0,0.0,0.0
product_pricelist_item_id_15739,Jinasena_MasterData_Sales.product_pricelist_jam_general_pricelist,2022-04-30 18:30:00,1.0,1_product,Jinasena_MasterData_Stock.product_template_gear_box_cover_for_roto_master,list_price,fixed,1280.0,0.0,0.0,0.0,0.0,0.0,0.0
product_pricelist_item_id_15738,Jinasena_MasterData_Sales.product_pricelist_jam_general_pricelist,2022-04-30 18:30:00,1.0,1_product,Jinasena_MasterData_Stock.product_template_engine_pulley_for_r_master,list_price,fixed,850.0,0.0,0.0,0.0,0.0,0.0,0.0
product_pricelist_item_id_15737,Jinasena_MasterData_Sales.product_pricelist_jam_general_pricelist,2022-04-30 18:30:00,1.0,1_product,Jinasena_MasterData_Stock.product_template_red_pully_for_3wheel,list_price,fixed,1620.0,0.0,0.0,0.0,0.0,0.0,0.0
product_pricelist_item_id_15736,Jinasena_MasterData_Sales.product_pricelist_jam_general_pricelist,2022-04-30 18:30:00,1.0,1_product,Jinasena_MasterData_Stock.product_template_pto_pulley_for_agrimec,list_price,fixed,640.0,0.0,0.0,0.0,0.0,0.0,0.0
product_pricelist_item_id_15735,Jinasena_MasterData_Sales.product_pricelist_jam_general_pricelist,2022-04-30 18:30:00,1.0,1_product,Jinasena_MasterData_Stock.product_template_75mm_pulley_for_p_th_motor_type,list_price,fixed,510.0,0.0,0.0,0.0,0.0,0.0,0.0
product_pricelist_item_id_15734,Jinasena_MasterData_Sales.product_pricelist_jam_general_pricelist,2022-04-30 18:30:00,1.0,1_product,Jinasena_MasterData_Stock.product_template_70mm_pulley_for_p_th_motor_type,list_price,fixed,330.0,0.0,0.0,0.0,0.0,0.0,0.0
product_pricelist_item_id_15733,Jinasena_MasterData_Sales.product_pricelist_jam_general_pricelist,2022-04-30 18:30:00,1.0,1_product,Jinasena_MasterData_Stock.product_template_300mm_pulley_for_pepper_thresher,list_price,fixed,2560.0,0.0,0.0,0.0,0.0,0.0,0.0
product_pricelist_item_id_15732,Jinasena_MasterData_Sales.product_pricelist_jam_general_pricelist,2022-04-30 18:30:00,1.0,1_product,Jinasena_MasterData_Stock.product_template_c_i_pulley_200mm_1g_for_mth_t_fm,list_price,fixed,730.0,0.0,0.0,0.0,0.0,0.0,0.0
product_pricelist_item_id_15731,Jinasena_MasterData_Sales.product_pricelist_jam_general_pricelist,2022-04-30 18:30:00,1.0,1_product,Jinasena_MasterData_Stock.product_template_motor_foat_mini_multy_grinder,list_price,fixed,80.0,0.0,0.0,0.0,0.0,0.0,0.0
product_pricelist_item_id_15730,Jinasena_MasterData_Sales.product_pricelist_jam_general_pricelist,2022-04-30 18:30:00,1.0,1_product,Jinasena_MasterData_Stock.product_template_al_motor_base_for_multi_grinder,list_price,fixed,390.0,0.0,0.0,0.0,0.0,0.0,0.0
product_pricelist_item_id_15729,Jinasena_MasterData_Sales.product_pricelist_jam_general_pricelist,2023-03-01 18:30:00,1.0,1_product,Jinasena_MasterData_Stock.product_template_drum_engine_pulley_m_c_85_3,list_price,fixed,4500.0,0.0,0.0,0.0,0.0,0.0,0.0
product_pricelist_item_id_15728,Jinasena_MasterData_Sales.product_pricelist_jam_general_pricelist,2022-04-30 18:30:00,1.0,1_product,Jinasena_MasterData_Stock.product_template_drum_engine_pulley_76_25,list_price,fixed,2720.0,0.0,0.0,0.0,0.0,0.0,0.0
product_pricelist_item_id_15727,Jinasena_MasterData_Sales.product_pricelist_jam_general_pricelist,2022-04-30 18:30:00,1.0,1_product,Jinasena_MasterData_Stock.product_template_drum_eng_motr_puly_112_25_10,list_price,fixed,1090.0,0.0,0.0,0.0,0.0,0.0,0.0
product_pricelist_item_id_15726,Jinasena_MasterData_Sales.product_pricelist_jam_general_pricelist,2022-04-30 18:30:00,1.0,1_product,Jinasena_MasterData_Stock.product_template_jet5_gear_box_parts,list_price,fixed,50.0,0.0,0.0,0.0,0.0,0.0,0.0
product_pricelist_item_id_15725,Jinasena_MasterData_Sales.product_pricelist_jam_general_pricelist,2022-04-30 18:30:00,1.0,1_product,Jinasena_MasterData_Stock.product_template_engine_pulley_jet7_3sp_swan,list_price,fixed,940.0,0.0,0.0,0.0,0.0,0.0,0.0
product_pricelist_item_id_15724,Jinasena_MasterData_Sales.product_pricelist_jam_general_pricelist,2022-04-30 18:30:00,1.0,1_product,Jinasena_MasterData_Stock.product_template_jet_7_pulley_new_2_127mm,list_price,fixed,1050.0,0.0,0.0,0.0,0.0,0.0,0.0
product_pricelist_item_id_15723,Jinasena_MasterData_Sales.product_pricelist_jam_general_pricelist,2022-04-30 18:30:00,1.0,1_product,Jinasena_MasterData_Stock.product_template_c_i_pully_for_att_kit_reaper,list_price,fixed,610.0,0.0,0.0,0.0,0.0,0.0,0.0
product_pricelist_item_id_15722,Jinasena_MasterData_Sales.product_pricelist_jam_general_pricelist,2022-04-30 18:30:00,1.0,1_product,Jinasena_MasterData_Stock.product_template_engine_mount_for_jet_5_engine,list_price,fixed,310.0,0.0,0.0,0.0,0.0,0.0,0.0
product_pricelist_item_id_15721,Jinasena_MasterData_Sales.product_pricelist_jam_general_pricelist,2022-04-30 18:30:00,1.0,1_product,Jinasena_MasterData_Stock.product_template_engine_pulley_for_jet5_102mm,list_price,fixed,440.0,0.0,0.0,0.0,0.0,0.0,0.0
product_pricelist_item_id_15720,Jinasena_MasterData_Sales.product_pricelist_jam_general_pricelist,2022-04-30 18:30:00,1.0,1_product,Jinasena_MasterData_Stock.product_template_brake_shoe_for_trailer,list_price,fixed,610.0,0.0,0.0,0.0,0.0,0.0,0.0
product_pricelist_item_id_15719,Jinasena_MasterData_Sales.product_pricelist_jam_general_pricelist,2022-04-30 18:30:00,1.0,1_product,Jinasena_MasterData_Stock.product_template_c_i_brake_drum_for_trailer,list_price,fixed,1540.0,0.0,0.0,0.0,0.0,0.0,0.0
product_pricelist_item_id_15718,Jinasena_MasterData_Sales.product_pricelist_jam_general_pricelist,2022-04-30 18:30:00,1.0,1_product,Jinasena_MasterData_Stock.product_template_engine_pulley_for_bush_cutt_ey28,list_price,fixed,1100.0,0.0,0.0,0.0,0.0,0.0,0.0
product_pricelist_item_id_15717,Jinasena_MasterData_Sales.product_pricelist_jam_general_pricelist,2022-04-30 18:30:00,1.0,1_product,Jinasena_MasterData_Stock.product_template_idler_fulley_bush_cutter,list_price,fixed,360.0,0.0,0.0,0.0,0.0,0.0,0.0
product_pricelist_item_id_15716,Jinasena_MasterData_Sales.product_pricelist_jam_general_pricelist,2022-04-30 18:30:00,1.0,1_product,Jinasena_MasterData_Stock.product_template_idler_pulley_for_ey28_b_cutter,list_price,fixed,660.0,0.0,0.0,0.0,0.0,0.0,0.0
product_pricelist_item_id_15715,Jinasena_MasterData_Sales.product_pricelist_jam_general_pricelist,2022-04-30 18:30:00,1.0,1_product,Jinasena_MasterData_Stock.product_template_base_bracket_al_mini_m_chopper_machined_,list_price,fixed,2480.0,0.0,0.0,0.0,0.0,0.0,0.0
product_pricelist_item_id_15714,Jinasena_MasterData_Sales.product_pricelist_jam_general_pricelist,2022-04-30 18:30:00,1.0,1_product,Jinasena_MasterData_Stock.product_template_engine_pulley_aht8,list_price,fixed,960.0,0.0,0.0,0.0,0.0,0.0,0.0
product_pricelist_item_id_15713,Jinasena_MasterData_Sales.product_pricelist_jam_general_pricelist,2022-04-30 18:30:00,1.0,1_product,Jinasena_MasterData_Stock.product_template_engine_pulley_5_h_p,list_price,fixed,300.0,0.0,0.0,0.0,0.0,0.0,0.0
product_pricelist_item_id_15712,Jinasena_MasterData_Sales.product_pricelist_jam_general_pricelist,2022-04-30 18:30:00,1.0,1_product,Jinasena_MasterData_Stock.product_template_engine_pulley_for_aht12_3_135mm,list_price,fixed,1190.0,0.0,0.0,0.0,0.0,0.0,0.0
product_pricelist_item_id_15711,Jinasena_MasterData_Sales.product_pricelist_jam_general_pricelist,2022-04-30 18:30:00,1.0,1_product,Jinasena_MasterData_Stock.product_template_c_i_hub_for_aht12,list_price,fixed,580.0,0.0,0.0,0.0,0.0,0.0,0.0
product_pricelist_item_id_15710,Jinasena_MasterData_Sales.product_pricelist_jam_general_pricelist,2022-04-30 18:30:00,1.0,1_product,Jinasena_MasterData_Stock.product_template_c_i_pulley_44x50mm_seaver_m_c,list_price,fixed,940.0,0.0,0.0,0.0,0.0,0.0,0.0
product_pricelist_item_id_15709,Jinasena_MasterData_Sales.product_pricelist_jam_general_pricelist,2022-04-30 18:30:00,1.0,1_product,Jinasena_MasterData_Stock.product_template_cast_iron_pulley_2g_125_22_35mm,list_price,fixed,1980.0,0.0,0.0,0.0,0.0,0.0,0.0
product_pricelist_item_id_15708,Jinasena_MasterData_Sales.product_pricelist_jam_general_pricelist,2022-04-30 18:30:00,1.0,1_product,Jinasena_MasterData_Stock.product_template_c_i_pulley_24x41mm_seaver_m_c,list_price,fixed,590.0,0.0,0.0,0.0,0.0,0.0,0.0
product_pricelist_item_id_15707,Jinasena_MasterData_Sales.product_pricelist_jam_general_pricelist,2022-04-30 18:30:00,1.0,1_product,Jinasena_MasterData_Stock.product_template_c_i_pulley_24x36mm_seaver_m_c,list_price,fixed,560.0,0.0,0.0,0.0,0.0,0.0,0.0
product_pricelist_item_id_15706,Jinasena_MasterData_Sales.product_pricelist_jam_general_pricelist,2022-04-30 18:30:00,1.0,1_product,Jinasena_MasterData_Stock.product_template_c_i_bar_2,list_price,fixed,1100.0,0.0,0.0,0.0,0.0,0.0,0.0
product_pricelist_item_id_15705,Jinasena_MasterData_Sales.product_pricelist_jam_general_pricelist,2022-04-30 18:30:00,1.0,1_product,Jinasena_MasterData_Stock.product_template_cast_iron_pulley_125_15mm,list_price,fixed,1960.0,0.0,0.0,0.0,0.0,0.0,0.0
product_pricelist_item_id_15704,Jinasena_MasterData_Sales.product_pricelist_jam_general_pricelist,2022-04-30 18:30:00,1.0,1_product,Jinasena_MasterData_Stock.product_template_pulley_tension_ta,list_price,fixed,280.0,0.0,0.0,0.0,0.0,0.0,0.0
product_pricelist_item_id_15703,Jinasena_MasterData_Sales.product_pricelist_jam_general_pricelist,2022-04-30 18:30:00,1.0,1_product,Jinasena_MasterData_Stock.product_template_reaper_pulley_st,list_price,fixed,460.0,0.0,0.0,0.0,0.0,0.0,0.0
product_pricelist_item_id_15702,Jinasena_MasterData_Sales.product_pricelist_jam_general_pricelist,2022-04-30 18:30:00,1.0,1_product,Jinasena_MasterData_Stock.product_template_pulley_e,list_price,fixed,270.0,0.0,0.0,0.0,0.0,0.0,0.0
product_pricelist_item_id_15701,Jinasena_MasterData_Sales.product_pricelist_jam_general_pricelist,2022-11-17 18:30:00,1.0,1_product,Jinasena_MasterData_Stock.product_template_pulley_d_for_reaper,list_price,fixed,2750.0,0.0,0.0,0.0,0.0,0.0,0.0
product_pricelist_item_id_15700,Jinasena_MasterData_Sales.product_pricelist_jam_general_pricelist,2022-04-30 18:30:00,1.0,1_product,Jinasena_MasterData_Stock.product_template_pulley_ca,list_price,fixed,800.0,0.0,0.0,0.0,0.0,0.0,0.0
product_pricelist_item_id_15699,Jinasena_MasterData_Sales.product_pricelist_jam_general_pricelist,2022-04-30 18:30:00,1.0,1_product,Jinasena_MasterData_Stock.product_template_pulley_ba,list_price,fixed,710.0,0.0,0.0,0.0,0.0,0.0,0.0
product_pricelist_item_id_15698,Jinasena_MasterData_Sales.product_pricelist_jam_general_pricelist,2022-04-30 18:30:00,1.0,1_product,Jinasena_MasterData_Stock.product_template_pulley_a,list_price,fixed,650.0,0.0,0.0,0.0,0.0,0.0,0.0
product_pricelist_item_id_15697,Jinasena_MasterData_Sales.product_pricelist_jam_general_pricelist,2022-04-30 18:30:00,1.0,1_product,Jinasena_MasterData_Stock.product_template_c_i_pulley_105_28mm_seaver,list_price,fixed,1080.0,0.0,0.0,0.0,0.0,0.0,0.0
product_pricelist_item_id_15696,Jinasena_MasterData_Sales.product_pricelist_jam_general_pricelist,2022-04-30 18:30:00,1.0,1_product,Jinasena_MasterData_Stock.product_template_drum_pulley_2g_300_200mm_fmrc,list_price,fixed,1650.0,0.0,0.0,0.0,0.0,0.0,0.0
product_pricelist_item_id_15695,Jinasena_MasterData_Sales.product_pricelist_jam_general_pricelist,2022-04-30 18:30:00,1.0,1_product,Jinasena_MasterData_Stock.product_template_drum_pulley_th1_20_1_400_narrow,list_price,fixed,3820.0,0.0,0.0,0.0,0.0,0.0,0.0
product_pricelist_item_id_15694,Jinasena_MasterData_Sales.product_pricelist_jam_general_pricelist,2022-04-30 18:30:00,1.0,1_product,Jinasena_MasterData_Stock.product_template_drum_pulley_double_400mm,list_price,fixed,1870.0,0.0,0.0,0.0,0.0,0.0,0.0
product_pricelist_item_id_15693,Jinasena_MasterData_Sales.product_pricelist_jam_general_pricelist,2022-04-30 18:30:00,1.0,1_product,Jinasena_MasterData_Stock.product_template_drum_pulley_th7_20_1_400,list_price,fixed,6720.0,0.0,0.0,0.0,0.0,0.0,0.0
product_pricelist_item_id_15692,Jinasena_MasterData_Sales.product_pricelist_jam_general_pricelist,2022-04-30 18:30:00,1.0,1_product,Jinasena_MasterData_Stock.product_template_drum_pulley_300mm,list_price,fixed,2750.0,0.0,0.0,0.0,0.0,0.0,0.0
product_pricelist_item_id_15691,Jinasena_MasterData_Sales.product_pricelist_jam_general_pricelist,2022-04-30 18:30:00,1.0,1_product,Jinasena_MasterData_Stock.product_template_ci_tension_pulley_for_aht_8,list_price,fixed,140.0,0.0,0.0,0.0,0.0,0.0,0.0
product_pricelist_item_id_15690,Jinasena_MasterData_Sales.product_pricelist_jam_general_pricelist,2022-04-30 18:30:00,1.0,1_product,Jinasena_MasterData_Stock.product_template_fan_pulley_ci_th1_t_mmc75,list_price,fixed,1500.0,0.0,0.0,0.0,0.0,0.0,0.0
product_pricelist_item_id_15689,Jinasena_MasterData_Sales.product_pricelist_jam_general_pricelist,2022-04-30 18:30:00,1.0,1_product,Jinasena_MasterData_Stock.product_template_ci_tension_pulley_for_jmc8d,list_price,fixed,390.0,0.0,0.0,0.0,0.0,0.0,0.0
product_pricelist_item_id_15688,Jinasena_MasterData_Sales.product_pricelist_jam_general_pricelist,2022-04-30 18:30:00,1.0,1_product,Jinasena_MasterData_Stock.product_template_clutch_housing,list_price,fixed,720.0,0.0,0.0,0.0,0.0,0.0,0.0
product_pricelist_item_id_15687,Jinasena_MasterData_Sales.product_pricelist_jam_general_pricelist,2022-04-30 18:30:00,1.0,1_product,Jinasena_MasterData_Stock.product_template_bearing_housing_th1_t,list_price,fixed,370.0,0.0,0.0,0.0,0.0,0.0,0.0
product_pricelist_item_id_15686,Jinasena_MasterData_Sales.product_pricelist_jam_general_pricelist,2022-04-30 18:30:00,1.0,1_product,Jinasena_MasterData_Stock.product_template_c_i_motor_end_cover_nr110,list_price,fixed,290.0,0.0,0.0,0.0,0.0,0.0,0.0
product_pricelist_item_id_15685,Jinasena_MasterData_Sales.product_pricelist_jam_general_pricelist,2022-04-30 18:30:00,1.0,1_product,Jinasena_MasterData_Stock.product_template_bearing_housing_for_straw_cutter,list_price,fixed,210.0,0.0,0.0,0.0,0.0,0.0,0.0
product_pricelist_item_id_15684,Jinasena_MasterData_Sales.product_pricelist_jam_general_pricelist,2022-04-30 18:30:00,1.0,1_product,Jinasena_MasterData_Stock.product_template_bearing_housing_b,list_price,fixed,160.0,0.0,0.0,0.0,0.0,0.0,0.0
product_pricelist_item_id_15683,Jinasena_MasterData_Sales.product_pricelist_jam_general_pricelist,2022-04-30 18:30:00,1.0,1_product,Jinasena_MasterData_Stock.product_template_bearing_housing_a,list_price,fixed,160.0,0.0,0.0,0.0,0.0,0.0,0.0
product_pricelist_item_id_15682,Jinasena_MasterData_Sales.product_pricelist_jam_general_pricelist,2022-04-30 18:30:00,1.0,1_product,Jinasena_MasterData_Stock.product_template_toc_f_dm100_hms104_m140_l200,list_price,fixed,690.0,0.0,0.0,0.0,0.0,0.0,0.0
product_pricelist_item_id_15681,Jinasena_MasterData_Sales.product_pricelist_jam_general_pricelist,2023-04-23 18:30:00,1.0,1_product,Jinasena_MasterData_Stock.product_template_toc_e_nr100,list_price,fixed,1200.0,0.0,0.0,0.0,0.0,0.0,0.0
product_pricelist_item_id_15680,Jinasena_MasterData_Sales.product_pricelist_jam_general_pricelist,2022-04-30 18:30:00,1.0,1_product,Jinasena_MasterData_Stock.product_template_toc_b_nr115_hms103,list_price,fixed,670.0,0.0,0.0,0.0,0.0,0.0,0.0
product_pricelist_item_id_15679,Jinasena_MasterData_Sales.product_pricelist_jam_general_pricelist,2022-04-30 18:30:00,1.0,1_product,Jinasena_MasterData_Stock.product_template_st_capacitor_svs_55mfd_275v,list_price,fixed,470.0,0.0,0.0,0.0,0.0,0.0,0.0
product_pricelist_item_id_15678,Jinasena_MasterData_Sales.product_pricelist_jam_general_pricelist,2022-04-30 18:30:00,1.0,1_product,Jinasena_MasterData_Stock.product_template_capacitor_30mfd,list_price,fixed,820.0,0.0,0.0,0.0,0.0,0.0,0.0
product_pricelist_item_id_15677,Jinasena_MasterData_Sales.product_pricelist_jam_general_pricelist,2022-05-24 18:30:00,1.0,1_product,Jinasena_MasterData_Stock.product_template_running_capacitor_16_mfd_329149,list_price,fixed,472.0,0.0,0.0,0.0,0.0,0.0,0.0
product_pricelist_item_id_15676,Jinasena_MasterData_Sales.product_pricelist_jam_general_pricelist,2022-04-30 18:30:00,1.0,1_product,Jinasena_MasterData_Stock.product_template_capacitor_80_110_mfd,list_price,fixed,880.0,0.0,0.0,0.0,0.0,0.0,0.0
product_pricelist_item_id_15675,Jinasena_MasterData_Sales.product_pricelist_jam_general_pricelist,2022-04-30 18:30:00,1.0,1_product,Jinasena_MasterData_Stock.product_template_1_2x1_8x18t_free_wheel_fu,list_price,fixed,150.0,0.0,0.0,0.0,0.0,0.0,0.0
product_pricelist_item_id_15674,Jinasena_MasterData_Sales.product_pricelist_jam_general_pricelist,2022-04-30 18:30:00,1.0,1_product,Jinasena_MasterData_Stock.product_template_return_spring_for_3wheeler,list_price,fixed,50.0,0.0,0.0,0.0,0.0,0.0,0.0
product_pricelist_item_id_15673,Jinasena_MasterData_Sales.product_pricelist_jam_general_pricelist,2022-04-30 18:30:00,1.0,1_product,Jinasena_MasterData_Stock.product_template_brake_linners_for_tractor_trailer,list_price,fixed,220.0,0.0,0.0,0.0,0.0,0.0,0.0
product_pricelist_item_id_15672,Jinasena_MasterData_Sales.product_pricelist_jam_general_pricelist,2022-04-30 18:30:00,1.0,1_product,Jinasena_MasterData_Stock.product_template_tyre_7_00x12,list_price,fixed,1650.0,0.0,0.0,0.0,0.0,0.0,0.0
product_pricelist_item_id_15671,Jinasena_MasterData_Sales.product_pricelist_jam_general_pricelist,2022-04-30 18:30:00,1.0,1_product,Jinasena_MasterData_Stock.product_template_imp_jet5_tractor_tyre_5_00x12,list_price,fixed,1480.0,0.0,0.0,0.0,0.0,0.0,0.0
product_pricelist_item_id_15670,Jinasena_MasterData_Sales.product_pricelist_jam_general_pricelist,2022-04-30 18:30:00,1.0,1_product,Jinasena_MasterData_Stock.product_template_4_00_8_tyre_for_rmt4_bajaj,list_price,fixed,3420.0,0.0,0.0,0.0,0.0,0.0,0.0
product_pricelist_item_id_15669,Jinasena_MasterData_Sales.product_pricelist_jam_general_pricelist,2022-04-30 18:30:00,1.0,1_product,Jinasena_MasterData_Stock.product_template_8_rim_for_rmt4_bajaj,list_price,fixed,730.0,0.0,0.0,0.0,0.0,0.0,0.0
product_pricelist_item_id_15668,Jinasena_MasterData_Sales.product_pricelist_jam_general_pricelist,2024-02-01 18:30:00,1.0,1_product,Jinasena_MasterData_Stock.product_template_rim_10_for_cultivator,list_price,fixed,6500.0,0.0,0.0,0.0,0.0,0.0,0.0
product_pricelist_item_id_15667,Jinasena_MasterData_Sales.product_pricelist_jam_general_pricelist,2022-04-30 18:30:00,1.0,1_product,Jinasena_MasterData_Stock.product_template_rim_8_from_loadstar,list_price,fixed,400.0,0.0,0.0,0.0,0.0,0.0,0.0
product_pricelist_item_id_15666,Jinasena_MasterData_Sales.product_pricelist_jam_general_pricelist,2022-04-30 18:30:00,1.0,1_product,Jinasena_MasterData_Stock.product_template_special_rim_3_00,list_price,fixed,110.0,0.0,0.0,0.0,0.0,0.0,0.0
product_pricelist_item_id_15665,Jinasena_MasterData_Sales.product_pricelist_jam_general_pricelist,2022-04-30 18:30:00,1.0,1_product,Jinasena_MasterData_Stock.product_template_trailer_rim_pair,list_price,fixed,110.0,0.0,0.0,0.0,0.0,0.0,0.0
product_pricelist_item_id_15664,Jinasena_MasterData_Sales.product_pricelist_jam_general_pricelist,2022-04-30 18:30:00,1.0,1_product,Jinasena_MasterData_Stock.product_template_reflector_for_trailer,list_price,fixed,140.0,0.0,0.0,0.0,0.0,0.0,0.0
product_pricelist_item_id_15663,Jinasena_MasterData_Sales.product_pricelist_jam_general_pricelist,2022-04-30 18:30:00,1.0,1_product,Jinasena_MasterData_Stock.product_template_4_00_8_tube_for_rmt4_bajaj,list_price,fixed,660.0,0.0,0.0,0.0,0.0,0.0,0.0
product_pricelist_item_id_15662,Jinasena_MasterData_Sales.product_pricelist_jam_general_pricelist,2022-04-30 18:30:00,1.0,1_product,Jinasena_MasterData_Stock.product_template_tube_400_10,list_price,fixed,1840.0,0.0,0.0,0.0,0.0,0.0,0.0
product_pricelist_item_id_15661,Jinasena_MasterData_Sales.product_pricelist_jam_general_pricelist,2022-04-30 18:30:00,1.0,1_product,Jinasena_MasterData_Stock.product_template_tube_155_12,list_price,fixed,470.0,0.0,0.0,0.0,0.0,0.0,0.0
product_pricelist_item_id_15660,Jinasena_MasterData_Sales.product_pricelist_jam_general_pricelist,2022-04-30 18:30:00,1.0,1_product,Jinasena_MasterData_Stock.product_template_imp_seat_unit_df_250_4w_tractor,list_price,fixed,3850.0,0.0,0.0,0.0,0.0,0.0,0.0
product_pricelist_item_id_15659,Jinasena_MasterData_Sales.product_pricelist_jam_general_pricelist,2022-04-30 18:30:00,1.0,1_product,Jinasena_MasterData_Stock.product_template_seat_unit_for_bush_cutter,list_price,fixed,530.0,0.0,0.0,0.0,0.0,0.0,0.0
product_pricelist_item_id_15658,Jinasena_MasterData_Sales.product_pricelist_jam_general_pricelist,2024-06-02 18:30:00,1.0,1_product,Jinasena_MasterData_Stock.product_template_spring_for_pepper_thresher,list_price,fixed,1500.0,0.0,0.0,0.0,0.0,0.0,0.0
product_pricelist_item_id_15657,Jinasena_MasterData_Sales.product_pricelist_jam_general_pricelist,2022-04-30 18:30:00,1.0,1_product,Jinasena_MasterData_Stock.product_template_spring_for_micro_switch_rod,list_price,fixed,70.0,0.0,0.0,0.0,0.0,0.0,0.0
product_pricelist_item_id_15656,Jinasena_MasterData_Sales.product_pricelist_jam_general_pricelist,2022-04-30 18:30:00,1.0,1_product,Jinasena_MasterData_Stock.product_template_extention_spring_t11_44103_m_c,list_price,fixed,4770.0,0.0,0.0,0.0,0.0,0.0,0.0
product_pricelist_item_id_15655,Jinasena_MasterData_Sales.product_pricelist_jam_general_pricelist,2023-02-14 18:30:00,1.0,1_product,Jinasena_MasterData_Stock.product_template_stand_spring_for_b_c_m_c,list_price,fixed,1500.0,0.0,0.0,0.0,0.0,0.0,0.0
product_pricelist_item_id_15654,Jinasena_MasterData_Sales.product_pricelist_jam_general_pricelist,2022-04-30 18:30:00,1.0,1_product,Jinasena_MasterData_Stock.product_template_breake_spring_46x9_5x1_45_for_gm,list_price,fixed,140.0,0.0,0.0,0.0,0.0,0.0,0.0
product_pricelist_item_id_15653,Jinasena_MasterData_Sales.product_pricelist_jam_general_pricelist,2022-04-30 18:30:00,1.0,1_product,Jinasena_MasterData_Stock.product_template_wet_field_harrow_spring_70x21x3m,list_price,fixed,110.0,0.0,0.0,0.0,0.0,0.0,0.0
product_pricelist_item_id_15652,Jinasena_MasterData_Sales.product_pricelist_jam_general_pricelist,2022-04-30 18:30:00,1.0,1_product,Jinasena_MasterData_Stock.product_template_cone_spring_rotomaster,list_price,fixed,40.0,0.0,0.0,0.0,0.0,0.0,0.0
product_pricelist_item_id_15651,Jinasena_MasterData_Sales.product_pricelist_jam_general_pricelist,2022-04-30 18:30:00,1.0,1_product,Jinasena_MasterData_Stock.product_template_spring_clutch_tension_kubota_kit_329093,list_price,fixed,160.0,0.0,0.0,0.0,0.0,0.0,0.0
product_pricelist_item_id_15650,Jinasena_MasterData_Sales.product_pricelist_jam_general_pricelist,2022-04-30 18:30:00,1.0,1_product,Jinasena_MasterData_Stock.product_template_sprocket_40_54t,list_price,fixed,2200.0,0.0,0.0,0.0,0.0,0.0,0.0
product_pricelist_item_id_15649,Jinasena_MasterData_Sales.product_pricelist_jam_general_pricelist,2022-04-30 18:30:00,1.0,1_product,Jinasena_MasterData_Stock.product_template_sprocket_32t,list_price,fixed,1300.0,0.0,0.0,0.0,0.0,0.0,0.0
product_pricelist_item_id_15648,Jinasena_MasterData_Sales.product_pricelist_jam_general_pricelist,2022-04-30 18:30:00,1.0,1_product,Jinasena_MasterData_Stock.product_template_sprocket_wheel_40_15t_strow_cutt,list_price,fixed,130.0,0.0,0.0,0.0,0.0,0.0,0.0
product_pricelist_item_id_15647,Jinasena_MasterData_Sales.product_pricelist_jam_general_pricelist,2022-04-30 18:30:00,1.0,1_product,Jinasena_MasterData_Stock.product_template_sprocket_40_12t,list_price,fixed,580.0,0.0,0.0,0.0,0.0,0.0,0.0
product_pricelist_item_id_15646,Jinasena_MasterData_Sales.product_pricelist_jam_general_pricelist,2022-04-30 18:30:00,1.0,1_product,Jinasena_MasterData_Stock.product_template_sprocket_11t,list_price,fixed,730.0,0.0,0.0,0.0,0.0,0.0,0.0
product_pricelist_item_id_15645,Jinasena_MasterData_Sales.product_pricelist_jam_general_pricelist,2022-04-30 18:30:00,1.0,1_product,Jinasena_MasterData_Stock.product_template_cable_adjuster,list_price,fixed,30.0,0.0,0.0,0.0,0.0,0.0,0.0
product_pricelist_item_id_15644,Jinasena_MasterData_Sales.product_pricelist_jam_general_pricelist,2022-04-30 18:30:00,1.0,1_product,Jinasena_MasterData_Stock.product_template_rotary_chain_jet_7_46links,list_price,fixed,1870.0,0.0,0.0,0.0,0.0,0.0,0.0
product_pricelist_item_id_15643,Jinasena_MasterData_Sales.product_pricelist_jam_general_pricelist,2022-04-30 18:30:00,1.0,1_product,Jinasena_MasterData_Stock.product_template_rot_gear_box_chain_japen,list_price,fixed,770.0,0.0,0.0,0.0,0.0,0.0,0.0
product_pricelist_item_id_15642,Jinasena_MasterData_Sales.product_pricelist_jam_general_pricelist,2022-04-30 18:30:00,1.0,1_product,Jinasena_MasterData_Stock.product_template_clutch_spring_329068,list_price,fixed,130.0,0.0,0.0,0.0,0.0,0.0,0.0
product_pricelist_item_id_15641,Jinasena_MasterData_Sales.product_pricelist_jam_general_pricelist,2022-04-30 18:30:00,1.0,1_product,Jinasena_MasterData_Stock.product_template_star_wheel_cover,list_price,fixed,30.0,0.0,0.0,0.0,0.0,0.0,0.0
product_pricelist_item_id_15640,Jinasena_MasterData_Sales.product_pricelist_jam_general_pricelist,2022-04-30 18:30:00,1.0,1_product,Jinasena_MasterData_Stock.product_template_reaper_star_wheel_plastic,list_price,fixed,390.0,0.0,0.0,0.0,0.0,0.0,0.0
product_pricelist_item_id_15639,Jinasena_MasterData_Sales.product_pricelist_jam_general_pricelist,2022-04-30 18:30:00,1.0,1_product,Jinasena_MasterData_Stock.product_template_solid_tyre_r_wheel_200x50x100mm,list_price,fixed,1160.0,0.0,0.0,0.0,0.0,0.0,0.0
product_pricelist_item_id_15638,Jinasena_MasterData_Sales.product_pricelist_jam_general_pricelist,2022-04-30 18:30:00,1.0,1_product,Jinasena_MasterData_Stock.product_template_6202_bearing_type_tyres,list_price,fixed,1650.0,0.0,0.0,0.0,0.0,0.0,0.0
product_pricelist_item_id_15637,Jinasena_MasterData_Sales.product_pricelist_jam_general_pricelist,2022-04-30 18:30:00,1.0,1_product,Jinasena_MasterData_Stock.product_template_plummer_block_sn511_for_seever,list_price,fixed,5500.0,0.0,0.0,0.0,0.0,0.0,0.0
product_pricelist_item_id_15636,Jinasena_MasterData_Sales.product_pricelist_jam_general_pricelist,2022-04-30 18:30:00,1.0,1_product,Jinasena_MasterData_Stock.product_template_s_a_bearing_addaptor_1211k_he211,list_price,fixed,3960.0,0.0,0.0,0.0,0.0,0.0,0.0
product_pricelist_item_id_15635,Jinasena_MasterData_Sales.product_pricelist_jam_general_pricelist,2022-04-30 18:30:00,1.0,1_product,Jinasena_MasterData_Stock.product_template_shifting_spanner_12,list_price,fixed,320.0,0.0,0.0,0.0,0.0,0.0,0.0
product_pricelist_item_id_15634,Jinasena_MasterData_Sales.product_pricelist_jam_general_pricelist,2022-04-30 18:30:00,1.0,1_product,Jinasena_MasterData_Stock.product_template_rubber_guard_for_thresher,list_price,fixed,40.0,0.0,0.0,0.0,0.0,0.0,0.0
product_pricelist_item_id_15633,Jinasena_MasterData_Sales.product_pricelist_jam_general_pricelist,2022-04-30 18:30:00,1.0,1_product,Jinasena_MasterData_Stock.product_template_rubber_pad_medium,list_price,fixed,130.0,0.0,0.0,0.0,0.0,0.0,0.0
product_pricelist_item_id_15632,Jinasena_MasterData_Sales.product_pricelist_jam_general_pricelist,2022-04-30 18:30:00,1.0,1_product,Jinasena_MasterData_Stock.product_template_rubber_pad_small,list_price,fixed,70.0,0.0,0.0,0.0,0.0,0.0,0.0
product_pricelist_item_id_15631,Jinasena_MasterData_Sales.product_pricelist_jam_general_pricelist,2022-04-30 18:30:00,1.0,1_product,Jinasena_MasterData_Stock.product_template_shifting_spanner_8,list_price,fixed,950.0,0.0,0.0,0.0,0.0,0.0,0.0
product_pricelist_item_id_15630,Jinasena_MasterData_Sales.product_pricelist_jam_general_pricelist,2023-02-15 18:30:00,1.0,1_product,Jinasena_MasterData_Stock.product_template_rubber_pad_12x4x3_8,list_price,fixed,180.0,0.0,0.0,0.0,0.0,0.0,0.0
product_pricelist_item_id_15629,Jinasena_MasterData_Sales.product_pricelist_jam_general_pricelist,2022-04-30 18:30:00,1.0,1_product,Jinasena_MasterData_Stock.product_template_s_a_bearing_1209k_with_aduptor,list_price,fixed,2640.0,0.0,0.0,0.0,0.0,0.0,0.0
product_pricelist_item_id_15628,Jinasena_MasterData_Sales.product_pricelist_jam_general_pricelist,2022-04-30 18:30:00,1.0,1_product,Jinasena_MasterData_Stock.product_template_plummer_block_sn509,list_price,fixed,930.0,0.0,0.0,0.0,0.0,0.0,0.0
product_pricelist_item_id_15627,Jinasena_MasterData_Sales.product_pricelist_jam_general_pricelist,2022-04-30 18:30:00,1.0,1_product,Jinasena_MasterData_Stock.product_template_s_a_bearing_sleeve_1206k_he2,list_price,fixed,3630.0,0.0,0.0,0.0,0.0,0.0,0.0
product_pricelist_item_id_15626,Jinasena_MasterData_Sales.product_pricelist_jam_general_pricelist,2022-04-30 18:30:00,1.0,1_product,Jinasena_MasterData_Stock.product_template_plummer_block_sn506,list_price,fixed,2230.0,0.0,0.0,0.0,0.0,0.0,0.0
product_pricelist_item_id_15625,Jinasena_MasterData_Sales.product_pricelist_jam_general_pricelist,2022-04-30 18:30:00,1.0,1_product,Jinasena_MasterData_Stock.product_template_plasti_end_cap_for_sp300_frame,list_price,fixed,10.0,0.0,0.0,0.0,0.0,0.0,0.0
product_pricelist_item_id_15624,Jinasena_MasterData_Sales.product_pricelist_jam_general_pricelist,2022-04-30 18:30:00,1.0,1_product,Jinasena_MasterData_Stock.product_template_plastic_cover_handle_frame,list_price,fixed,10.0,0.0,0.0,0.0,0.0,0.0,0.0
product_pricelist_item_id_15623,Jinasena_MasterData_Sales.product_pricelist_jam_general_pricelist,2025-03-24 18:30:00,1.0,1_product,Jinasena_MasterData_Stock.product_template_plastic_wheel_4_1mm_mmc75,list_price,fixed,641.0,0.0,0.0,0.0,0.0,0.0,0.0
product_pricelist_item_id_15622,Jinasena_MasterData_Sales.product_pricelist_jam_general_pricelist,2022-10-02 18:30:00,1.0,1_product,Jinasena_MasterData_Stock.product_template_pillow_bearing_unit_ucp207_35mm,list_price,fixed,4200.0,0.0,0.0,0.0,0.0,0.0,0.0
product_pricelist_item_id_15621,Jinasena_MasterData_Sales.product_pricelist_jam_general_pricelist,2024-07-14 18:30:00,1.0,1_product,Jinasena_MasterData_Stock.product_template_pillow_braring_unit_ucp205_16,list_price,fixed,2535.0,0.0,0.0,0.0,0.0,0.0,0.0
product_pricelist_item_id_15620,Jinasena_MasterData_Sales.product_pricelist_jam_general_pricelist,2023-12-18 18:30:00,1.0,1_product,Jinasena_MasterData_Stock.product_template_pillow_bearing_unit_ucp205,list_price,fixed,2816.67,0.0,0.0,0.0,0.0,0.0,0.0
product_pricelist_item_id_15619,Jinasena_MasterData_Sales.product_pricelist_jam_general_pricelist,2022-04-30 18:30:00,1.0,1_product,Jinasena_MasterData_Stock.product_template_pillow_bearing_unit_p204_uc204_ucp204,list_price,fixed,470.0,0.0,0.0,0.0,0.0,0.0,0.0
product_pricelist_item_id_15618,Jinasena_MasterData_Sales.product_pricelist_jam_general_pricelist,2022-04-30 18:30:00,1.0,1_product,Jinasena_MasterData_Stock.product_template_oil_can_1_4_rigid,list_price,fixed,140.0,0.0,0.0,0.0,0.0,0.0,0.0
product_pricelist_item_id_15617,Jinasena_MasterData_Sales.product_pricelist_jam_general_pricelist,2022-04-30 18:30:00,1.0,1_product,Jinasena_MasterData_Stock.product_template_rotavetor_blade_df250,list_price,fixed,390.0,0.0,0.0,0.0,0.0,0.0,0.0
product_pricelist_item_id_15616,Jinasena_MasterData_Sales.product_pricelist_jam_general_pricelist,2022-04-30 18:30:00,1.0,1_product,Jinasena_MasterData_Stock.product_template_rotar_master_blades,list_price,fixed,140.0,0.0,0.0,0.0,0.0,0.0,0.0
product_pricelist_item_id_15615,Jinasena_MasterData_Sales.product_pricelist_jam_general_pricelist,2022-04-30 18:30:00,1.0,1_product,Jinasena_MasterData_Stock.product_template_mini_m_chopper_wheel_4_2,list_price,fixed,250.0,0.0,0.0,0.0,0.0,0.0,0.0
product_pricelist_item_id_15614,Jinasena_MasterData_Sales.product_pricelist_jam_general_pricelist,2022-04-30 18:30:00,1.0,1_product,Jinasena_MasterData_Stock.product_template_multi_grinder_stand_c_w_try,list_price,fixed,3580.0,0.0,0.0,0.0,0.0,0.0,0.0
product_pricelist_item_id_15613,Jinasena_MasterData_Sales.product_pricelist_jam_general_pricelist,2022-04-30 18:30:00,1.0,1_product,Jinasena_MasterData_Stock.product_template_rear_gate_handle_rn_35_huty001,list_price,fixed,610.0,0.0,0.0,0.0,0.0,0.0,0.0
product_pricelist_item_id_15612,Jinasena_MasterData_Sales.product_pricelist_jam_general_pricelist,2022-04-30 18:30:00,1.0,1_product,Jinasena_MasterData_Stock.product_template_dicky_lock_for_s_s_mul_grinder,list_price,fixed,540.0,0.0,0.0,0.0,0.0,0.0,0.0
product_pricelist_item_id_15611,Jinasena_MasterData_Sales.product_pricelist_jam_general_pricelist,2022-04-30 18:30:00,1.0,1_product,Jinasena_MasterData_Stock.product_template_spring_lock_for_straw_cutter,list_price,fixed,50.0,0.0,0.0,0.0,0.0,0.0,0.0
product_pricelist_item_id_15610,Jinasena_MasterData_Sales.product_pricelist_jam_general_pricelist,2022-04-30 18:30:00,1.0,1_product,Jinasena_MasterData_Stock.product_template_plastic_cover_p_t_o,list_price,fixed,10.0,0.0,0.0,0.0,0.0,0.0,0.0
product_pricelist_item_id_15609,Jinasena_MasterData_Sales.product_pricelist_jam_general_pricelist,2022-12-28 18:30:00,1.0,1_product,Jinasena_MasterData_Stock.product_template_cutter_blade_jsh10_15,list_price,fixed,6550.0,0.0,0.0,0.0,0.0,0.0,0.0
product_pricelist_item_id_15608,Jinasena_MasterData_Sales.product_pricelist_jam_general_pricelist,2022-12-28 18:30:00,1.0,1_product,Jinasena_MasterData_Stock.product_template_fixed_blades_steady_blade,list_price,fixed,7125.0,0.0,0.0,0.0,0.0,0.0,0.0
product_pricelist_item_id_15607,Jinasena_MasterData_Sales.product_pricelist_jam_general_pricelist,2024-07-22 18:30:00,1.0,1_product,Jinasena_MasterData_Stock.product_template_steady_blade_for_js35t,list_price,fixed,7834.0,0.0,0.0,0.0,0.0,0.0,0.0
product_pricelist_item_id_15606,Jinasena_MasterData_Sales.product_pricelist_jam_general_pricelist,2022-05-23 18:30:00,1.0,1_product,Jinasena_MasterData_Stock.product_template_cutter_blade_for_js35t,list_price,fixed,6567.0,0.0,0.0,0.0,0.0,0.0,0.0
product_pricelist_item_id_15605,Jinasena_MasterData_Sales.product_pricelist_jam_general_pricelist,2022-04-30 18:30:00,1.0,1_product,Jinasena_MasterData_Stock.product_template_wheel_hub_for_cultivator_jet5_329003,list_price,fixed,2450.0,0.0,0.0,0.0,0.0,0.0,0.0
product_pricelist_item_id_15604,Jinasena_MasterData_Sales.product_pricelist_jam_general_pricelist,2022-04-30 18:30:00,1.0,1_product,Jinasena_MasterData_Stock.product_template_weeding_head,list_price,fixed,7430.0,0.0,0.0,0.0,0.0,0.0,0.0
product_pricelist_item_id_15603,Jinasena_MasterData_Sales.product_pricelist_jam_general_pricelist,2022-04-30 18:30:00,1.0,1_product,Jinasena_MasterData_Stock.product_template_electric_pad_printer_desitop,list_price,fixed,19460.0,0.0,0.0,0.0,0.0,0.0,0.0
product_pricelist_item_id_15602,Jinasena_MasterData_Sales.product_pricelist_jam_general_pricelist,2022-04-30 18:30:00,1.0,1_product,Jinasena_MasterData_Stock.product_template_rotavater_transmission_8hp,list_price,fixed,17940.0,0.0,0.0,0.0,0.0,0.0,0.0
product_pricelist_item_id_15601,Jinasena_MasterData_Sales.product_pricelist_jam_general_pricelist,2022-04-30 18:30:00,1.0,1_product,Jinasena_MasterData_Stock.product_template_rotavator_transmission_jet6_7,list_price,fixed,1100.0,0.0,0.0,0.0,0.0,0.0,0.0
product_pricelist_item_id_15600,Jinasena_MasterData_Sales.product_pricelist_jam_general_pricelist,2022-04-30 18:30:00,1.0,1_product,Jinasena_MasterData_Stock.product_template_reduction_shaft_2_for_rmt4,list_price,fixed,530.0,0.0,0.0,0.0,0.0,0.0,0.0
product_pricelist_item_id_15599,Jinasena_MasterData_Sales.product_pricelist_jam_general_pricelist,2022-04-30 18:30:00,1.0,1_product,Jinasena_MasterData_Stock.product_template_reduction_shaft_rmt4,list_price,fixed,660.0,0.0,0.0,0.0,0.0,0.0,0.0
product_pricelist_item_id_15598,Jinasena_MasterData_Sales.product_pricelist_jam_general_pricelist,2022-04-30 18:30:00,1.0,1_product,Jinasena_MasterData_Stock.product_template_speed_changed_gear_for_r_master,list_price,fixed,660.0,0.0,0.0,0.0,0.0,0.0,0.0
product_pricelist_item_id_15597,Jinasena_MasterData_Sales.product_pricelist_jam_general_pricelist,2022-04-30 18:30:00,1.0,1_product,Jinasena_MasterData_Stock.product_template_reversible_plough_250_mm,list_price,fixed,10180.0,0.0,0.0,0.0,0.0,0.0,0.0
product_pricelist_item_id_15596,Jinasena_MasterData_Sales.product_pricelist_jam_general_pricelist,2022-04-30 18:30:00,1.0,1_product,Jinasena_MasterData_Stock.product_template_power_sprayer_f_767f,list_price,fixed,25070.0,0.0,0.0,0.0,0.0,0.0,0.0
product_pricelist_item_id_15595,Jinasena_MasterData_Sales.product_pricelist_jam_general_pricelist,2022-04-30 18:30:00,1.0,1_product,Jinasena_MasterData_Stock.product_template_plough_for_aht8_tractor,list_price,fixed,9920.0,0.0,0.0,0.0,0.0,0.0,0.0
product_pricelist_item_id_15594,Jinasena_MasterData_Sales.product_pricelist_jam_general_pricelist,2022-04-30 18:30:00,1.0,1_product,Jinasena_MasterData_Stock.product_template_plough_250_mm,list_price,fixed,7580.0,0.0,0.0,0.0,0.0,0.0,0.0
product_pricelist_item_id_15593,Jinasena_MasterData_Sales.product_pricelist_jam_general_pricelist,2022-04-30 18:30:00,1.0,1_product,Jinasena_MasterData_Stock.product_template_share_plough_aht12,list_price,fixed,8770.0,0.0,0.0,0.0,0.0,0.0,0.0
product_pricelist_item_id_15592,Jinasena_MasterData_Sales.product_pricelist_jam_general_pricelist,2022-04-30 18:30:00,1.0,1_product,Jinasena_MasterData_Stock.product_template_pole_chain_saw,list_price,fixed,4800.0,0.0,0.0,0.0,0.0,0.0,0.0
product_pricelist_item_id_15591,Jinasena_MasterData_Sales.product_pricelist_jam_general_pricelist,2022-04-30 18:30:00,1.0,1_product,Jinasena_MasterData_Stock.product_template_metal_locking_machine_hand_press,list_price,fixed,8660.0,0.0,0.0,0.0,0.0,0.0,0.0
product_pricelist_item_id_15590,Jinasena_MasterData_Sales.product_pricelist_jam_general_pricelist,2022-04-30 18:30:00,1.0,1_product,Jinasena_MasterData_Stock.product_template_cutter_blade_for_multichopper,list_price,fixed,1280.0,0.0,0.0,0.0,0.0,0.0,0.0
product_pricelist_item_id_15589,Jinasena_MasterData_Sales.product_pricelist_jam_general_pricelist,2022-04-30 18:30:00,1.0,1_product,Jinasena_MasterData_Stock.product_template_imp_hanging_blade_jmc6,list_price,fixed,800.0,0.0,0.0,0.0,0.0,0.0,0.0
product_pricelist_item_id_15588,Jinasena_MasterData_Sales.product_pricelist_jam_general_pricelist,2022-04-30 18:30:00,1.0,1_product,Jinasena_MasterData_Stock.product_template_imp_blade_hanging_pin_1_2,list_price,fixed,200.0,0.0,0.0,0.0,0.0,0.0,0.0
product_pricelist_item_id_15587,Jinasena_MasterData_Sales.product_pricelist_jam_general_pricelist,2022-04-30 18:30:00,1.0,1_product,Jinasena_MasterData_Stock.product_template_hangine_blade,list_price,fixed,940.0,0.0,0.0,0.0,0.0,0.0,0.0
product_pricelist_item_id_15586,Jinasena_MasterData_Sales.product_pricelist_jam_general_pricelist,2022-04-30 18:30:00,1.0,1_product,Jinasena_MasterData_Stock.product_template_locking_capping_m_c_jgs_980,list_price,fixed,38150.0,0.0,0.0,0.0,0.0,0.0,0.0
product_pricelist_item_id_15585,Jinasena_MasterData_Sales.product_pricelist_jam_general_pricelist,2022-04-30 18:30:00,1.0,1_product,Jinasena_MasterData_Stock.product_template_locking_capping_m_c_jgs_880,list_price,fixed,34460.0,0.0,0.0,0.0,0.0,0.0,0.0
product_pricelist_item_id_15584,Jinasena_MasterData_Sales.product_pricelist_jam_general_pricelist,2022-04-30 18:30:00,1.0,1_product,Jinasena_MasterData_Stock.product_template_handle_box_assembly_jet5_rmt4,list_price,fixed,3620.0,0.0,0.0,0.0,0.0,0.0,0.0
product_pricelist_item_id_15583,Jinasena_MasterData_Sales.product_pricelist_jam_general_pricelist,2022-04-30 18:30:00,1.0,1_product,Jinasena_MasterData_Stock.product_template_spare_pats_of_tractor_engine,list_price,fixed,200.0,0.0,0.0,0.0,0.0,0.0,0.0
product_pricelist_item_id_15582,Jinasena_MasterData_Sales.product_pricelist_jam_general_pricelist,2022-04-30 18:30:00,1.0,1_product,Jinasena_MasterData_Stock.product_template_wheel_hub_for_cultivator_jet5,list_price,fixed,1280.0,0.0,0.0,0.0,0.0,0.0,0.0
product_pricelist_item_id_15581,Jinasena_MasterData_Sales.product_pricelist_jam_general_pricelist,2022-04-30 18:30:00,1.0,1_product,Jinasena_MasterData_Stock.product_template_chain_saw_blade_chain_only,list_price,fixed,4800.0,0.0,0.0,0.0,0.0,0.0,0.0
product_pricelist_item_id_15580,Jinasena_MasterData_Sales.product_pricelist_jam_general_pricelist,2023-03-15 18:30:00,1.0,1_product,Jinasena_MasterData_Stock.product_template_cutter_blade_60x6x140mm,list_price,fixed,2220.0,0.0,0.0,0.0,0.0,0.0,0.0
product_pricelist_item_id_15579,Jinasena_MasterData_Sales.product_pricelist_jam_general_pricelist,2022-04-30 18:30:00,1.0,1_product,Jinasena_MasterData_Stock.product_template_bushcutter_chain_saw_with_shaft,list_price,fixed,6540.0,0.0,0.0,0.0,0.0,0.0,0.0
product_pricelist_item_id_15578,Jinasena_MasterData_Sales.product_pricelist_jam_general_pricelist,2022-04-30 18:30:00,1.0,1_product,Jinasena_MasterData_Stock.product_template_silage_chopper_straw,list_price,fixed,58830.0,0.0,0.0,0.0,0.0,0.0,0.0
product_pricelist_item_id_15577,Jinasena_MasterData_Sales.product_pricelist_jam_general_pricelist,2022-04-30 18:30:00,1.0,1_product,Jinasena_MasterData_Stock.product_template_df_250_4w_tractor_tyres,list_price,fixed,12930.0,0.0,0.0,0.0,0.0,0.0,0.0
product_pricelist_item_id_15576,Jinasena_MasterData_Sales.product_pricelist_jam_general_pricelist,2022-04-30 18:30:00,1.0,1_product,Jinasena_MasterData_Stock.product_template_df_250_rotary_slasher,list_price,fixed,60500.0,0.0,0.0,0.0,0.0,0.0,0.0
product_pricelist_item_id_15575,Jinasena_MasterData_Sales.product_pricelist_jam_general_pricelist,2022-04-30 18:30:00,1.0,1_product,Jinasena_MasterData_Stock.product_template_df_250_rotavator,list_price,fixed,71500.0,0.0,0.0,0.0,0.0,0.0,0.0
product_pricelist_item_id_15574,Jinasena_MasterData_Sales.product_pricelist_jam_general_pricelist,2022-04-30 18:30:00,1.0,1_product,Jinasena_MasterData_Stock.product_template_df_250_disc_plough,list_price,fixed,27500.0,0.0,0.0,0.0,0.0,0.0,0.0
product_pricelist_item_id_15573,Jinasena_MasterData_Sales.product_pricelist_jam_general_pricelist,2022-04-30 18:30:00,1.0,1_product,Jinasena_MasterData_Stock.product_template_gear_plate_handle_bar_gt8_gt_9,list_price,fixed,3570.0,0.0,0.0,0.0,0.0,0.0,0.0
product_pricelist_item_id_15572,Jinasena_MasterData_Sales.product_pricelist_jam_general_pricelist,2022-04-30 18:30:00,1.0,1_product,Jinasena_MasterData_Stock.product_template_water_pump_1,list_price,fixed,4620.0,0.0,0.0,0.0,0.0,0.0,0.0
product_pricelist_item_id_15571,Jinasena_MasterData_Sales.product_pricelist_jam_general_pricelist,2022-04-30 18:30:00,1.0,1_product,Jinasena_MasterData_Stock.product_template_side_clutch_lever_rmt4,list_price,fixed,800.0,0.0,0.0,0.0,0.0,0.0,0.0
product_pricelist_item_id_15570,Jinasena_MasterData_Sales.product_pricelist_jam_general_pricelist,2022-04-30 18:30:00,1.0,1_product,Jinasena_MasterData_Stock.product_template_hitch_latch_df250_4w_d_tractor,list_price,fixed,1130.0,0.0,0.0,0.0,0.0,0.0,0.0
product_pricelist_item_id_15569,Jinasena_MasterData_Sales.product_pricelist_jam_general_pricelist,2022-04-30 18:30:00,1.0,1_product,Jinasena_MasterData_Stock.product_template_hitch_hook_df250_4w_d_tractor,list_price,fixed,2590.0,0.0,0.0,0.0,0.0,0.0,0.0
product_pricelist_item_id_15568,Jinasena_MasterData_Sales.product_pricelist_jam_general_pricelist,2022-04-30 18:30:00,1.0,1_product,Jinasena_MasterData_Stock.product_template_pto_coupling_jet6_15_splines,list_price,fixed,810.0,0.0,0.0,0.0,0.0,0.0,0.0
product_pricelist_item_id_15567,Jinasena_MasterData_Sales.product_pricelist_jam_general_pricelist,2022-04-30 18:30:00,1.0,1_product,Jinasena_MasterData_Stock.product_template_pto_spline_coupling_for_jet5,list_price,fixed,810.0,0.0,0.0,0.0,0.0,0.0,0.0
product_pricelist_item_id_15566,Jinasena_MasterData_Sales.product_pricelist_jam_general_pricelist,2022-04-30 18:30:00,1.0,1_product,Jinasena_MasterData_Stock.product_template_tractor_attachment_plate_r,list_price,fixed,770.0,0.0,0.0,0.0,0.0,0.0,0.0
product_pricelist_item_id_15565,Jinasena_MasterData_Sales.product_pricelist_jam_general_pricelist,2022-04-30 18:30:00,1.0,1_product,Jinasena_MasterData_Stock.product_template_tractor_attachment_plate_l,list_price,fixed,770.0,0.0,0.0,0.0,0.0,0.0,0.0
product_pricelist_item_id_15564,Jinasena_MasterData_Sales.product_pricelist_jam_general_pricelist,2022-04-30 18:30:00,1.0,1_product,Jinasena_MasterData_Stock.product_template_transmis_jet6_7_3spd_complete,list_price,fixed,3850.0,0.0,0.0,0.0,0.0,0.0,0.0
product_pricelist_item_id_15563,Jinasena_MasterData_Sales.product_pricelist_jam_general_pricelist,2022-04-30 18:30:00,1.0,1_product,Jinasena_MasterData_Stock.product_template_imp_jet5_tractor_without_engine,list_price,fixed,51560.0,0.0,0.0,0.0,0.0,0.0,0.0
product_pricelist_item_id_15562,Jinasena_MasterData_Sales.product_pricelist_jam_general_pricelist,2022-04-30 18:30:00,1.0,1_product,Jinasena_MasterData_Stock.product_template_chain_link_40_1_2,list_price,fixed,20.0,0.0,0.0,0.0,0.0,0.0,0.0
product_pricelist_item_id_15561,Jinasena_MasterData_Sales.product_pricelist_jam_general_pricelist,2022-04-30 18:30:00,1.0,1_product,Jinasena_MasterData_Stock.product_template_ansi_chain_50x1r_x10ft,list_price,fixed,6330.0,0.0,0.0,0.0,0.0,0.0,0.0
product_pricelist_item_id_15560,Jinasena_MasterData_Sales.product_pricelist_jam_general_pricelist,2022-04-30 18:30:00,1.0,1_product,Jinasena_MasterData_Stock.product_template_chain_88x40x1_2,list_price,fixed,20.0,0.0,0.0,0.0,0.0,0.0,0.0
product_pricelist_item_id_15559,Jinasena_MasterData_Sales.product_pricelist_jam_general_pricelist,2022-04-30 18:30:00,1.0,1_product,Jinasena_MasterData_Stock.product_template_chain_35_3_8x3_16,list_price,fixed,20.0,0.0,0.0,0.0,0.0,0.0,0.0
product_pricelist_item_id_15558,Jinasena_MasterData_Sales.product_pricelist_jam_general_pricelist,2022-04-30 18:30:00,1.0,1_product,Jinasena_MasterData_Stock.product_template_chain_1_1_4_x5_8_x1_4,list_price,fixed,10.0,0.0,0.0,0.0,0.0,0.0,0.0
product_pricelist_item_id_15557,Jinasena_MasterData_Sales.product_pricelist_jam_general_pricelist,2022-04-30 18:30:00,1.0,1_product,Jinasena_MasterData_Stock.product_template_complete_st_clutch_cable_rmt4_ku,list_price,fixed,750.0,0.0,0.0,0.0,0.0,0.0,0.0
product_pricelist_item_id_15556,Jinasena_MasterData_Sales.product_pricelist_jam_general_pricelist,2022-04-30 18:30:00,1.0,1_product,Jinasena_MasterData_Stock.product_template_bar_spring_for_bush_cutter,list_price,fixed,1590.0,0.0,0.0,0.0,0.0,0.0,0.0
product_pricelist_item_id_15555,Jinasena_MasterData_Sales.product_pricelist_jam_general_pricelist,2022-04-30 18:30:00,1.0,1_product,Jinasena_MasterData_Stock.product_template_foot_cycle_brake_cable,list_price,fixed,70.0,0.0,0.0,0.0,0.0,0.0,0.0
product_pricelist_item_id_15554,Jinasena_MasterData_Sales.product_pricelist_jam_general_pricelist,2013-10-30 18:30:00,1.0,1_product,Jinasena_MasterData_Stock.product_template_foot_cycle_brake_cable,list_price,fixed,48.0,0.0,0.0,0.0,0.0,0.0,0.0
product_pricelist_item_id_15553,Jinasena_MasterData_Sales.product_pricelist_jam_general_pricelist,2022-04-30 18:30:00,1.0,1_product,Jinasena_MasterData_Stock.product_template_accerator_cabel_jet5,list_price,fixed,60.0,0.0,0.0,0.0,0.0,0.0,0.0
product_pricelist_item_id_15552,Jinasena_MasterData_Sales.product_pricelist_jam_general_pricelist,2022-04-30 18:30:00,1.0,1_product,Jinasena_MasterData_Stock.product_template_o_ring_for_brake_pump,list_price,fixed,40.0,0.0,0.0,0.0,0.0,0.0,0.0
product_pricelist_item_id_15551,Jinasena_MasterData_Sales.product_pricelist_jam_general_pricelist,2022-04-30 18:30:00,1.0,1_product,Jinasena_MasterData_Stock.product_template_master_pump_valve_bajaj,list_price,fixed,80.0,0.0,0.0,0.0,0.0,0.0,0.0
product_pricelist_item_id_15550,Jinasena_MasterData_Sales.product_pricelist_jam_general_pricelist,2022-04-30 18:30:00,1.0,1_product,Jinasena_MasterData_Stock.product_template_brake_switch_washer_bajaj,list_price,fixed,10.0,0.0,0.0,0.0,0.0,0.0,0.0
product_pricelist_item_id_15549,Jinasena_MasterData_Sales.product_pricelist_jam_general_pricelist,2022-04-30 18:30:00,1.0,1_product,Jinasena_MasterData_Stock.product_template_m_c_whale_bjaj,list_price,fixed,30.0,0.0,0.0,0.0,0.0,0.0,0.0
product_pricelist_item_id_15548,Jinasena_MasterData_Sales.product_pricelist_jam_general_pricelist,2022-04-30 18:30:00,1.0,1_product,Jinasena_MasterData_Stock.product_template_rubber_grease_bajaj,list_price,fixed,20.0,0.0,0.0,0.0,0.0,0.0,0.0
product_pricelist_item_id_15547,Jinasena_MasterData_Sales.product_pricelist_jam_general_pricelist,2022-04-30 18:30:00,1.0,1_product,Jinasena_MasterData_Stock.product_template_brake_pipe_set_bajaj,list_price,fixed,260.0,0.0,0.0,0.0,0.0,0.0,0.0
product_pricelist_item_id_15546,Jinasena_MasterData_Sales.product_pricelist_jam_general_pricelist,2022-04-30 18:30:00,1.0,1_product,Jinasena_MasterData_Stock.product_template_m_c_nut_bajaj,list_price,fixed,60.0,0.0,0.0,0.0,0.0,0.0,0.0
product_pricelist_item_id_15545,Jinasena_MasterData_Sales.product_pricelist_jam_general_pricelist,2022-04-30 18:30:00,1.0,1_product,Jinasena_MasterData_Stock.product_template_m_c_bottle_bajaj,list_price,fixed,110.0,0.0,0.0,0.0,0.0,0.0,0.0
product_pricelist_item_id_15544,Jinasena_MasterData_Sales.product_pricelist_jam_general_pricelist,2022-04-30 18:30:00,1.0,1_product,Jinasena_MasterData_Stock.product_template_m_c_rod_bajaj,list_price,fixed,160.0,0.0,0.0,0.0,0.0,0.0,0.0
product_pricelist_item_id_15543,Jinasena_MasterData_Sales.product_pricelist_jam_general_pricelist,2022-04-30 18:30:00,1.0,1_product,Jinasena_MasterData_Stock.product_template_master_pump_washer_bajaj,list_price,fixed,40.0,0.0,0.0,0.0,0.0,0.0,0.0
product_pricelist_item_id_15542,Jinasena_MasterData_Sales.product_pricelist_jam_general_pricelist,2022-04-30 18:30:00,1.0,1_product,Jinasena_MasterData_Stock.product_template_brake_switch_bajaj,list_price,fixed,90.0,0.0,0.0,0.0,0.0,0.0,0.0
product_pricelist_item_id_15541,Jinasena_MasterData_Sales.product_pricelist_jam_general_pricelist,2022-04-30 18:30:00,1.0,1_product,Jinasena_MasterData_Stock.product_template_brake_pipe_union_bajaj,list_price,fixed,40.0,0.0,0.0,0.0,0.0,0.0,0.0
product_pricelist_item_id_15540,Jinasena_MasterData_Sales.product_pricelist_jam_general_pricelist,2022-04-30 18:30:00,1.0,1_product,Jinasena_MasterData_Stock.product_template_brake_padel_bajaj,list_price,fixed,160.0,0.0,0.0,0.0,0.0,0.0,0.0
product_pricelist_item_id_15539,Jinasena_MasterData_Sales.product_pricelist_jam_general_pricelist,2022-04-30 18:30:00,1.0,1_product,Jinasena_MasterData_Stock.product_template_master_pump_bajaj,list_price,fixed,600.0,0.0,0.0,0.0,0.0,0.0,0.0
product_pricelist_item_id_15538,Jinasena_MasterData_Sales.product_pricelist_jam_general_pricelist,2022-04-30 18:30:00,1.0,1_product,Jinasena_MasterData_Stock.product_template_auto_starter_unit_10hp_3,list_price,fixed,32540.0,0.0,0.0,0.0,0.0,0.0,0.0
product_pricelist_item_id_15537,Jinasena_MasterData_Sales.product_pricelist_jam_general_pricelist,2022-04-30 18:30:00,1.0,1_product,Jinasena_MasterData_Stock.product_template_knife_bar_for_1_5_mt_reaper,list_price,fixed,320.0,0.0,0.0,0.0,0.0,0.0,0.0
product_pricelist_item_id_15536,Jinasena_MasterData_Sales.product_pricelist_jam_general_pricelist,2022-04-30 18:30:00,1.0,1_product,Jinasena_MasterData_Stock.product_template_reaper_blade_for_tea_cutter,list_price,fixed,420.0,0.0,0.0,0.0,0.0,0.0,0.0
product_pricelist_item_id_15535,Jinasena_MasterData_Sales.product_pricelist_jam_general_pricelist,2022-04-30 18:30:00,1.0,1_product,Jinasena_MasterData_Stock.product_template_knife_reaper,list_price,fixed,140.0,0.0,0.0,0.0,0.0,0.0,0.0
product_pricelist_item_id_15534,Jinasena_MasterData_Sales.product_pricelist_jam_general_pricelist,2022-04-30 18:30:00,1.0,1_product,Jinasena_MasterData_Stock.product_template_knife_bar_only_drilled,list_price,fixed,470.0,0.0,0.0,0.0,0.0,0.0,0.0
product_pricelist_item_id_15533,Jinasena_MasterData_Sales.product_pricelist_jam_general_pricelist,2022-04-30 18:30:00,1.0,1_product,Jinasena_MasterData_Stock.product_template_oil_seal_40x52x07,list_price,fixed,320.0,0.0,0.0,0.0,0.0,0.0,0.0
product_pricelist_item_id_15532,Jinasena_MasterData_Sales.product_pricelist_jam_general_pricelist,2022-04-30 18:30:00,1.0,1_product,Jinasena_MasterData_Stock.product_template_oil_seal_30x44x07,list_price,fixed,220.0,0.0,0.0,0.0,0.0,0.0,0.0
product_pricelist_item_id_15531,Jinasena_MasterData_Sales.product_pricelist_jam_general_pricelist,2022-04-30 18:30:00,1.0,1_product,Jinasena_MasterData_Stock.product_template_oil_seal_30_40_7mm,list_price,fixed,110.0,0.0,0.0,0.0,0.0,0.0,0.0
product_pricelist_item_id_15530,Jinasena_MasterData_Sales.product_pricelist_jam_general_pricelist,2023-04-23 18:30:00,1.0,1_product,Jinasena_MasterData_Stock.product_template_oil_seal_25_40_08,list_price,fixed,718.18,0.0,0.0,0.0,0.0,0.0,0.0
product_pricelist_item_id_15529,Jinasena_MasterData_Sales.product_pricelist_jam_general_pricelist,2022-04-30 18:30:00,1.0,1_product,Jinasena_MasterData_Stock.product_template_oil_seal_17x28x07mm,list_price,fixed,330.0,0.0,0.0,0.0,0.0,0.0,0.0
product_pricelist_item_id_15528,Jinasena_MasterData_Sales.product_pricelist_jam_general_pricelist,2022-04-30 18:30:00,1.0,1_product,Jinasena_MasterData_Stock.product_template_bread_knife_for_mini_grinder,list_price,fixed,540.0,0.0,0.0,0.0,0.0,0.0,0.0
product_pricelist_item_id_15527,Jinasena_MasterData_Sales.product_pricelist_jam_general_pricelist,2022-04-30 18:30:00,1.0,1_product,Jinasena_MasterData_Stock.product_template_oil_seal_25408,list_price,fixed,120.0,0.0,0.0,0.0,0.0,0.0,0.0
product_pricelist_item_id_15526,Jinasena_MasterData_Sales.product_pricelist_jam_general_pricelist,2022-04-30 18:30:00,1.0,1_product,Jinasena_MasterData_Stock.product_template_hose_clip_3_4_1_1_8,list_price,fixed,20.0,0.0,0.0,0.0,0.0,0.0,0.0
product_pricelist_item_id_15525,Jinasena_MasterData_Sales.product_pricelist_jam_general_pricelist,2022-04-30 18:30:00,1.0,1_product,Jinasena_MasterData_Stock.product_template_pin_clutch,list_price,fixed,50.0,0.0,0.0,0.0,0.0,0.0,0.0
product_pricelist_item_id_15524,Jinasena_MasterData_Sales.product_pricelist_jam_general_pricelist,2022-04-30 18:30:00,1.0,1_product,Jinasena_MasterData_Stock.product_template_moving_set_of_clutch_cable,list_price,fixed,330.0,0.0,0.0,0.0,0.0,0.0,0.0
product_pricelist_item_id_15523,Jinasena_MasterData_Sales.product_pricelist_jam_general_pricelist,2022-04-30 18:30:00,1.0,1_product,Jinasena_MasterData_Stock.product_template_pin_change_speed,list_price,fixed,30.0,0.0,0.0,0.0,0.0,0.0,0.0
product_pricelist_item_id_15522,Jinasena_MasterData_Sales.product_pricelist_jam_general_pricelist,2022-04-30 18:30:00,1.0,1_product,Jinasena_MasterData_Stock.product_template_change_speed_fork,list_price,fixed,260.0,0.0,0.0,0.0,0.0,0.0,0.0
product_pricelist_item_id_15521,Jinasena_MasterData_Sales.product_pricelist_jam_general_pricelist,2022-04-30 18:30:00,1.0,1_product,Jinasena_MasterData_Stock.product_template_thread_columnarpir,list_price,fixed,80.0,0.0,0.0,0.0,0.0,0.0,0.0
product_pricelist_item_id_15520,Jinasena_MasterData_Sales.product_pricelist_jam_general_pricelist,2022-04-30 18:30:00,1.0,1_product,Jinasena_MasterData_Stock.product_template_spline_plate_clutch,list_price,fixed,2050.0,0.0,0.0,0.0,0.0,0.0,0.0
product_pricelist_item_id_15519,Jinasena_MasterData_Sales.product_pricelist_jam_general_pricelist,2022-04-30 18:30:00,1.0,1_product,Jinasena_MasterData_Stock.product_template_clutch_cover_complete,list_price,fixed,4480.0,0.0,0.0,0.0,0.0,0.0,0.0
product_pricelist_item_id_15518,Jinasena_MasterData_Sales.product_pricelist_jam_general_pricelist,2022-04-30 18:30:00,1.0,1_product,Jinasena_MasterData_Stock.product_template_sleeve_pull_plate,list_price,fixed,260.0,0.0,0.0,0.0,0.0,0.0,0.0
product_pricelist_item_id_15517,Jinasena_MasterData_Sales.product_pricelist_jam_general_pricelist,2022-04-30 18:30:00,1.0,1_product,Jinasena_MasterData_Stock.product_template_circlip,list_price,fixed,50.0,0.0,0.0,0.0,0.0,0.0,0.0
product_pricelist_item_id_15516,Jinasena_MasterData_Sales.product_pricelist_jam_general_pricelist,2022-04-30 18:30:00,1.0,1_product,Jinasena_MasterData_Stock.product_template_spring_4x5,list_price,fixed,60.0,0.0,0.0,0.0,0.0,0.0,0.0
product_pricelist_item_id_15515,Jinasena_MasterData_Sales.product_pricelist_jam_general_pricelist,2022-04-30 18:30:00,1.0,1_product,Jinasena_MasterData_Stock.product_template_clutch_core_copm,list_price,fixed,3330.0,0.0,0.0,0.0,0.0,0.0,0.0
product_pricelist_item_id_15514,Jinasena_MasterData_Sales.product_pricelist_jam_general_pricelist,2022-04-30 18:30:00,1.0,1_product,Jinasena_MasterData_Stock.product_template_cover_board_bumper,list_price,fixed,650.0,0.0,0.0,0.0,0.0,0.0,0.0
product_pricelist_item_id_15513,Jinasena_MasterData_Sales.product_pricelist_jam_general_pricelist,2022-04-30 18:30:00,1.0,1_product,Jinasena_MasterData_Stock.product_template_bumper,list_price,fixed,110.0,0.0,0.0,0.0,0.0,0.0,0.0
product_pricelist_item_id_15512,Jinasena_MasterData_Sales.product_pricelist_jam_general_pricelist,2022-04-30 18:30:00,1.0,1_product,Jinasena_MasterData_Stock.product_template_dridriven_plate,list_price,fixed,2310.0,0.0,0.0,0.0,0.0,0.0,0.0
product_pricelist_item_id_15511,Jinasena_MasterData_Sales.product_pricelist_jam_general_pricelist,2022-04-30 18:30:00,1.0,1_product,Jinasena_MasterData_Stock.product_template_washer_12,list_price,fixed,40.0,0.0,0.0,0.0,0.0,0.0,0.0
product_pricelist_item_id_15510,Jinasena_MasterData_Sales.product_pricelist_jam_general_pricelist,2022-04-30 18:30:00,1.0,1_product,Jinasena_MasterData_Stock.product_template_o_ring_18x1_8,list_price,fixed,30.0,0.0,0.0,0.0,0.0,0.0,0.0
product_pricelist_item_id_15509,Jinasena_MasterData_Sales.product_pricelist_jam_general_pricelist,2022-04-30 18:30:00,1.0,1_product,Jinasena_MasterData_Stock.product_template_hexagon_nut_m12,list_price,fixed,60.0,0.0,0.0,0.0,0.0,0.0,0.0
product_pricelist_item_id_15508,Jinasena_MasterData_Sales.product_pricelist_jam_general_pricelist,2022-04-30 18:30:00,1.0,1_product,Jinasena_MasterData_Stock.product_template_spring_20x1_6x55,list_price,fixed,70.0,0.0,0.0,0.0,0.0,0.0,0.0
product_pricelist_item_id_15507,Jinasena_MasterData_Sales.product_pricelist_jam_general_pricelist,2022-04-30 18:30:00,1.0,1_product,Jinasena_MasterData_Stock.product_template_retainer_spring,list_price,fixed,100.0,0.0,0.0,0.0,0.0,0.0,0.0
product_pricelist_item_id_15506,Jinasena_MasterData_Sales.product_pricelist_jam_general_pricelist,2022-09-13 18:30:00,1.0,1_product,Jinasena_MasterData_Stock.product_template_reverse_driven_plate,list_price,fixed,1295.0,0.0,0.0,0.0,0.0,0.0,0.0
product_pricelist_item_id_15505,Jinasena_MasterData_Sales.product_pricelist_jam_general_pricelist,2022-04-30 18:30:00,1.0,1_product,Jinasena_MasterData_Stock.product_template_steel_ball_6_20,list_price,fixed,20.0,0.0,0.0,0.0,0.0,0.0,0.0
product_pricelist_item_id_15504,Jinasena_MasterData_Sales.product_pricelist_jam_general_pricelist,2022-04-30 18:30:00,1.0,1_product,Jinasena_MasterData_Stock.product_template_spring_6x0_8x23,list_price,fixed,30.0,0.0,0.0,0.0,0.0,0.0,0.0
product_pricelist_item_id_15503,Jinasena_MasterData_Sales.product_pricelist_jam_general_pricelist,2022-04-30 18:30:00,1.0,1_product,Jinasena_MasterData_Stock.product_template_o_ring_17x1_8,list_price,fixed,40.0,0.0,0.0,0.0,0.0,0.0,0.0
product_pricelist_item_id_15502,Jinasena_MasterData_Sales.product_pricelist_jam_general_pricelist,2022-04-30 18:30:00,1.0,1_product,Jinasena_MasterData_Stock.product_template_stop_washer_20,list_price,fixed,40.0,0.0,0.0,0.0,0.0,0.0,0.0
product_pricelist_item_id_15501,Jinasena_MasterData_Sales.product_pricelist_jam_general_pricelist,2022-04-30 18:30:00,1.0,1_product,Jinasena_MasterData_Stock.product_template_nut_m20x1_5,list_price,fixed,120.0,0.0,0.0,0.0,0.0,0.0,0.0
product_pricelist_item_id_15500,Jinasena_MasterData_Sales.product_pricelist_jam_general_pricelist,2022-04-30 18:30:00,1.0,1_product,Jinasena_MasterData_Stock.product_template_key_sleeve,list_price,fixed,230.0,0.0,0.0,0.0,0.0,0.0,0.0
product_pricelist_item_id_15499,Jinasena_MasterData_Sales.product_pricelist_jam_general_pricelist,2022-04-30 18:30:00,1.0,1_product,Jinasena_MasterData_Stock.product_template_washer_of_key_sleeve_60x6,list_price,fixed,120.0,0.0,0.0,0.0,0.0,0.0,0.0
product_pricelist_item_id_15498,Jinasena_MasterData_Sales.product_pricelist_jam_general_pricelist,2022-04-30 18:30:00,1.0,1_product,Jinasena_MasterData_Stock.product_template_bush_of_the_main_shaft,list_price,fixed,440.0,0.0,0.0,0.0,0.0,0.0,0.0
product_pricelist_item_id_15497,Jinasena_MasterData_Sales.product_pricelist_jam_general_pricelist,2022-04-30 18:30:00,1.0,1_product,Jinasena_MasterData_Stock.product_template_clutch_fork_bush_revers_shaft,list_price,fixed,260.0,0.0,0.0,0.0,0.0,0.0,0.0
product_pricelist_item_id_15496,Jinasena_MasterData_Sales.product_pricelist_jam_general_pricelist,2022-04-30 18:30:00,1.0,1_product,Jinasena_MasterData_Stock.product_template_change_speed_shaft_bush,list_price,fixed,260.0,0.0,0.0,0.0,0.0,0.0,0.0
product_pricelist_item_id_15495,Jinasena_MasterData_Sales.product_pricelist_jam_general_pricelist,2022-04-30 18:30:00,1.0,1_product,Jinasena_MasterData_Stock.product_template_lid_of_oil_seal,list_price,fixed,210.0,0.0,0.0,0.0,0.0,0.0,0.0
product_pricelist_item_id_15494,Jinasena_MasterData_Sales.product_pricelist_jam_general_pricelist,2022-04-30 18:30:00,1.0,1_product,Jinasena_MasterData_Stock.product_template_press_cover,list_price,fixed,580.0,0.0,0.0,0.0,0.0,0.0,0.0
product_pricelist_item_id_15493,Jinasena_MasterData_Sales.product_pricelist_jam_general_pricelist,2022-04-30 18:30:00,1.0,1_product,Jinasena_MasterData_Stock.product_template_o_ring_45x1_8,list_price,fixed,70.0,0.0,0.0,0.0,0.0,0.0,0.0
product_pricelist_item_id_15492,Jinasena_MasterData_Sales.product_pricelist_jam_general_pricelist,2022-04-30 18:30:00,1.0,1_product,Jinasena_MasterData_Stock.product_template_protecting_cover,list_price,fixed,390.0,0.0,0.0,0.0,0.0,0.0,0.0
product_pricelist_item_id_15491,Jinasena_MasterData_Sales.product_pricelist_jam_general_pricelist,2022-04-30 18:30:00,1.0,1_product,Jinasena_MasterData_Stock.product_template_trans_nylone_rein_hose_12mm,list_price,fixed,80.0,0.0,0.0,0.0,0.0,0.0,0.0
product_pricelist_item_id_15490,Jinasena_MasterData_Sales.product_pricelist_jam_general_pricelist,2022-04-30 18:30:00,1.0,1_product,Jinasena_MasterData_Stock.product_template_plastic_flex_hose_b_5_8_mt,list_price,fixed,30.0,0.0,0.0,0.0,0.0,0.0,0.0
product_pricelist_item_id_15489,Jinasena_MasterData_Sales.product_pricelist_jam_general_pricelist,2022-04-30 18:30:00,1.0,1_product,Jinasena_MasterData_Stock.product_template_plst_flex_hose_1_grn_mt,list_price,fixed,90.0,0.0,0.0,0.0,0.0,0.0,0.0
product_pricelist_item_id_15488,Jinasena_MasterData_Sales.product_pricelist_jam_general_pricelist,2022-04-30 18:30:00,1.0,1_product,Jinasena_MasterData_Stock.product_template_ekel_broom,list_price,fixed,100.0,0.0,0.0,0.0,0.0,0.0,0.0
product_pricelist_item_id_15487,Jinasena_MasterData_Sales.product_pricelist_jam_general_pricelist,2022-04-30 18:30:00,1.0,1_product,Jinasena_MasterData_Stock.product_template_non_standard_washer_60x45_5x0_1,list_price,fixed,130.0,0.0,0.0,0.0,0.0,0.0,0.0
product_pricelist_item_id_15486,Jinasena_MasterData_Sales.product_pricelist_jam_general_pricelist,2022-04-30 18:30:00,1.0,1_product,Jinasena_MasterData_Stock.product_template_round_nut_m20x1_5,list_price,fixed,130.0,0.0,0.0,0.0,0.0,0.0,0.0
product_pricelist_item_id_15485,Jinasena_MasterData_Sales.product_pricelist_jam_general_pricelist,2022-11-10 18:30:00,1.0,1_product,Jinasena_MasterData_Stock.product_template_hinge_pin_b5x28,list_price,fixed,220.0,0.0,0.0,0.0,0.0,0.0,0.0
product_pricelist_item_id_15484,Jinasena_MasterData_Sales.product_pricelist_jam_general_pricelist,2023-05-28 18:30:00,1.0,1_product,Jinasena_MasterData_Stock.product_template_oil_seal_b25x40x7,list_price,fixed,150.0,0.0,0.0,0.0,0.0,0.0,0.0
product_pricelist_item_id_15483,Jinasena_MasterData_Sales.product_pricelist_jam_general_pricelist,2024-07-10 18:30:00,1.0,1_product,Jinasena_MasterData_Stock.product_template_bearing_6009,list_price,fixed,431.0,0.0,0.0,0.0,0.0,0.0,0.0
product_pricelist_item_id_15482,Jinasena_MasterData_Sales.product_pricelist_jam_general_pricelist,2023-02-20 18:30:00,1.0,1_product,Jinasena_MasterData_Stock.product_template_bearing_6007,list_price,fixed,450.0,0.0,0.0,0.0,0.0,0.0,0.0
product_pricelist_item_id_15481,Jinasena_MasterData_Sales.product_pricelist_jam_general_pricelist,2022-04-30 18:30:00,1.0,1_product,Jinasena_MasterData_Stock.product_template_s_s_powder_whiting,list_price,fixed,200.0,0.0,0.0,0.0,0.0,0.0,0.0
product_pricelist_item_id_15480,Jinasena_MasterData_Sales.product_pricelist_jam_general_pricelist,2022-04-30 18:30:00,1.0,1_product,Jinasena_MasterData_Stock.product_template_masking_tape_1,list_price,fixed,40.0,0.0,0.0,0.0,0.0,0.0,0.0
product_pricelist_item_id_15479,Jinasena_MasterData_Sales.product_pricelist_jam_general_pricelist,2022-04-30 18:30:00,1.0,1_product,Jinasena_MasterData_Stock.product_template_hyfin_for_s_s_polishing,list_price,fixed,1240.0,0.0,0.0,0.0,0.0,0.0,0.0
product_pricelist_item_id_15478,Jinasena_MasterData_Sales.product_pricelist_jam_general_pricelist,2022-04-30 18:30:00,1.0,1_product,Jinasena_MasterData_Stock.product_template_denim_wheel_8,list_price,fixed,160.0,0.0,0.0,0.0,0.0,0.0,0.0
product_pricelist_item_id_15477,Jinasena_MasterData_Sales.product_pricelist_jam_general_pricelist,2022-04-30 18:30:00,1.0,1_product,Jinasena_MasterData_Stock.product_template_cotton_wheel_8,list_price,fixed,220.0,0.0,0.0,0.0,0.0,0.0,0.0
product_pricelist_item_id_15476,Jinasena_MasterData_Sales.product_pricelist_jam_general_pricelist,2022-04-30 18:30:00,1.0,1_product,Jinasena_MasterData_Stock.product_template_cotton_wheel_6,list_price,fixed,220.0,0.0,0.0,0.0,0.0,0.0,0.0
product_pricelist_item_id_15475,Jinasena_MasterData_Sales.product_pricelist_jam_general_pricelist,2022-04-30 18:30:00,1.0,1_product,Jinasena_MasterData_Stock.product_template_cotton_wheel_4,list_price,fixed,190.0,0.0,0.0,0.0,0.0,0.0,0.0
product_pricelist_item_id_15474,Jinasena_MasterData_Sales.product_pricelist_jam_general_pricelist,2022-04-30 18:30:00,1.0,1_product,Jinasena_MasterData_Stock.product_template_cotton_wheel_2,list_price,fixed,140.0,0.0,0.0,0.0,0.0,0.0,0.0
product_pricelist_item_id_15473,Jinasena_MasterData_Sales.product_pricelist_jam_general_pricelist,2022-04-30 18:30:00,1.0,1_product,Jinasena_MasterData_Stock.product_template_nylon_bar_1_25mm,list_price,fixed,830.0,0.0,0.0,0.0,0.0,0.0,0.0
product_pricelist_item_id_15472,Jinasena_MasterData_Sales.product_pricelist_jam_general_pricelist,2022-04-30 18:30:00,1.0,1_product,Jinasena_MasterData_Stock.product_template_multibond,list_price,fixed,120.0,0.0,0.0,0.0,0.0,0.0,0.0
product_pricelist_item_id_15471,Jinasena_MasterData_Sales.product_pricelist_jam_general_pricelist,2022-04-30 18:30:00,1.0,1_product,Jinasena_MasterData_Stock.product_template_phosphoric_acid_china_85_2809,list_price,fixed,220.0,0.0,0.0,0.0,0.0,0.0,0.0
product_pricelist_item_id_15470,Jinasena_MasterData_Sales.product_pricelist_jam_general_pricelist,2022-04-30 18:30:00,1.0,1_product,Jinasena_MasterData_Stock.product_template_fibre_glass_accetone,list_price,fixed,860.0,0.0,0.0,0.0,0.0,0.0,0.0
product_pricelist_item_id_15469,Jinasena_MasterData_Sales.product_pricelist_jam_general_pricelist,2022-04-30 18:30:00,1.0,1_product,Jinasena_MasterData_Stock.product_template_silicon_sealer,list_price,fixed,460.0,0.0,0.0,0.0,0.0,0.0,0.0
product_pricelist_item_id_15468,Jinasena_MasterData_Sales.product_pricelist_jam_general_pricelist,2022-04-30 18:30:00,1.0,1_product,Jinasena_MasterData_Stock.product_template_charcoal_kg,list_price,fixed,50.0,0.0,0.0,0.0,0.0,0.0,0.0
product_pricelist_item_id_15467,Jinasena_MasterData_Sales.product_pricelist_jam_general_pricelist,2022-04-30 18:30:00,1.0,1_product,Jinasena_MasterData_Stock.product_template_gasket_shellac_bot,list_price,fixed,110.0,0.0,0.0,0.0,0.0,0.0,0.0
product_pricelist_item_id_15466,Jinasena_MasterData_Sales.product_pricelist_jam_general_pricelist,2022-04-30 18:30:00,1.0,1_product,Jinasena_MasterData_Stock.product_template_l_p_gas_kg,list_price,fixed,450.0,0.0,0.0,0.0,0.0,0.0,0.0
product_pricelist_item_id_15465,Jinasena_MasterData_Sales.product_pricelist_jam_general_pricelist,2022-04-30 18:30:00,1.0,1_product,Jinasena_MasterData_Stock.product_template_cotton_mask_normal,list_price,fixed,20.0,0.0,0.0,0.0,0.0,0.0,0.0
product_pricelist_item_id_15464,Jinasena_MasterData_Sales.product_pricelist_jam_general_pricelist,2022-04-30 18:30:00,1.0,1_product,Jinasena_MasterData_Stock.product_template_rags_kg,list_price,fixed,30.0,0.0,0.0,0.0,0.0,0.0,0.0
product_pricelist_item_id_15463,Jinasena_MasterData_Sales.product_pricelist_jam_general_pricelist,2022-04-30 18:30:00,1.0,1_product,Jinasena_MasterData_Stock.product_template_cataloy_paste,list_price,fixed,430.0,0.0,0.0,0.0,0.0,0.0,0.0
product_pricelist_item_id_15462,Jinasena_MasterData_Sales.product_pricelist_jam_general_pricelist,2022-04-30 18:30:00,1.0,1_product,Jinasena_MasterData_Stock.product_template_cotton_waste_kg,list_price,fixed,60.0,0.0,0.0,0.0,0.0,0.0,0.0
product_pricelist_item_id_15461,Jinasena_MasterData_Sales.product_pricelist_jam_general_pricelist,2022-04-30 18:30:00,1.0,1_product,Jinasena_MasterData_Stock.product_template_kephos_rust_inhibitor_duco_cic,list_price,fixed,1050.0,0.0,0.0,0.0,0.0,0.0,0.0
product_pricelist_item_id_15460,Jinasena_MasterData_Sales.product_pricelist_jam_general_pricelist,2022-04-30 18:30:00,1.0,1_product,Jinasena_MasterData_Stock.product_template_epoxy_adhesive_araldite_17ml_x_2_two_par,list_price,fixed,390.0,0.0,0.0,0.0,0.0,0.0,0.0
product_pricelist_item_id_15459,Jinasena_MasterData_Sales.product_pricelist_jam_general_pricelist,2022-04-30 18:30:00,1.0,1_product,Jinasena_MasterData_Stock.product_template_scool_cholk,list_price,fixed,50.0,0.0,0.0,0.0,0.0,0.0,0.0
product_pricelist_item_id_15458,Jinasena_MasterData_Sales.product_pricelist_jam_general_pricelist,2022-04-30 18:30:00,1.0,1_product,Jinasena_MasterData_Stock.product_template_the_left_knife_of_dry_field,list_price,fixed,230.0,0.0,0.0,0.0,0.0,0.0,0.0
product_pricelist_item_id_15457,Jinasena_MasterData_Sales.product_pricelist_jam_general_pricelist,2022-04-30 18:30:00,1.0,1_product,Jinasena_MasterData_Stock.product_template_th3_t_model_sticker,list_price,fixed,20.0,0.0,0.0,0.0,0.0,0.0,0.0
product_pricelist_item_id_15456,Jinasena_MasterData_Sales.product_pricelist_jam_general_pricelist,2022-04-30 18:30:00,1.0,1_product,Jinasena_MasterData_Stock.product_template_modle_sticker_th2t,list_price,fixed,20.0,0.0,0.0,0.0,0.0,0.0,0.0
product_pricelist_item_id_15455,Jinasena_MasterData_Sales.product_pricelist_jam_general_pricelist,2022-04-30 18:30:00,1.0,1_product,Jinasena_MasterData_Stock.product_template_thresher_model_st_th1_20,list_price,fixed,20.0,0.0,0.0,0.0,0.0,0.0,0.0
product_pricelist_item_id_15454,Jinasena_MasterData_Sales.product_pricelist_jam_general_pricelist,2022-04-30 18:30:00,1.0,1_product,Jinasena_MasterData_Stock.product_template_safety_warning_sticker,list_price,fixed,30.0,0.0,0.0,0.0,0.0,0.0,0.0
product_pricelist_item_id_15453,Jinasena_MasterData_Sales.product_pricelist_jam_general_pricelist,2022-04-30 18:30:00,1.0,1_product,Jinasena_MasterData_Stock.product_template_thresher_warning_sticker,list_price,fixed,10.0,0.0,0.0,0.0,0.0,0.0,0.0
product_pricelist_item_id_15452,Jinasena_MasterData_Sales.product_pricelist_jam_general_pricelist,2022-04-30 18:30:00,1.0,1_product,Jinasena_MasterData_Stock.product_template_services_warning_sticker,list_price,fixed,10.0,0.0,0.0,0.0,0.0,0.0,0.0
product_pricelist_item_id_15451,Jinasena_MasterData_Sales.product_pricelist_jam_general_pricelist,2022-04-30 18:30:00,1.0,1_product,Jinasena_MasterData_Stock.product_template_super_5_reaper_r1_2_singhala,list_price,fixed,40.0,0.0,0.0,0.0,0.0,0.0,0.0
product_pricelist_item_id_15450,Jinasena_MasterData_Sales.product_pricelist_jam_general_pricelist,2022-04-30 18:30:00,1.0,1_product,Jinasena_MasterData_Stock.product_template_super_5_reaper_r1_2_english,list_price,fixed,40.0,0.0,0.0,0.0,0.0,0.0,0.0
product_pricelist_item_id_15449,Jinasena_MasterData_Sales.product_pricelist_jam_general_pricelist,2022-04-30 18:30:00,1.0,1_product,Jinasena_MasterData_Stock.product_template_super_5_ground_master_sinhala,list_price,fixed,40.0,0.0,0.0,0.0,0.0,0.0,0.0
product_pricelist_item_id_15448,Jinasena_MasterData_Sales.product_pricelist_jam_general_pricelist,2022-04-30 18:30:00,1.0,1_product,Jinasena_MasterData_Stock.product_template_super_5_ground_master_english,list_price,fixed,40.0,0.0,0.0,0.0,0.0,0.0,0.0
product_pricelist_item_id_15447,Jinasena_MasterData_Sales.product_pricelist_jam_general_pricelist,2022-04-30 18:30:00,1.0,1_product,Jinasena_MasterData_Stock.product_template_super_5_bush_cutter_singhala,list_price,fixed,40.0,0.0,0.0,0.0,0.0,0.0,0.0
product_pricelist_item_id_15446,Jinasena_MasterData_Sales.product_pricelist_jam_general_pricelist,2022-04-30 18:30:00,1.0,1_product,Jinasena_MasterData_Stock.product_template_super_5_bush_cutter_english,list_price,fixed,40.0,0.0,0.0,0.0,0.0,0.0,0.0
product_pricelist_item_id_15445,Jinasena_MasterData_Sales.product_pricelist_jam_general_pricelist,2022-04-30 18:30:00,1.0,1_product,Jinasena_MasterData_Stock.product_template_warning_service_sticker_rsc1,list_price,fixed,20.0,0.0,0.0,0.0,0.0,0.0,0.0
product_pricelist_item_id_15444,Jinasena_MasterData_Sales.product_pricelist_jam_general_pricelist,2022-04-30 18:30:00,1.0,1_product,Jinasena_MasterData_Stock.product_template_prp_registration_sticker,list_price,fixed,20.0,0.0,0.0,0.0,0.0,0.0,0.0
product_pricelist_item_id_15443,Jinasena_MasterData_Sales.product_pricelist_jam_general_pricelist,2022-04-30 18:30:00,1.0,1_product,Jinasena_MasterData_Stock.product_template_warning_patern_sticker_ptc600,list_price,fixed,40.0,0.0,0.0,0.0,0.0,0.0,0.0
product_pricelist_item_id_15442,Jinasena_MasterData_Sales.product_pricelist_jam_general_pricelist,2022-04-30 18:30:00,1.0,1_product,Jinasena_MasterData_Stock.product_template_warning_sticker,list_price,fixed,40.0,0.0,0.0,0.0,0.0,0.0,0.0
product_pricelist_item_id_15441,Jinasena_MasterData_Sales.product_pricelist_jam_general_pricelist,2022-04-30 18:30:00,1.0,1_product,Jinasena_MasterData_Stock.product_template_sinha_lable_sticker_ptc,list_price,fixed,40.0,0.0,0.0,0.0,0.0,0.0,0.0
product_pricelist_item_id_15440,Jinasena_MasterData_Sales.product_pricelist_jam_general_pricelist,2022-04-30 18:30:00,1.0,1_product,Jinasena_MasterData_Stock.product_template_singha_sticker_tea_machine,list_price,fixed,50.0,0.0,0.0,0.0,0.0,0.0,0.0
product_pricelist_item_id_15439,Jinasena_MasterData_Sales.product_pricelist_jam_general_pricelist,2022-04-30 18:30:00,1.0,1_product,Jinasena_MasterData_Stock.product_template_high_low_sticker_t_cutter,list_price,fixed,30.0,0.0,0.0,0.0,0.0,0.0,0.0
product_pricelist_item_id_15438,Jinasena_MasterData_Sales.product_pricelist_jam_general_pricelist,2022-04-30 18:30:00,1.0,1_product,Jinasena_MasterData_Stock.product_template_warning_arm_sticker_ptc,list_price,fixed,10.0,0.0,0.0,0.0,0.0,0.0,0.0
product_pricelist_item_id_15437,Jinasena_MasterData_Sales.product_pricelist_jam_general_pricelist,2022-04-30 18:30:00,1.0,1_product,Jinasena_MasterData_Stock.product_template_ptc_600_sticker_for_tea,list_price,fixed,50.0,0.0,0.0,0.0,0.0,0.0,0.0
product_pricelist_item_id_15436,Jinasena_MasterData_Sales.product_pricelist_jam_general_pricelist,2022-04-30 18:30:00,1.0,1_product,Jinasena_MasterData_Stock.product_template_3speed_stickrt_ptc,list_price,fixed,30.0,0.0,0.0,0.0,0.0,0.0,0.0
product_pricelist_item_id_15435,Jinasena_MasterData_Sales.product_pricelist_jam_general_pricelist,2022-04-30 18:30:00,1.0,1_product,Jinasena_MasterData_Stock.product_template_product_of_jinasena_ltd_sticker,list_price,fixed,40.0,0.0,0.0,0.0,0.0,0.0,0.0
product_pricelist_item_id_15434,Jinasena_MasterData_Sales.product_pricelist_jam_general_pricelist,2022-04-30 18:30:00,1.0,1_product,Jinasena_MasterData_Stock.product_template_sticker_engine_on_off,list_price,fixed,10.0,0.0,0.0,0.0,0.0,0.0,0.0
product_pricelist_item_id_15433,Jinasena_MasterData_Sales.product_pricelist_jam_general_pricelist,2022-04-30 18:30:00,1.0,1_product,Jinasena_MasterData_Stock.product_template_multi_chopper_indicating_sticker,list_price,fixed,20.0,0.0,0.0,0.0,0.0,0.0,0.0
product_pricelist_item_id_15432,Jinasena_MasterData_Sales.product_pricelist_jam_general_pricelist,2022-04-30 18:30:00,1.0,1_product,Jinasena_MasterData_Stock.product_template_bush_cutter_attahment_sticker,list_price,fixed,10.0,0.0,0.0,0.0,0.0,0.0,0.0
product_pricelist_item_id_15431,Jinasena_MasterData_Sales.product_pricelist_jam_general_pricelist,2022-04-30 18:30:00,1.0,1_product,Jinasena_MasterData_Stock.product_template_vehicle_sticker_l_jinasena_ltd,list_price,fixed,50.0,0.0,0.0,0.0,0.0,0.0,0.0
product_pricelist_item_id_15430,Jinasena_MasterData_Sales.product_pricelist_jam_general_pricelist,2022-04-30 18:30:00,1.0,1_product,Jinasena_MasterData_Stock.product_template_sinha_sticker,list_price,fixed,30.0,0.0,0.0,0.0,0.0,0.0,0.0
product_pricelist_item_id_15429,Jinasena_MasterData_Sales.product_pricelist_jam_general_pricelist,2022-04-30 18:30:00,1.0,1_product,Jinasena_MasterData_Stock.product_template_badge_jet5_j,list_price,fixed,20.0,0.0,0.0,0.0,0.0,0.0,0.0
product_pricelist_item_id_15428,Jinasena_MasterData_Sales.product_pricelist_jam_general_pricelist,2022-04-30 18:30:00,1.0,1_product,Jinasena_MasterData_Stock.product_template_sticker_gear_warning_h_tractors,list_price,fixed,20.0,0.0,0.0,0.0,0.0,0.0,0.0
product_pricelist_item_id_15427,Jinasena_MasterData_Sales.product_pricelist_jam_general_pricelist,2022-04-30 18:30:00,1.0,1_product,Jinasena_MasterData_Stock.product_template_sticker_rotovator_warning,list_price,fixed,20.0,0.0,0.0,0.0,0.0,0.0,0.0
product_pricelist_item_id_15426,Jinasena_MasterData_Sales.product_pricelist_jam_general_pricelist,2022-04-30 18:30:00,1.0,1_product,Jinasena_MasterData_Stock.product_template_fuel_tank_warning_sticker_jet_1,list_price,fixed,20.0,0.0,0.0,0.0,0.0,0.0,0.0
product_pricelist_item_id_15425,Jinasena_MasterData_Sales.product_pricelist_jam_general_pricelist,2022-04-30 18:30:00,1.0,1_product,Jinasena_MasterData_Stock.product_template_sticker_tractor_handle_sin_eng,list_price,fixed,50.0,0.0,0.0,0.0,0.0,0.0,0.0
product_pricelist_item_id_15424,Jinasena_MasterData_Sales.product_pricelist_jam_general_pricelist,2022-04-30 18:30:00,1.0,1_product,Jinasena_MasterData_Stock.product_template_tank_sticker_jet5_j,list_price,fixed,40.0,0.0,0.0,0.0,0.0,0.0,0.0
product_pricelist_item_id_15423,Jinasena_MasterData_Sales.product_pricelist_jam_general_pricelist,2022-04-30 18:30:00,1.0,1_product,Jinasena_MasterData_Stock.product_template_sticker_bush_cutter_instruction,list_price,fixed,20.0,0.0,0.0,0.0,0.0,0.0,0.0
product_pricelist_item_id_15422,Jinasena_MasterData_Sales.product_pricelist_jam_general_pricelist,2022-04-30 18:30:00,1.0,1_product,Jinasena_MasterData_Stock.product_template_fbj_warning_leaflet,list_price,fixed,10.0,0.0,0.0,0.0,0.0,0.0,0.0
product_pricelist_item_id_15421,Jinasena_MasterData_Sales.product_pricelist_jam_general_pricelist,2022-04-30 18:30:00,1.0,1_product,Jinasena_MasterData_Stock.product_template_alum_label_aht12,list_price,fixed,30.0,0.0,0.0,0.0,0.0,0.0,0.0
product_pricelist_item_id_15420,Jinasena_MasterData_Sales.product_pricelist_jam_general_pricelist,2022-04-30 18:30:00,1.0,1_product,Jinasena_MasterData_Stock.product_template_agrimec_super_8_for_aht8,list_price,fixed,40.0,0.0,0.0,0.0,0.0,0.0,0.0
product_pricelist_item_id_15419,Jinasena_MasterData_Sales.product_pricelist_jam_general_pricelist,2022-04-30 18:30:00,1.0,1_product,Jinasena_MasterData_Stock.product_template_agrimec_super_12_for_aht12,list_price,fixed,40.0,0.0,0.0,0.0,0.0,0.0,0.0
product_pricelist_item_id_15418,Jinasena_MasterData_Sales.product_pricelist_jam_general_pricelist,2022-04-30 18:30:00,1.0,1_product,Jinasena_MasterData_Stock.product_template_agrimec_sticker_for_st_cutter,list_price,fixed,80.0,0.0,0.0,0.0,0.0,0.0,0.0
product_pricelist_item_id_15417,Jinasena_MasterData_Sales.product_pricelist_jam_general_pricelist,2022-04-30 18:30:00,1.0,1_product,Jinasena_MasterData_Stock.product_template_agrimec_sticker_for_mz_thresher,list_price,fixed,100.0,0.0,0.0,0.0,0.0,0.0,0.0
product_pricelist_item_id_15416,Jinasena_MasterData_Sales.product_pricelist_jam_general_pricelist,2022-04-30 18:30:00,1.0,1_product,Jinasena_MasterData_Stock.product_template_agrimec_alu_stk_jam3,list_price,fixed,20.0,0.0,0.0,0.0,0.0,0.0,0.0
product_pricelist_item_id_15415,Jinasena_MasterData_Sales.product_pricelist_jam_general_pricelist,2022-04-30 18:30:00,1.0,1_product,Jinasena_MasterData_Stock.product_template_agrimec_sticker_th3_t,list_price,fixed,40.0,0.0,0.0,0.0,0.0,0.0,0.0
product_pricelist_item_id_15414,Jinasena_MasterData_Sales.product_pricelist_jam_general_pricelist,2022-04-30 18:30:00,1.0,1_product,Jinasena_MasterData_Stock.product_template_agrimec_sticker_j_1,list_price,fixed,40.0,0.0,0.0,0.0,0.0,0.0,0.0
product_pricelist_item_id_15413,Jinasena_MasterData_Sales.product_pricelist_jam_general_pricelist,2022-04-30 18:30:00,1.0,1_product,Jinasena_MasterData_Stock.product_template_oil_level_warning_sticker,list_price,fixed,20.0,0.0,0.0,0.0,0.0,0.0,0.0
product_pricelist_item_id_15412,Jinasena_MasterData_Sales.product_pricelist_jam_general_pricelist,2022-04-30 18:30:00,1.0,1_product,Jinasena_MasterData_Stock.product_template_jinasena_symbol_large,list_price,fixed,20.0,0.0,0.0,0.0,0.0,0.0,0.0
product_pricelist_item_id_15411,Jinasena_MasterData_Sales.product_pricelist_jam_general_pricelist,2022-04-30 18:30:00,1.0,1_product,Jinasena_MasterData_Stock.product_template_jinasena_symbol,list_price,fixed,20.0,0.0,0.0,0.0,0.0,0.0,0.0
product_pricelist_item_id_15410,Jinasena_MasterData_Sales.product_pricelist_jam_general_pricelist,2022-04-30 18:30:00,1.0,1_product,Jinasena_MasterData_Stock.product_template_aluminium_label_aht8,list_price,fixed,30.0,0.0,0.0,0.0,0.0,0.0,0.0
product_pricelist_item_id_15409,Jinasena_MasterData_Sales.product_pricelist_jam_general_pricelist,2022-04-30 18:30:00,1.0,1_product,Jinasena_MasterData_Stock.product_template_alum_label_agrimec,list_price,fixed,30.0,0.0,0.0,0.0,0.0,0.0,0.0
product_pricelist_item_id_15408,Jinasena_MasterData_Sales.product_pricelist_jam_general_pricelist,2022-04-30 18:30:00,1.0,1_product,Jinasena_MasterData_Stock.product_template_opertion_manual_sinhala_jet_5,list_price,fixed,50.0,0.0,0.0,0.0,0.0,0.0,0.0
product_pricelist_item_id_15407,Jinasena_MasterData_Sales.product_pricelist_jam_general_pricelist,2022-04-30 18:30:00,1.0,1_product,Jinasena_MasterData_Stock.product_template_free_service_voucher,list_price,fixed,10.0,0.0,0.0,0.0,0.0,0.0,0.0
product_pricelist_item_id_15406,Jinasena_MasterData_Sales.product_pricelist_jam_general_pricelist,2022-04-30 18:30:00,1.0,1_product,Jinasena_MasterData_Stock.product_template_operation_manual_jet_5_sinhala,list_price,fixed,50.0,0.0,0.0,0.0,0.0,0.0,0.0
product_pricelist_item_id_15405,Jinasena_MasterData_Sales.product_pricelist_jam_general_pricelist,2022-04-30 18:30:00,1.0,1_product,Jinasena_MasterData_Stock.product_template_engine_instruction_part_list,list_price,fixed,100.0,0.0,0.0,0.0,0.0,0.0,0.0
product_pricelist_item_id_15404,Jinasena_MasterData_Sales.product_pricelist_jam_general_pricelist,2022-04-30 18:30:00,1.0,1_product,Jinasena_MasterData_Stock.product_template_ins_book_for_jet5_bush_cutter,list_price,fixed,40.0,0.0,0.0,0.0,0.0,0.0,0.0
product_pricelist_item_id_15403,Jinasena_MasterData_Sales.product_pricelist_jam_general_pricelist,2022-04-30 18:30:00,1.0,1_product,Jinasena_MasterData_Stock.product_template_operational_manual_aht8,list_price,fixed,40.0,0.0,0.0,0.0,0.0,0.0,0.0
product_pricelist_item_id_15402,Jinasena_MasterData_Sales.product_pricelist_jam_general_pricelist,2022-04-30 18:30:00,1.0,1_product,Jinasena_MasterData_Stock.product_template_throttle_switch_assy,list_price,fixed,250.0,0.0,0.0,0.0,0.0,0.0,0.0
product_pricelist_item_id_15401,Jinasena_MasterData_Sales.product_pricelist_jam_general_pricelist,2022-04-30 18:30:00,1.0,1_product,Jinasena_MasterData_Stock.product_template_safety_goggles,list_price,fixed,300.0,0.0,0.0,0.0,0.0,0.0,0.0
product_pricelist_item_id_15400,Jinasena_MasterData_Sales.product_pricelist_jam_general_pricelist,2022-04-30 18:30:00,1.0,1_product,Jinasena_MasterData_Stock.product_template_rubber_gloves_elbow_length,list_price,fixed,430.0,0.0,0.0,0.0,0.0,0.0,0.0
product_pricelist_item_id_15399,Jinasena_MasterData_Sales.product_pricelist_jam_general_pricelist,2022-04-30 18:30:00,1.0,1_product,Jinasena_MasterData_Stock.product_template_face_mask_for_sprayer,list_price,fixed,90.0,0.0,0.0,0.0,0.0,0.0,0.0
product_pricelist_item_id_15398,Jinasena_MasterData_Sales.product_pricelist_jam_general_pricelist,2022-04-30 18:30:00,1.0,1_product,Jinasena_MasterData_Stock.product_template_dust_mask_cp,list_price,fixed,160.0,0.0,0.0,0.0,0.0,0.0,0.0
product_pricelist_item_id_15397,Jinasena_MasterData_Sales.product_pricelist_jam_general_pricelist,2022-04-30 18:30:00,1.0,1_product,Jinasena_MasterData_Stock.product_template_welding_holder,list_price,fixed,1050.0,0.0,0.0,0.0,0.0,0.0,0.0
product_pricelist_item_id_15396,Jinasena_MasterData_Sales.product_pricelist_jam_general_pricelist,2022-04-30 18:30:00,1.0,1_product,Jinasena_MasterData_Stock.product_template_welding_hand_sheild,list_price,fixed,60.0,0.0,0.0,0.0,0.0,0.0,0.0
product_pricelist_item_id_15395,Jinasena_MasterData_Sales.product_pricelist_jam_general_pricelist,2013-10-30 18:30:00,1.0,1_product,Jinasena_MasterData_Stock.product_template_welding_hand_sheild,list_price,fixed,295.0,0.0,0.0,0.0,0.0,0.0,0.0
product_pricelist_item_id_15394,Jinasena_MasterData_Sales.product_pricelist_jam_general_pricelist,2022-04-30 18:30:00,1.0,1_product,Jinasena_MasterData_Stock.product_template_welding_plain_glass_2x4x1,list_price,fixed,10.0,0.0,0.0,0.0,0.0,0.0,0.0
product_pricelist_item_id_15393,Jinasena_MasterData_Sales.product_pricelist_jam_general_pricelist,2022-04-30 18:30:00,1.0,1_product,Jinasena_MasterData_Stock.product_template_welding_dark_glass,list_price,fixed,60.0,0.0,0.0,0.0,0.0,0.0,0.0
product_pricelist_item_id_15392,Jinasena_MasterData_Sales.product_pricelist_jam_general_pricelist,2022-04-30 18:30:00,1.0,1_product,Jinasena_MasterData_Stock.product_template_cotton_gloves,list_price,fixed,60.0,0.0,0.0,0.0,0.0,0.0,0.0
product_pricelist_item_id_15391,Jinasena_MasterData_Sales.product_pricelist_jam_general_pricelist,2022-04-30 18:30:00,1.0,1_product,Jinasena_MasterData_Stock.product_template_rubber_gloves_indust,list_price,fixed,60.0,0.0,0.0,0.0,0.0,0.0,0.0
product_pricelist_item_id_15390,Jinasena_MasterData_Sales.product_pricelist_jam_general_pricelist,2022-04-30 18:30:00,1.0,1_product,Jinasena_MasterData_Stock.product_template_leather_gloves_elbow_length,list_price,fixed,130.0,0.0,0.0,0.0,0.0,0.0,0.0
product_pricelist_item_id_15389,Jinasena_MasterData_Sales.product_pricelist_jam_general_pricelist,2023-06-14 18:30:00,1.0,1_product,Jinasena_MasterData_Stock.product_template_the_traier_body_wieldmeng_assy,list_price,fixed,1766.0,0.0,0.0,0.0,0.0,0.0,0.0
product_pricelist_item_id_15388,Jinasena_MasterData_Sales.product_pricelist_jam_general_pricelist,2023-06-14 18:30:00,1.0,1_product,Jinasena_MasterData_Stock.product_template_the_weldment_assy_of_link_span,list_price,fixed,1000.0,0.0,0.0,0.0,0.0,0.0,0.0
product_pricelist_item_id_15387,Jinasena_MasterData_Sales.product_pricelist_jam_general_pricelist,2022-04-30 18:30:00,1.0,1_product,Jinasena_MasterData_Stock.product_template_vehicle_wheel_axis_assy_bielding,list_price,fixed,870.0,0.0,0.0,0.0,0.0,0.0,0.0
product_pricelist_item_id_15386,Jinasena_MasterData_Sales.product_pricelist_jam_general_pricelist,2022-05-05 18:30:00,1.0,1_product,Jinasena_MasterData_Stock.product_template_arm_of_wheel_inside,list_price,fixed,745.0,0.0,0.0,0.0,0.0,0.0,0.0
product_pricelist_item_id_15385,Jinasena_MasterData_Sales.product_pricelist_jam_general_pricelist,2022-04-30 18:30:00,1.0,1_product,Jinasena_MasterData_Stock.product_template_inner_tube_cultivator_tube_400_8,list_price,fixed,1070.0,0.0,0.0,0.0,0.0,0.0,0.0
product_pricelist_item_id_15384,Jinasena_MasterData_Sales.product_pricelist_jam_general_pricelist,2022-04-30 18:30:00,1.0,1_product,Jinasena_MasterData_Stock.product_template_outside_tube_cultivator_tire_400_8,list_price,fixed,2250.0,0.0,0.0,0.0,0.0,0.0,0.0
product_pricelist_item_id_15383,Jinasena_MasterData_Sales.product_pricelist_jam_general_pricelist,2022-04-30 18:30:00,1.0,1_product,Jinasena_MasterData_Stock.product_template_timing_belt,list_price,fixed,1130.0,0.0,0.0,0.0,0.0,0.0,0.0
product_pricelist_item_id_15382,Jinasena_MasterData_Sales.product_pricelist_jam_general_pricelist,2022-04-30 18:30:00,1.0,1_product,Jinasena_MasterData_Stock.product_template_spark_plag,list_price,fixed,880.0,0.0,0.0,0.0,0.0,0.0,0.0
product_pricelist_item_id_15381,Jinasena_MasterData_Sales.product_pricelist_jam_general_pricelist,2022-05-12 18:30:00,1.0,1_product,Jinasena_MasterData_Stock.product_template_expander_ring,list_price,fixed,135.0,0.0,0.0,0.0,0.0,0.0,0.0
product_pricelist_item_id_15380,Jinasena_MasterData_Sales.product_pricelist_jam_general_pricelist,2022-10-20 18:30:00,1.0,1_product,Jinasena_MasterData_Stock.product_template_starter,list_price,fixed,1250.0,0.0,0.0,0.0,0.0,0.0,0.0
product_pricelist_item_id_15379,Jinasena_MasterData_Sales.product_pricelist_jam_general_pricelist,2022-10-20 18:30:00,1.0,1_product,Jinasena_MasterData_Stock.product_template_piston_328461,list_price,fixed,500.0,0.0,0.0,0.0,0.0,0.0,0.0
product_pricelist_item_id_15378,Jinasena_MasterData_Sales.product_pricelist_jam_general_pricelist,2022-04-30 18:30:00,1.0,1_product,Jinasena_MasterData_Stock.product_template_magneto_stator,list_price,fixed,3300.0,0.0,0.0,0.0,0.0,0.0,0.0
product_pricelist_item_id_15377,Jinasena_MasterData_Sales.product_pricelist_jam_general_pricelist,2022-10-20 18:30:00,1.0,1_product,Jinasena_MasterData_Stock.product_template_output_cam_rocker,list_price,fixed,156.0,0.0,0.0,0.0,0.0,0.0,0.0
product_pricelist_item_id_15376,Jinasena_MasterData_Sales.product_pricelist_jam_general_pricelist,2022-10-20 18:30:00,1.0,1_product,Jinasena_MasterData_Stock.product_template_rocker_pin,list_price,fixed,0.0,0.0,0.0,0.0,0.0,0.0,0.0
product_pricelist_item_id_15375,Jinasena_MasterData_Sales.product_pricelist_jam_general_pricelist,2022-10-20 18:30:00,1.0,1_product,Jinasena_MasterData_Stock.product_template_input_valve,list_price,fixed,368.0,0.0,0.0,0.0,0.0,0.0,0.0
product_pricelist_item_id_15374,Jinasena_MasterData_Sales.product_pricelist_jam_general_pricelist,2022-10-20 18:30:00,1.0,1_product,Jinasena_MasterData_Stock.product_template_output_valve,list_price,fixed,368.0,0.0,0.0,0.0,0.0,0.0,0.0
product_pricelist_item_id_15373,Jinasena_MasterData_Sales.product_pricelist_jam_general_pricelist,2023-04-27 18:30:00,1.0,1_product,Jinasena_MasterData_Stock.product_template_cylinder,list_price,fixed,3230.0,0.0,0.0,0.0,0.0,0.0,0.0
product_pricelist_item_id_15372,Jinasena_MasterData_Sales.product_pricelist_jam_general_pricelist,2022-10-20 18:30:00,1.0,1_product,Jinasena_MasterData_Stock.product_template_15x25x6_oil_seal,list_price,fixed,174.0,0.0,0.0,0.0,0.0,0.0,0.0
product_pricelist_item_id_15371,Jinasena_MasterData_Sales.product_pricelist_jam_general_pricelist,2022-05-12 18:30:00,1.0,1_product,Jinasena_MasterData_Stock.product_template_scraping_ring,list_price,fixed,125.0,0.0,0.0,0.0,0.0,0.0,0.0
product_pricelist_item_id_15370,Jinasena_MasterData_Sales.product_pricelist_jam_general_pricelist,2022-05-12 18:30:00,1.0,1_product,Jinasena_MasterData_Stock.product_template_second_ring,list_price,fixed,160.0,0.0,0.0,0.0,0.0,0.0,0.0
product_pricelist_item_id_15369,Jinasena_MasterData_Sales.product_pricelist_jam_general_pricelist,2022-05-12 18:30:00,1.0,1_product,Jinasena_MasterData_Stock.product_template_first_ring,list_price,fixed,220.0,0.0,0.0,0.0,0.0,0.0,0.0
product_pricelist_item_id_15368,Jinasena_MasterData_Sales.product_pricelist_jam_general_pricelist,2022-04-30 18:30:00,1.0,1_product,Jinasena_MasterData_Stock.product_template_water_sand_paper_p_1500,list_price,fixed,40.0,0.0,0.0,0.0,0.0,0.0,0.0
product_pricelist_item_id_15367,Jinasena_MasterData_Sales.product_pricelist_jam_general_pricelist,2022-04-30 18:30:00,1.0,1_product,Jinasena_MasterData_Stock.product_template_water_sand_paper_p400,list_price,fixed,40.0,0.0,0.0,0.0,0.0,0.0,0.0
product_pricelist_item_id_15366,Jinasena_MasterData_Sales.product_pricelist_jam_general_pricelist,2022-04-30 18:30:00,1.0,1_product,Jinasena_MasterData_Stock.product_template_water_sand_paper_p100d_sht,list_price,fixed,70.0,0.0,0.0,0.0,0.0,0.0,0.0
product_pricelist_item_id_15365,Jinasena_MasterData_Sales.product_pricelist_jam_general_pricelist,2022-04-30 18:30:00,1.0,1_product,Jinasena_MasterData_Stock.product_template_water_s_paper_320_sht,list_price,fixed,40.0,0.0,0.0,0.0,0.0,0.0,0.0
product_pricelist_item_id_15364,Jinasena_MasterData_Sales.product_pricelist_jam_general_pricelist,2022-04-30 18:30:00,1.0,1_product,Jinasena_MasterData_Stock.product_template_water_s_paper_180_sht,list_price,fixed,30.0,0.0,0.0,0.0,0.0,0.0,0.0
product_pricelist_item_id_15363,Jinasena_MasterData_Sales.product_pricelist_jam_general_pricelist,2022-04-30 18:30:00,1.0,1_product,Jinasena_MasterData_Stock.product_template_water_sand_paper_no_0_1,list_price,fixed,50.0,0.0,0.0,0.0,0.0,0.0,0.0
product_pricelist_item_id_15362,Jinasena_MasterData_Sales.product_pricelist_jam_general_pricelist,2022-04-30 18:30:00,1.0,1_product,Jinasena_MasterData_Stock.product_template_hand_pad_7447,list_price,fixed,150.0,0.0,0.0,0.0,0.0,0.0,0.0
product_pricelist_item_id_15361,Jinasena_MasterData_Sales.product_pricelist_jam_general_pricelist,2022-04-30 18:30:00,1.0,1_product,Jinasena_MasterData_Stock.product_template_emery_cloth_no_2_5_sht,list_price,fixed,50.0,0.0,0.0,0.0,0.0,0.0,0.0
product_pricelist_item_id_15360,Jinasena_MasterData_Sales.product_pricelist_jam_general_pricelist,2022-04-30 18:30:00,1.0,1_product,Jinasena_MasterData_Stock.product_template_disc_water_sand_paper_4,list_price,fixed,60.0,0.0,0.0,0.0,0.0,0.0,0.0
product_pricelist_item_id_15359,Jinasena_MasterData_Sales.product_pricelist_jam_general_pricelist,2022-04-30 18:30:00,1.0,1_product,Jinasena_MasterData_Stock.product_template_p_v_c_white_stiker_35_x_35,list_price,fixed,140.0,0.0,0.0,0.0,0.0,0.0,0.0
product_pricelist_item_id_15358,Jinasena_MasterData_Sales.product_pricelist_jam_general_pricelist,2022-04-30 18:30:00,1.0,1_product,Jinasena_MasterData_Stock.product_template_ejector_box_16x6x3,list_price,fixed,20.0,0.0,0.0,0.0,0.0,0.0,0.0
product_pricelist_item_id_15357,Jinasena_MasterData_Sales.product_pricelist_jam_general_pricelist,2022-04-30 18:30:00,1.0,1_product,Jinasena_MasterData_Stock.product_template_cyclo_clips_stapling,list_price,fixed,10.0,0.0,0.0,0.0,0.0,0.0,0.0
product_pricelist_item_id_15356,Jinasena_MasterData_Sales.product_pricelist_jam_general_pricelist,2022-04-30 18:30:00,1.0,1_product,Jinasena_MasterData_Stock.product_template_strapping_for_pump_carrying_hand,list_price,fixed,10.0,0.0,0.0,0.0,0.0,0.0,0.0
product_pricelist_item_id_15355,Jinasena_MasterData_Sales.product_pricelist_jam_general_pricelist,2022-04-30 18:30:00,1.0,1_product,Jinasena_MasterData_Stock.product_template_felt_packing_10mm_strip_10x50,list_price,fixed,10.0,0.0,0.0,0.0,0.0,0.0,0.0
product_pricelist_item_id_15354,Jinasena_MasterData_Sales.product_pricelist_jam_general_pricelist,2022-04-30 18:30:00,1.0,1_product,Jinasena_MasterData_Stock.product_template_fire_ply_packing_0_8mm,list_price,fixed,600.0,0.0,0.0,0.0,0.0,0.0,0.0
product_pricelist_item_id_15353,Jinasena_MasterData_Sales.product_pricelist_jam_general_pricelist,2023-09-17 18:30:00,1.0,1_product,Jinasena_MasterData_Stock.product_template_sale_motor_for_1_2_1_jam,list_price,fixed,47200.0,0.0,0.0,0.0,0.0,0.0,0.0
product_pricelist_item_id_15352,Jinasena_MasterData_Sales.product_pricelist_jam_general_pricelist,2022-09-13 18:30:00,1.0,1_product,Jinasena_MasterData_Stock.product_template_inner_hexagon_output_axle_mt8,list_price,fixed,8150.0,0.0,0.0,0.0,0.0,0.0,0.0
product_pricelist_item_id_15351,Jinasena_MasterData_Sales.product_pricelist_jam_general_pricelist,2022-04-30 18:30:00,1.0,1_product,Jinasena_MasterData_Stock.product_template_inner_hexagon_output_axis,list_price,fixed,1370.0,0.0,0.0,0.0,0.0,0.0,0.0
product_pricelist_item_id_15350,Jinasena_MasterData_Sales.product_pricelist_jam_general_pricelist,2024-01-15 18:30:00,1.0,1_product,Jinasena_MasterData_Stock.product_template_bevel_gear_axis,list_price,fixed,900.0,0.0,0.0,0.0,0.0,0.0,0.0
product_pricelist_item_id_15349,Jinasena_MasterData_Sales.product_pricelist_jam_general_pricelist,2022-05-26 18:30:00,1.0,1_product,Jinasena_MasterData_Stock.product_template_driven_bevel_gear_328371,list_price,fixed,1792.0,0.0,0.0,0.0,0.0,0.0,0.0
product_pricelist_item_id_15348,Jinasena_MasterData_Sales.product_pricelist_jam_general_pricelist,2023-03-16 18:30:00,1.0,1_product,Jinasena_MasterData_Stock.product_template_gear_box,list_price,fixed,10000.0,0.0,0.0,0.0,0.0,0.0,0.0
product_pricelist_item_id_15347,Jinasena_MasterData_Sales.product_pricelist_jam_general_pricelist,2024-08-22 18:30:00,1.0,1_product,Jinasena_MasterData_Stock.product_template_active_bevel_gear,list_price,fixed,1112.0,0.0,0.0,0.0,0.0,0.0,0.0
product_pricelist_item_id_15346,Jinasena_MasterData_Sales.product_pricelist_jam_general_pricelist,,1.0,1_product,Jinasena_MasterData_Stock.product_template_twofold_gang_spur_gear_39_40,list_price,fixed,1287.0,0.0,0.0,0.0,0.0,0.0,0.0
product_pricelist_item_id_15345,Jinasena_MasterData_Sales.product_pricelist_jam_general_pricelist,2022-04-30 18:30:00,1.0,1_product,Jinasena_MasterData_Stock.product_template_reverse_axis,list_price,fixed,570.0,0.0,0.0,0.0,0.0,0.0,0.0
product_pricelist_item_id_15344,Jinasena_MasterData_Sales.product_pricelist_jam_general_pricelist,2022-11-17 18:30:00,1.0,1_product,Jinasena_MasterData_Stock.product_template_reverse_axis_shifting_fork_axis,list_price,fixed,0.0,0.0,0.0,0.0,0.0,0.0,0.0
product_pricelist_item_id_15343,Jinasena_MasterData_Sales.product_pricelist_jam_general_pricelist,2022-11-17 18:30:00,1.0,1_product,Jinasena_MasterData_Stock.product_template_reverse_axis_shifting_fork,list_price,fixed,200.0,0.0,0.0,0.0,0.0,0.0,0.0
product_pricelist_item_id_15342,Jinasena_MasterData_Sales.product_pricelist_jam_general_pricelist,2024-07-10 18:30:00,1.0,1_product,Jinasena_MasterData_Stock.product_template_reverse_gear_mechanism,list_price,fixed,1643.0,0.0,0.0,0.0,0.0,0.0,0.0
product_pricelist_item_id_15341,Jinasena_MasterData_Sales.product_pricelist_jam_general_pricelist,2022-04-30 18:30:00,1.0,1_product,Jinasena_MasterData_Stock.product_template_principal_axis_assy,list_price,fixed,1150.0,0.0,0.0,0.0,0.0,0.0,0.0
product_pricelist_item_id_15340,Jinasena_MasterData_Sales.product_pricelist_jam_general_pricelist,2022-04-30 18:30:00,1.0,1_product,Jinasena_MasterData_Stock.product_template_gear_shifting_axis_bush,list_price,fixed,270.0,0.0,0.0,0.0,0.0,0.0,0.0
product_pricelist_item_id_15339,Jinasena_MasterData_Sales.product_pricelist_jam_general_pricelist,2022-04-30 18:30:00,1.0,1_product,Jinasena_MasterData_Stock.product_template_gear_shifting_fork_shaft,list_price,fixed,470.0,0.0,0.0,0.0,0.0,0.0,0.0
product_pricelist_item_id_15338,Jinasena_MasterData_Sales.product_pricelist_jam_general_pricelist,2023-05-31 18:30:00,1.0,1_product,Jinasena_MasterData_Stock.product_template_gasket_328340,list_price,fixed,125.45,0.0,0.0,0.0,0.0,0.0,0.0
product_pricelist_item_id_15337,Jinasena_MasterData_Sales.product_pricelist_jam_general_pricelist,2023-05-28 18:30:00,1.0,1_product,Jinasena_MasterData_Stock.product_template_gasket_of_0_5_minimetre,list_price,fixed,110.0,0.0,0.0,0.0,0.0,0.0,0.0
product_pricelist_item_id_15336,Jinasena_MasterData_Sales.product_pricelist_jam_general_pricelist,2022-04-30 18:30:00,1.0,1_product,Jinasena_MasterData_Stock.product_template_gasket_of_0_2_minimetre,list_price,fixed,120.0,0.0,0.0,0.0,0.0,0.0,0.0
product_pricelist_item_id_15335,Jinasena_MasterData_Sales.product_pricelist_jam_general_pricelist,2022-04-30 18:30:00,1.0,1_product,Jinasena_MasterData_Stock.product_template_b_i_hinges_2_5,list_price,fixed,80.0,0.0,0.0,0.0,0.0,0.0,0.0
product_pricelist_item_id_15334,Jinasena_MasterData_Sales.product_pricelist_jam_general_pricelist,2022-04-30 18:30:00,1.0,1_product,Jinasena_MasterData_Stock.product_template_tintus_nail_1_4_w_trilar,list_price,fixed,10.0,0.0,0.0,0.0,0.0,0.0,0.0
product_pricelist_item_id_15333,Jinasena_MasterData_Sales.product_pricelist_jam_general_pricelist,2022-04-30 18:30:00,1.0,1_product,Jinasena_MasterData_Stock.product_template_st_steel_washer_16mm,list_price,fixed,20.0,0.0,0.0,0.0,0.0,0.0,0.0
product_pricelist_item_id_15332,Jinasena_MasterData_Sales.product_pricelist_jam_general_pricelist,2022-04-30 18:30:00,1.0,1_product,Jinasena_MasterData_Stock.product_template_s_s_spring_washer_m6,list_price,fixed,10.0,0.0,0.0,0.0,0.0,0.0,0.0
product_pricelist_item_id_15331,Jinasena_MasterData_Sales.product_pricelist_jam_general_pricelist,2022-04-30 18:30:00,1.0,1_product,Jinasena_MasterData_Stock.product_template_spring_washer_6mm,list_price,fixed,15.0,0.0,0.0,0.0,0.0,0.0,0.0
product_pricelist_item_id_15330,Jinasena_MasterData_Sales.product_pricelist_jam_general_pricelist,2022-04-30 18:30:00,1.0,1_product,Jinasena_MasterData_Stock.product_template_s_s_spring_washer_12mm,list_price,fixed,20.0,0.0,0.0,0.0,0.0,0.0,0.0
product_pricelist_item_id_15329,Jinasena_MasterData_Sales.product_pricelist_jam_general_pricelist,2022-04-30 18:30:00,1.0,1_product,Jinasena_MasterData_Stock.product_template_steel_spring_washer_12mm,list_price,fixed,10.0,0.0,0.0,0.0,0.0,0.0,0.0
product_pricelist_item_id_15328,Jinasena_MasterData_Sales.product_pricelist_jam_general_pricelist,2022-04-30 18:30:00,1.0,1_product,Jinasena_MasterData_Stock.product_template_steel_spring_washer_10mm,list_price,fixed,10.0,0.0,0.0,0.0,0.0,0.0,0.0
product_pricelist_item_id_15327,Jinasena_MasterData_Sales.product_pricelist_jam_general_pricelist,2022-04-30 18:30:00,1.0,1_product,Jinasena_MasterData_Stock.product_template_stainless_steel_spring_washer_8mm,list_price,fixed,10.0,0.0,0.0,0.0,0.0,0.0,0.0
product_pricelist_item_id_15326,Jinasena_MasterData_Sales.product_pricelist_jam_general_pricelist,2022-04-30 18:30:00,1.0,1_product,Jinasena_MasterData_Stock.product_template_steel_spring_washer_8mm,list_price,fixed,10.0,0.0,0.0,0.0,0.0,0.0,0.0
product_pricelist_item_id_15325,Jinasena_MasterData_Sales.product_pricelist_jam_general_pricelist,2022-04-30 18:30:00,1.0,1_product,Jinasena_MasterData_Stock.product_template_split_pin_11_2_x_3_32,list_price,fixed,10.0,0.0,0.0,0.0,0.0,0.0,0.0
product_pricelist_item_id_15324,Jinasena_MasterData_Sales.product_pricelist_jam_general_pricelist,2022-04-30 18:30:00,1.0,1_product,Jinasena_MasterData_Stock.product_template_split_pins_1_8_2,list_price,fixed,10.0,0.0,0.0,0.0,0.0,0.0,0.0
product_pricelist_item_id_15323,Jinasena_MasterData_Sales.product_pricelist_jam_general_pricelist,2022-04-30 18:30:00,1.0,1_product,Jinasena_MasterData_Stock.product_template_split_pins_1_8_1_5,list_price,fixed,10.0,0.0,0.0,0.0,0.0,0.0,0.0
product_pricelist_item_id_15322,Jinasena_MasterData_Sales.product_pricelist_jam_general_pricelist,2013-10-30 18:30:00,1.0,1_product,Jinasena_MasterData_Stock.product_template_split_pins_1_8_1_5,list_price,fixed,2.7,0.0,0.0,0.0,0.0,0.0,0.0
product_pricelist_item_id_15321,Jinasena_MasterData_Sales.product_pricelist_jam_general_pricelist,2013-10-30 18:30:00,1.0,1_product,Jinasena_MasterData_Stock.product_template_split_pins_1_8_1_5,list_price,fixed,2.25,0.0,0.0,0.0,0.0,0.0,0.0
product_pricelist_item_id_15320,Jinasena_MasterData_Sales.product_pricelist_jam_general_pricelist,2022-08-29 18:30:00,1.0,1_product,Jinasena_MasterData_Stock.product_template_split_pin_11_2_x1_8,list_price,fixed,5.0,0.0,0.0,0.0,0.0,0.0,0.0
product_pricelist_item_id_15319,Jinasena_MasterData_Sales.product_pricelist_jam_general_pricelist,2022-04-30 18:30:00,1.0,1_product,Jinasena_MasterData_Stock.product_template_split_pins_1_8_1,list_price,fixed,10.0,0.0,0.0,0.0,0.0,0.0,0.0
product_pricelist_item_id_15318,Jinasena_MasterData_Sales.product_pricelist_jam_general_pricelist,2022-04-30 18:30:00,1.0,1_product,Jinasena_MasterData_Stock.product_template_split_pin_1_16_x_1,list_price,fixed,10.0,0.0,0.0,0.0,0.0,0.0,0.0
product_pricelist_item_id_15317,Jinasena_MasterData_Sales.product_pricelist_jam_general_pricelist,2022-04-30 18:30:00,1.0,1_product,Jinasena_MasterData_Stock.product_template_split_pin_1_16_x_1_1_2,list_price,fixed,10.0,0.0,0.0,0.0,0.0,0.0,0.0
product_pricelist_item_id_15316,Jinasena_MasterData_Sales.product_pricelist_jam_general_pricelist,2022-04-30 18:30:00,1.0,1_product,Jinasena_MasterData_Stock.product_template_s_s_nut_16_x_2_mm,list_price,fixed,30.0,0.0,0.0,0.0,0.0,0.0,0.0
product_pricelist_item_id_15315,Jinasena_MasterData_Sales.product_pricelist_jam_general_pricelist,2022-04-30 18:30:00,1.0,1_product,Jinasena_MasterData_Stock.product_template_s_s_nut_m8x1_25,list_price,fixed,30.0,0.0,0.0,0.0,0.0,0.0,0.0
product_pricelist_item_id_15314,Jinasena_MasterData_Sales.product_pricelist_jam_general_pricelist,2022-04-30 18:30:00,1.0,1_product,Jinasena_MasterData_Stock.product_template_s_s_nut_m6,list_price,fixed,10.0,0.0,0.0,0.0,0.0,0.0,0.0
product_pricelist_item_id_15313,Jinasena_MasterData_Sales.product_pricelist_jam_general_pricelist,2022-04-30 18:30:00,1.0,1_product,Jinasena_MasterData_Stock.product_template_metric_hex_bolt_8_x_35mm,list_price,fixed,10.0,0.0,0.0,0.0,0.0,0.0,0.0
product_pricelist_item_id_15312,Jinasena_MasterData_Sales.product_pricelist_jam_general_pricelist,2013-10-30 18:30:00,1.0,1_product,Jinasena_MasterData_Stock.product_template_metric_hex_bolt_8_x_35mm,list_price,fixed,18.0,0.0,0.0,0.0,0.0,0.0,0.0
product_pricelist_item_id_15311,Jinasena_MasterData_Sales.product_pricelist_jam_general_pricelist,2022-04-30 18:30:00,1.0,1_product,Jinasena_MasterData_Stock.product_template_s_s_bolt_8_x_25mm,list_price,fixed,40.0,0.0,0.0,0.0,0.0,0.0,0.0
product_pricelist_item_id_15310,Jinasena_MasterData_Sales.product_pricelist_jam_general_pricelist,2022-04-30 18:30:00,1.0,1_product,Jinasena_MasterData_Stock.product_template_hex_bolt_8x15mm,list_price,fixed,10.0,0.0,0.0,0.0,0.0,0.0,0.0
product_pricelist_item_id_15309,Jinasena_MasterData_Sales.product_pricelist_jam_general_pricelist,2013-10-30 18:30:00,1.0,1_product,Jinasena_MasterData_Stock.product_template_hex_bolt_8x15mm,list_price,fixed,14.0,0.0,0.0,0.0,0.0,0.0,0.0
product_pricelist_item_id_15308,Jinasena_MasterData_Sales.product_pricelist_jam_general_pricelist,2022-04-30 18:30:00,1.0,1_product,Jinasena_MasterData_Stock.product_template_st_stl_bolt_6x30mm,list_price,fixed,10.0,0.0,0.0,0.0,0.0,0.0,0.0
product_pricelist_item_id_15307,Jinasena_MasterData_Sales.product_pricelist_jam_general_pricelist,2022-04-30 18:30:00,1.0,1_product,Jinasena_MasterData_Stock.product_template_st_stl_bolt_6_x_25mm,list_price,fixed,20.0,0.0,0.0,0.0,0.0,0.0,0.0
product_pricelist_item_id_15306,Jinasena_MasterData_Sales.product_pricelist_jam_general_pricelist,2022-04-30 18:30:00,1.0,1_product,Jinasena_MasterData_Stock.product_template_s_stl_bolt_6x20mm,list_price,fixed,10.0,0.0,0.0,0.0,0.0,0.0,0.0
product_pricelist_item_id_15305,Jinasena_MasterData_Sales.product_pricelist_jam_general_pricelist,2022-04-30 18:30:00,1.0,1_product,Jinasena_MasterData_Stock.product_template_hexagon_bolt_14x110mm,list_price,fixed,50.0,0.0,0.0,0.0,0.0,0.0,0.0
product_pricelist_item_id_15304,Jinasena_MasterData_Sales.product_pricelist_jam_general_pricelist,2022-04-30 18:30:00,1.0,1_product,Jinasena_MasterData_Stock.product_template_s_s_bolt_m10x100x1_50,list_price,fixed,60.0,0.0,0.0,0.0,0.0,0.0,0.0
product_pricelist_item_id_15303,Jinasena_MasterData_Sales.product_pricelist_jam_general_pricelist,2022-04-30 18:30:00,1.0,1_product,Jinasena_MasterData_Stock.product_template_s_s_bolt_8x50x1_25,list_price,fixed,70.0,0.0,0.0,0.0,0.0,0.0,0.0
product_pricelist_item_id_15302,Jinasena_MasterData_Sales.product_pricelist_jam_general_pricelist,2022-04-30 18:30:00,1.0,1_product,Jinasena_MasterData_Stock.product_template_ss_bolt_m8x30x1_25,list_price,fixed,40.0,0.0,0.0,0.0,0.0,0.0,0.0
product_pricelist_item_id_15301,Jinasena_MasterData_Sales.product_pricelist_jam_general_pricelist,2022-04-30 18:30:00,1.0,1_product,Jinasena_MasterData_Stock.product_template_hex_bolt_6x70x1_0mm,list_price,fixed,10.0,0.0,0.0,0.0,0.0,0.0,0.0
product_pricelist_item_id_15300,Jinasena_MasterData_Sales.product_pricelist_jam_general_pricelist,2022-04-30 18:30:00,1.0,1_product,Jinasena_MasterData_Stock.product_template_bolt_6_x_15_x_1mm,list_price,fixed,10.0,0.0,0.0,0.0,0.0,0.0,0.0
product_pricelist_item_id_15299,Jinasena_MasterData_Sales.product_pricelist_jam_general_pricelist,2022-04-30 18:30:00,1.0,1_product,Jinasena_MasterData_Stock.product_template_metric_bolt_6x10mm,list_price,fixed,10.0,0.0,0.0,0.0,0.0,0.0,0.0
product_pricelist_item_id_15298,Jinasena_MasterData_Sales.product_pricelist_jam_general_pricelist,2022-04-30 18:30:00,1.0,1_product,Jinasena_MasterData_Stock.product_template_bolt_unf_3_8_x_1,list_price,fixed,10.0,0.0,0.0,0.0,0.0,0.0,0.0
product_pricelist_item_id_15297,Jinasena_MasterData_Sales.product_pricelist_jam_general_pricelist,2022-04-30 18:30:00,1.0,1_product,Jinasena_MasterData_Stock.product_template_bolt_m_8_x_75_x_1_25,list_price,fixed,10.0,0.0,0.0,0.0,0.0,0.0,0.0
product_pricelist_item_id_15296,Jinasena_MasterData_Sales.product_pricelist_jam_general_pricelist,2022-04-30 18:30:00,1.0,1_product,Jinasena_MasterData_Stock.product_template_stl_bolt_16x60mm,list_price,fixed,20.0,0.0,0.0,0.0,0.0,0.0,0.0
product_pricelist_item_id_15295,Jinasena_MasterData_Sales.product_pricelist_jam_general_pricelist,2022-04-30 18:30:00,1.0,1_product,Jinasena_MasterData_Stock.product_template_steel_hex_bolt_16x40mm,list_price,fixed,30.0,0.0,0.0,0.0,0.0,0.0,0.0
product_pricelist_item_id_15294,Jinasena_MasterData_Sales.product_pricelist_jam_general_pricelist,2022-04-30 18:30:00,1.0,1_product,Jinasena_MasterData_Stock.product_template_steel_hex_bolt_12_x_65mm,list_price,fixed,20.0,0.0,0.0,0.0,0.0,0.0,0.0
product_pricelist_item_id_15293,Jinasena_MasterData_Sales.product_pricelist_jam_general_pricelist,2022-04-30 18:30:00,1.0,1_product,Jinasena_MasterData_Stock.product_template_st_h_bolt_12_x_30mm,list_price,fixed,10.0,0.0,0.0,0.0,0.0,0.0,0.0
product_pricelist_item_id_15292,Jinasena_MasterData_Sales.product_pricelist_jam_general_pricelist,2022-04-30 18:30:00,1.0,1_product,Jinasena_MasterData_Stock.product_template_steel_hex_bolt_10x75mm,list_price,fixed,10.0,0.0,0.0,0.0,0.0,0.0,0.0
product_pricelist_item_id_15291,Jinasena_MasterData_Sales.product_pricelist_jam_general_pricelist,2022-04-30 18:30:00,1.0,1_product,Jinasena_MasterData_Stock.product_template_steel_hex_bolt_10x50mm,list_price,fixed,10.0,0.0,0.0,0.0,0.0,0.0,0.0
product_pricelist_item_id_15290,Jinasena_MasterData_Sales.product_pricelist_jam_general_pricelist,2022-04-30 18:30:00,1.0,1_product,Jinasena_MasterData_Stock.product_template_metric_hex_bolt_10_x_40mm,list_price,fixed,20.0,0.0,0.0,0.0,0.0,0.0,0.0
product_pricelist_item_id_15289,Jinasena_MasterData_Sales.product_pricelist_jam_general_pricelist,2013-10-30 18:30:00,1.0,1_product,Jinasena_MasterData_Stock.product_template_metric_hex_bolt_10_x_40mm,list_price,fixed,28.0,0.0,0.0,0.0,0.0,0.0,0.0
product_pricelist_item_id_15288,Jinasena_MasterData_Sales.product_pricelist_jam_general_pricelist,2013-10-30 18:30:00,1.0,1_product,Jinasena_MasterData_Stock.product_template_metric_hex_bolt_10_x_40mm,list_price,fixed,6.0,0.0,0.0,0.0,0.0,0.0,0.0
product_pricelist_item_id_15287,Jinasena_MasterData_Sales.product_pricelist_jam_general_pricelist,2022-04-30 18:30:00,1.0,1_product,Jinasena_MasterData_Stock.product_template_steel_hex_bolt_10_x_25mm,list_price,fixed,10.0,0.0,0.0,0.0,0.0,0.0,0.0
product_pricelist_item_id_15286,Jinasena_MasterData_Sales.product_pricelist_jam_general_pricelist,2022-04-30 18:30:00,1.0,1_product,Jinasena_MasterData_Stock.product_template_stl_hex_bolt_8x25mm,list_price,fixed,10.0,0.0,0.0,0.0,0.0,0.0,0.0
product_pricelist_item_id_15285,Jinasena_MasterData_Sales.product_pricelist_jam_general_pricelist,2022-04-30 18:30:00,1.0,1_product,Jinasena_MasterData_Stock.product_template_steel_hex_bolt_8x20mm,list_price,fixed,10.0,0.0,0.0,0.0,0.0,0.0,0.0
product_pricelist_item_id_15284,Jinasena_MasterData_Sales.product_pricelist_jam_general_pricelist,2013-10-30 18:30:00,1.0,1_product,Jinasena_MasterData_Stock.product_template_steel_hex_bolt_8x20mm,list_price,fixed,9.75,0.0,0.0,0.0,0.0,0.0,0.0
product_pricelist_item_id_15283,Jinasena_MasterData_Sales.product_pricelist_jam_general_pricelist,2022-04-30 18:30:00,1.0,1_product,Jinasena_MasterData_Stock.product_template_steel_hex_bolt_6_x_50mm,list_price,fixed,10.0,0.0,0.0,0.0,0.0,0.0,0.0
product_pricelist_item_id_15282,Jinasena_MasterData_Sales.product_pricelist_jam_general_pricelist,2013-10-30 18:30:00,1.0,1_product,Jinasena_MasterData_Stock.product_template_steel_hex_bolt_6_x_50mm,list_price,fixed,9.75,0.0,0.0,0.0,0.0,0.0,0.0
product_pricelist_item_id_15281,Jinasena_MasterData_Sales.product_pricelist_jam_general_pricelist,2022-04-30 18:30:00,1.0,1_product,Jinasena_MasterData_Stock.product_template_metric_hex_bolt_6_x_25mm,list_price,fixed,10.0,0.0,0.0,0.0,0.0,0.0,0.0
product_pricelist_item_id_15280,Jinasena_MasterData_Sales.product_pricelist_jam_general_pricelist,2022-04-30 18:30:00,1.0,1_product,Jinasena_MasterData_Stock.product_template_hex_bolt_6_x_35mm,list_price,fixed,10.0,0.0,0.0,0.0,0.0,0.0,0.0
product_pricelist_item_id_15279,Jinasena_MasterData_Sales.product_pricelist_jam_general_pricelist,2022-04-30 18:30:00,1.0,1_product,Jinasena_MasterData_Stock.product_template_bolt_m12x25_x_1_75,list_price,fixed,10.0,0.0,0.0,0.0,0.0,0.0,0.0
product_pricelist_item_id_15278,Jinasena_MasterData_Sales.product_pricelist_jam_general_pricelist,2013-10-30 18:30:00,1.0,1_product,Jinasena_MasterData_Stock.product_template_bolt_m12x25_x_1_75,list_price,fixed,4.5,0.0,0.0,0.0,0.0,0.0,0.0
product_pricelist_item_id_15277,Jinasena_MasterData_Sales.product_pricelist_jam_general_pricelist,2022-04-30 18:30:00,1.0,1_product,Jinasena_MasterData_Stock.product_template_bolt_unf_3_8_x1_5,list_price,fixed,10.0,0.0,0.0,0.0,0.0,0.0,0.0
product_pricelist_item_id_15276,Jinasena_MasterData_Sales.product_pricelist_jam_general_pricelist,2022-04-30 18:30:00,1.0,1_product,Jinasena_MasterData_Stock.product_template_metric_bolt_4x35_mm,list_price,fixed,10.0,0.0,0.0,0.0,0.0,0.0,0.0
product_pricelist_item_id_15275,Jinasena_MasterData_Sales.product_pricelist_jam_general_pricelist,2022-04-30 18:30:00,1.0,1_product,Jinasena_MasterData_Stock.product_template_roll_pin_4mm_dia_x35mm,list_price,fixed,10.0,0.0,0.0,0.0,0.0,0.0,0.0
product_pricelist_item_id_15274,Jinasena_MasterData_Sales.product_pricelist_jam_general_pricelist,2022-04-30 18:30:00,1.0,1_product,Jinasena_MasterData_Stock.product_template_stainless_steel_304_pop_revert_1_4_x1_2,list_price,fixed,100.0,0.0,0.0,0.0,0.0,0.0,0.0
product_pricelist_item_id_15273,Jinasena_MasterData_Sales.product_pricelist_jam_general_pricelist,2013-10-30 18:30:00,1.0,1_product,Jinasena_MasterData_Stock.product_template_stainless_steel_304_pop_revert_1_4_x1_2,list_price,fixed,65.0,0.0,0.0,0.0,0.0,0.0,0.0
product_pricelist_item_id_15272,Jinasena_MasterData_Sales.product_pricelist_jam_general_pricelist,2022-04-30 18:30:00,1.0,1_product,Jinasena_MasterData_Stock.product_template_aluminum_pop_rivet_3_16_x3_4,list_price,fixed,10.0,0.0,0.0,0.0,0.0,0.0,0.0
product_pricelist_item_id_15271,Jinasena_MasterData_Sales.product_pricelist_jam_general_pricelist,2022-04-30 18:30:00,1.0,1_product,Jinasena_MasterData_Stock.product_template_al_pop_rivet_3_16_x_1,list_price,fixed,10.0,0.0,0.0,0.0,0.0,0.0,0.0
product_pricelist_item_id_15270,Jinasena_MasterData_Sales.product_pricelist_jam_general_pricelist,2022-04-30 18:30:00,1.0,1_product,Jinasena_MasterData_Stock.product_template_al_pop_rivet_1_8_x1_4,list_price,fixed,10.0,0.0,0.0,0.0,0.0,0.0,0.0
product_pricelist_item_id_15269,Jinasena_MasterData_Sales.product_pricelist_jam_general_pricelist,2022-04-30 18:30:00,1.0,1_product,Jinasena_MasterData_Stock.product_template_rivet_ms_5dia_x15_round_hea,list_price,fixed,10.0,0.0,0.0,0.0,0.0,0.0,0.0
product_pricelist_item_id_15268,Jinasena_MasterData_Sales.product_pricelist_jam_general_pricelist,2022-04-30 18:30:00,1.0,1_product,Jinasena_MasterData_Stock.product_template_copper_rivet_1_x1_8,list_price,fixed,10.0,0.0,0.0,0.0,0.0,0.0,0.0
product_pricelist_item_id_15267,Jinasena_MasterData_Sales.product_pricelist_jam_general_pricelist,2022-04-30 18:30:00,1.0,1_product,Jinasena_MasterData_Stock.product_template_m_s_rivet_6x25mm,list_price,fixed,20.0,0.0,0.0,0.0,0.0,0.0,0.0
product_pricelist_item_id_15266,Jinasena_MasterData_Sales.product_pricelist_jam_general_pricelist,2022-04-30 18:30:00,1.0,1_product,Jinasena_MasterData_Stock.product_template_m_s_rivet_5x15,list_price,fixed,10.0,0.0,0.0,0.0,0.0,0.0,0.0
product_pricelist_item_id_15265,Jinasena_MasterData_Sales.product_pricelist_jam_general_pricelist,2022-04-30 18:30:00,1.0,1_product,Jinasena_MasterData_Stock.product_template_m_s_rivet_3_5x20mm,list_price,fixed,10.0,0.0,0.0,0.0,0.0,0.0,0.0
product_pricelist_item_id_15264,Jinasena_MasterData_Sales.product_pricelist_jam_general_pricelist,2022-04-30 18:30:00,1.0,1_product,Jinasena_MasterData_Stock.product_template_aluminum_pop_rivet_1_8_x1,list_price,fixed,10.0,0.0,0.0,0.0,0.0,0.0,0.0
product_pricelist_item_id_15263,Jinasena_MasterData_Sales.product_pricelist_jam_general_pricelist,2022-04-30 18:30:00,1.0,1_product,Jinasena_MasterData_Stock.product_template_al_pop_rivet_1_8_x1_2,list_price,fixed,10.0,0.0,0.0,0.0,0.0,0.0,0.0
product_pricelist_item_id_15262,Jinasena_MasterData_Sales.product_pricelist_jam_general_pricelist,2022-04-30 18:30:00,1.0,1_product,Jinasena_MasterData_Stock.product_template_al_pop_rivet_3_16_x1_2,list_price,fixed,10.0,0.0,0.0,0.0,0.0,0.0,0.0
product_pricelist_item_id_15261,Jinasena_MasterData_Sales.product_pricelist_jam_general_pricelist,2022-04-30 18:30:00,1.0,1_product,Jinasena_MasterData_Stock.product_template_wood_screw_bolt_1_4_x50mm,list_price,fixed,10.0,0.0,0.0,0.0,0.0,0.0,0.0
product_pricelist_item_id_15260,Jinasena_MasterData_Sales.product_pricelist_jam_general_pricelist,2022-04-30 18:30:00,1.0,1_product,Jinasena_MasterData_Stock.product_template_eye_bolt_nut_3_4_x12tpi,list_price,fixed,200.0,0.0,0.0,0.0,0.0,0.0,0.0
product_pricelist_item_id_15259,Jinasena_MasterData_Sales.product_pricelist_jam_general_pricelist,2022-04-30 18:30:00,1.0,1_product,Jinasena_MasterData_Stock.product_template_nut_22mm_x_2_5_for_tata_hub,list_price,fixed,400.0,0.0,0.0,0.0,0.0,0.0,0.0
product_pricelist_item_id_15258,Jinasena_MasterData_Sales.product_pricelist_jam_general_pricelist,2022-04-30 18:30:00,1.0,1_product,Jinasena_MasterData_Stock.product_template_nut_m20x2_5mm_for_bc_gt8,list_price,fixed,250.0,0.0,0.0,0.0,0.0,0.0,0.0
product_pricelist_item_id_15257,Jinasena_MasterData_Sales.product_pricelist_jam_general_pricelist,2022-04-30 18:30:00,1.0,1_product,Jinasena_MasterData_Stock.product_template_nylock_nut_m10x1_5,list_price,fixed,10.0,0.0,0.0,0.0,0.0,0.0,0.0
product_pricelist_item_id_15256,Jinasena_MasterData_Sales.product_pricelist_jam_general_pricelist,2022-04-30 18:30:00,1.0,1_product,Jinasena_MasterData_Stock.product_template_nylock_nut_m8x1_25,list_price,fixed,20.0,0.0,0.0,0.0,0.0,0.0,0.0
product_pricelist_item_id_15255,Jinasena_MasterData_Sales.product_pricelist_jam_general_pricelist,2022-04-30 18:30:00,1.0,1_product,Jinasena_MasterData_Stock.product_template_nylock_nut_m6_x_1_0,list_price,fixed,10.0,0.0,0.0,0.0,0.0,0.0,0.0
product_pricelist_item_id_15254,Jinasena_MasterData_Sales.product_pricelist_jam_general_pricelist,2022-04-30 18:30:00,1.0,1_product,Jinasena_MasterData_Stock.product_template_butterfly_nuts_1_4,list_price,fixed,30.0,0.0,0.0,0.0,0.0,0.0,0.0
product_pricelist_item_id_15253,Jinasena_MasterData_Sales.product_pricelist_jam_general_pricelist,2022-04-30 18:30:00,1.0,1_product,Jinasena_MasterData_Stock.product_template_metric_bolt_8_x_50mm_philip_head,list_price,fixed,10.0,0.0,0.0,0.0,0.0,0.0,0.0
product_pricelist_item_id_15252,Jinasena_MasterData_Sales.product_pricelist_jam_general_pricelist,2022-04-30 18:30:00,1.0,1_product,Jinasena_MasterData_Stock.product_template_metric_bolt_8_x_30mm_philip_head,list_price,fixed,10.0,0.0,0.0,0.0,0.0,0.0,0.0
product_pricelist_item_id_15251,Jinasena_MasterData_Sales.product_pricelist_jam_general_pricelist,2022-04-30 18:30:00,1.0,1_product,Jinasena_MasterData_Stock.product_template_metric_bolt_m8x30mm,list_price,fixed,20.0,0.0,0.0,0.0,0.0,0.0,0.0
product_pricelist_item_id_15250,Jinasena_MasterData_Sales.product_pricelist_jam_general_pricelist,2022-04-30 18:30:00,1.0,1_product,Jinasena_MasterData_Stock.product_template_bolt_m16x40x2_0,list_price,fixed,140.0,0.0,0.0,0.0,0.0,0.0,0.0
product_pricelist_item_id_15249,Jinasena_MasterData_Sales.product_pricelist_jam_general_pricelist,2022-04-30 18:30:00,1.0,1_product,Jinasena_MasterData_Stock.product_template_bolt_m12x75_x_1_75,list_price,fixed,20.0,0.0,0.0,0.0,0.0,0.0,0.0
product_pricelist_item_id_15248,Jinasena_MasterData_Sales.product_pricelist_jam_general_pricelist,2022-08-14 18:30:00,1.0,1_product,Jinasena_MasterData_Stock.product_template_bolt_m12x70_x1_75,list_price,fixed,43.0,0.0,0.0,0.0,0.0,0.0,0.0
product_pricelist_item_id_15247,Jinasena_MasterData_Sales.product_pricelist_jam_general_pricelist,2022-04-30 18:30:00,1.0,1_product,Jinasena_MasterData_Stock.product_template_m12x61x1_ms_bold,list_price,fixed,20.0,0.0,0.0,0.0,0.0,0.0,0.0
product_pricelist_item_id_15246,Jinasena_MasterData_Sales.product_pricelist_jam_general_pricelist,2022-04-30 18:30:00,1.0,1_product,Jinasena_MasterData_Stock.product_template_bolt_m12x40_x_1_75,list_price,fixed,20.0,0.0,0.0,0.0,0.0,0.0,0.0
product_pricelist_item_id_15245,Jinasena_MasterData_Sales.product_pricelist_jam_general_pricelist,2022-04-30 18:30:00,1.0,1_product,Jinasena_MasterData_Stock.product_template_metric_bolt_12x30mmx1_25p_fine,list_price,fixed,20.0,0.0,0.0,0.0,0.0,0.0,0.0
product_pricelist_item_id_15244,Jinasena_MasterData_Sales.product_pricelist_jam_general_pricelist,2022-04-30 18:30:00,1.0,1_product,Jinasena_MasterData_Stock.product_template_bolt_m12_x_30_x_1_75,list_price,fixed,10.0,0.0,0.0,0.0,0.0,0.0,0.0
product_pricelist_item_id_15243,Jinasena_MasterData_Sales.product_pricelist_jam_general_pricelist,2024-01-16 18:30:00,1.0,1_product,Jinasena_MasterData_Stock.product_template_bolt_m12_x_25_x_1_50_fine,list_price,fixed,180.0,0.0,0.0,0.0,0.0,0.0,0.0
product_pricelist_item_id_15242,Jinasena_MasterData_Sales.product_pricelist_jam_general_pricelist,2022-04-30 18:30:00,1.0,1_product,Jinasena_MasterData_Stock.product_template_bolt_m12x100x1_75,list_price,fixed,20.0,0.0,0.0,0.0,0.0,0.0,0.0
product_pricelist_item_id_15241,Jinasena_MasterData_Sales.product_pricelist_jam_general_pricelist,2022-04-30 18:30:00,1.0,1_product,Jinasena_MasterData_Stock.product_template_bolt_mx10_30_xm1_5,list_price,fixed,22.0,0.0,0.0,0.0,0.0,0.0,0.0
product_pricelist_item_id_15240,Jinasena_MasterData_Sales.product_pricelist_jam_general_pricelist,2022-04-30 18:30:00,1.0,1_product,Jinasena_MasterData_Stock.product_template_bolt_m10_x_20_x_1_5,list_price,fixed,10.0,0.0,0.0,0.0,0.0,0.0,0.0
product_pricelist_item_id_15239,Jinasena_MasterData_Sales.product_pricelist_jam_general_pricelist,2022-04-30 18:30:00,1.0,1_product,Jinasena_MasterData_Stock.product_template_bolt_m_8x40_x_1_25,list_price,fixed,20.0,0.0,0.0,0.0,0.0,0.0,0.0
product_pricelist_item_id_15238,Jinasena_MasterData_Sales.product_pricelist_jam_general_pricelist,2022-04-30 18:30:00,1.0,1_product,Jinasena_MasterData_Stock.product_template_bolt_m08x35_x1_25mm,list_price,fixed,10.0,0.0,0.0,0.0,0.0,0.0,0.0
product_pricelist_item_id_15237,Jinasena_MasterData_Sales.product_pricelist_jam_general_pricelist,2022-04-30 18:30:00,1.0,1_product,Jinasena_MasterData_Stock.product_template_bolt_m6_x_35_x_1_0,list_price,fixed,22.0,0.0,0.0,0.0,0.0,0.0,0.0
product_pricelist_item_id_15236,Jinasena_MasterData_Sales.product_pricelist_jam_general_pricelist,2022-04-30 18:30:00,1.0,1_product,Jinasena_MasterData_Stock.product_template_bolt_m6_x_30_x_1_00,list_price,fixed,20.0,0.0,0.0,0.0,0.0,0.0,0.0
product_pricelist_item_id_15235,Jinasena_MasterData_Sales.product_pricelist_jam_general_pricelist,2022-04-30 18:30:00,1.0,1_product,Jinasena_MasterData_Stock.product_template_metric_bolt_6_x_25mm_philip_head,list_price,fixed,13.0,0.0,0.0,0.0,0.0,0.0,0.0
product_pricelist_item_id_15234,Jinasena_MasterData_Sales.product_pricelist_jam_general_pricelist,2022-04-30 18:30:00,1.0,1_product,Jinasena_MasterData_Stock.product_template_bolt_m6_x_20_x_1_0,list_price,fixed,10.0,0.0,0.0,0.0,0.0,0.0,0.0
product_pricelist_item_id_15233,Jinasena_MasterData_Sales.product_pricelist_jam_general_pricelist,2022-04-30 18:30:00,1.0,1_product,Jinasena_MasterData_Stock.product_template_round_head_bolt_m6_x_12_x_1_0,list_price,fixed,10.0,0.0,0.0,0.0,0.0,0.0,0.0
product_pricelist_item_id_15232,Jinasena_MasterData_Sales.product_pricelist_jam_general_pricelist,2013-10-30 18:30:00,1.0,1_product,Jinasena_MasterData_Stock.product_template_round_head_bolt_m6_x_12_x_1_0,list_price,fixed,2.4,0.0,0.0,0.0,0.0,0.0,0.0
product_pricelist_item_id_15231,Jinasena_MasterData_Sales.product_pricelist_jam_general_pricelist,2022-04-30 18:30:00,1.0,1_product,Jinasena_MasterData_Stock.product_template_bolt_m6_x_12_x_1_0,list_price,fixed,10.0,0.0,0.0,0.0,0.0,0.0,0.0
product_pricelist_item_id_15230,Jinasena_MasterData_Sales.product_pricelist_jam_general_pricelist,2022-04-30 18:30:00,1.0,1_product,Jinasena_MasterData_Stock.product_template_round_head_bolt_m4x15x0_8,list_price,fixed,10.0,0.0,0.0,0.0,0.0,0.0,0.0
product_pricelist_item_id_15229,Jinasena_MasterData_Sales.product_pricelist_jam_general_pricelist,2022-04-30 18:30:00,1.0,1_product,Jinasena_MasterData_Stock.product_template_metric_bolt_4x20mm,list_price,fixed,10.0,0.0,0.0,0.0,0.0,0.0,0.0
product_pricelist_item_id_15228,Jinasena_MasterData_Sales.product_pricelist_jam_general_pricelist,2022-04-30 18:30:00,1.0,1_product,Jinasena_MasterData_Stock.product_template_hub_nut_12x1_5mm_for_tra_hub,list_price,fixed,70.0,0.0,0.0,0.0,0.0,0.0,0.0
product_pricelist_item_id_15227,Jinasena_MasterData_Sales.product_pricelist_jam_general_pricelist,2024-01-21 18:30:00,1.0,1_product,Jinasena_MasterData_Stock.product_template_counter_sunk_hex_socket_bolt_high_tensio,list_price,fixed,160.0,0.0,0.0,0.0,0.0,0.0,0.0
product_pricelist_item_id_15226,Jinasena_MasterData_Sales.product_pricelist_jam_general_pricelist,2022-04-30 18:30:00,1.0,1_product,Jinasena_MasterData_Stock.product_template_weel_hub_nut_bolt_trailer,list_price,fixed,20.0,0.0,0.0,0.0,0.0,0.0,0.0
product_pricelist_item_id_15225,Jinasena_MasterData_Sales.product_pricelist_jam_general_pricelist,2022-04-30 18:30:00,1.0,1_product,Jinasena_MasterData_Stock.product_template_metric_nut_4mm,list_price,fixed,10.0,0.0,0.0,0.0,0.0,0.0,0.0
product_pricelist_item_id_15224,Jinasena_MasterData_Sales.product_pricelist_jam_general_pricelist,2022-04-30 18:30:00,1.0,1_product,Jinasena_MasterData_Stock.product_template_b_i_hex_nut_10mm_fine_thread,list_price,fixed,10.0,0.0,0.0,0.0,0.0,0.0,0.0
product_pricelist_item_id_15223,Jinasena_MasterData_Sales.product_pricelist_jam_general_pricelist,2022-04-30 18:30:00,1.0,1_product,Jinasena_MasterData_Stock.product_template_steel_hex_nut_8_x_1_25mm,list_price,fixed,10.0,0.0,0.0,0.0,0.0,0.0,0.0
product_pricelist_item_id_15222,Jinasena_MasterData_Sales.product_pricelist_jam_general_pricelist,2022-04-30 18:30:00,1.0,1_product,Jinasena_MasterData_Stock.product_template_nut_12_x_1_75_mm,list_price,fixed,10.0,0.0,0.0,0.0,0.0,0.0,0.0
product_pricelist_item_id_15221,Jinasena_MasterData_Sales.product_pricelist_jam_general_pricelist,2022-04-30 18:30:00,1.0,1_product,Jinasena_MasterData_Stock.product_template_nut_3_8_unf,list_price,fixed,10.0,0.0,0.0,0.0,0.0,0.0,0.0
product_pricelist_item_id_15220,Jinasena_MasterData_Sales.product_pricelist_jam_general_pricelist,2022-04-30 18:30:00,1.0,1_product,Jinasena_MasterData_Stock.product_template_nut_10mm,list_price,fixed,10.0,0.0,0.0,0.0,0.0,0.0,0.0
product_pricelist_item_id_15219,Jinasena_MasterData_Sales.product_pricelist_jam_general_pricelist,2022-04-30 18:30:00,1.0,1_product,Jinasena_MasterData_Stock.product_template_metric_nut_6mm,list_price,fixed,10.0,0.0,0.0,0.0,0.0,0.0,0.0
product_pricelist_item_id_15218,Jinasena_MasterData_Sales.product_pricelist_jam_general_pricelist,2013-10-30 18:30:00,1.0,1_product,Jinasena_MasterData_Stock.product_template_metric_nut_6mm,list_price,fixed,0.75,0.0,0.0,0.0,0.0,0.0,0.0
product_pricelist_item_id_15217,Jinasena_MasterData_Sales.product_pricelist_jam_general_pricelist,2022-04-30 18:30:00,1.0,1_product,Jinasena_MasterData_Stock.product_template_metal_greese_cup_bsp_1_4_no,list_price,fixed,30.0,0.0,0.0,0.0,0.0,0.0,0.0
product_pricelist_item_id_15216,Jinasena_MasterData_Sales.product_pricelist_jam_general_pricelist,2022-04-30 18:30:00,1.0,1_product,Jinasena_MasterData_Stock.product_template_metal_grease_cup_no_4,list_price,fixed,30.0,0.0,0.0,0.0,0.0,0.0,0.0
product_pricelist_item_id_15215,Jinasena_MasterData_Sales.product_pricelist_jam_general_pricelist,2022-04-30 18:30:00,1.0,1_product,Jinasena_MasterData_Stock.product_template_greese_nipple_angle,list_price,fixed,70.0,0.0,0.0,0.0,0.0,0.0,0.0
product_pricelist_item_id_15214,Jinasena_MasterData_Sales.product_pricelist_jam_general_pricelist,2022-04-30 18:30:00,1.0,1_product,Jinasena_MasterData_Stock.product_template_metal_grease_cup_no_2,list_price,fixed,70.0,0.0,0.0,0.0,0.0,0.0,0.0
product_pricelist_item_id_15213,Jinasena_MasterData_Sales.product_pricelist_jam_general_pricelist,2022-04-30 18:30:00,1.0,1_product,Jinasena_MasterData_Stock.product_template_copper_flat_washer_3_8,list_price,fixed,10.0,0.0,0.0,0.0,0.0,0.0,0.0
product_pricelist_item_id_15212,Jinasena_MasterData_Sales.product_pricelist_jam_general_pricelist,2022-04-30 18:30:00,1.0,1_product,Jinasena_MasterData_Stock.product_template_copper_washer_8mm,list_price,fixed,10.0,0.0,0.0,0.0,0.0,0.0,0.0
product_pricelist_item_id_15211,Jinasena_MasterData_Sales.product_pricelist_jam_general_pricelist,2022-04-30 18:30:00,1.0,1_product,Jinasena_MasterData_Stock.product_template_copper_flat_washer_12mm,list_price,fixed,10.0,0.0,0.0,0.0,0.0,0.0,0.0
product_pricelist_item_id_15210,Jinasena_MasterData_Sales.product_pricelist_jam_general_pricelist,2022-04-30 18:30:00,1.0,1_product,Jinasena_MasterData_Stock.product_template_s_s_flat_washer_6mm,list_price,fixed,10.0,0.0,0.0,0.0,0.0,0.0,0.0
product_pricelist_item_id_15209,Jinasena_MasterData_Sales.product_pricelist_jam_general_pricelist,2022-04-30 18:30:00,1.0,1_product,Jinasena_MasterData_Stock.product_template_steel_flat_washer_14mm,list_price,fixed,10.0,0.0,0.0,0.0,0.0,0.0,0.0
product_pricelist_item_id_15208,Jinasena_MasterData_Sales.product_pricelist_jam_general_pricelist,2022-04-30 18:30:00,1.0,1_product,Jinasena_MasterData_Stock.product_template_flat_washer_5_8,list_price,fixed,10.0,0.0,0.0,0.0,0.0,0.0,0.0
product_pricelist_item_id_15207,Jinasena_MasterData_Sales.product_pricelist_jam_general_pricelist,2022-04-30 18:30:00,1.0,1_product,Jinasena_MasterData_Stock.product_template_flat_washer_12mm_0_5,list_price,fixed,10.0,0.0,0.0,0.0,0.0,0.0,0.0
product_pricelist_item_id_15206,Jinasena_MasterData_Sales.product_pricelist_jam_general_pricelist,2022-04-30 18:30:00,1.0,1_product,Jinasena_MasterData_Stock.product_template_flat_washer_10mm_3_8,list_price,fixed,10.0,0.0,0.0,0.0,0.0,0.0,0.0
product_pricelist_item_id_15205,Jinasena_MasterData_Sales.product_pricelist_jam_general_pricelist,2022-04-30 18:30:00,1.0,1_product,Jinasena_MasterData_Stock.product_template_s_s_flat_wosher_8mm,list_price,fixed,10.0,0.0,0.0,0.0,0.0,0.0,0.0
product_pricelist_item_id_15204,Jinasena_MasterData_Sales.product_pricelist_jam_general_pricelist,2022-04-30 18:30:00,1.0,1_product,Jinasena_MasterData_Stock.product_template_flat_washer_8mm_5_16,list_price,fixed,10.0,0.0,0.0,0.0,0.0,0.0,0.0
product_pricelist_item_id_15203,Jinasena_MasterData_Sales.product_pricelist_jam_general_pricelist,2013-10-30 18:30:00,1.0,1_product,Jinasena_MasterData_Stock.product_template_flat_washer_8mm_5_16,list_price,fixed,3.06,0.0,0.0,0.0,0.0,0.0,0.0
product_pricelist_item_id_15202,Jinasena_MasterData_Sales.product_pricelist_jam_general_pricelist,2022-04-30 18:30:00,1.0,1_product,Jinasena_MasterData_Stock.product_template_s_s_flat_washer_m6,list_price,fixed,10.0,0.0,0.0,0.0,0.0,0.0,0.0
product_pricelist_item_id_15201,Jinasena_MasterData_Sales.product_pricelist_jam_general_pricelist,2022-04-30 18:30:00,1.0,1_product,Jinasena_MasterData_Stock.product_template_flat_washer_0_25,list_price,fixed,10.0,0.0,0.0,0.0,0.0,0.0,0.0
product_pricelist_item_id_15200,Jinasena_MasterData_Sales.product_pricelist_jam_general_pricelist,2022-04-30 18:30:00,1.0,1_product,Jinasena_MasterData_Stock.product_template_circup_inner_47mm,list_price,fixed,20.0,0.0,0.0,0.0,0.0,0.0,0.0
product_pricelist_item_id_15199,Jinasena_MasterData_Sales.product_pricelist_jam_general_pricelist,2022-04-30 18:30:00,1.0,1_product,Jinasena_MasterData_Stock.product_template_circlips_40mm,list_price,fixed,40.0,0.0,0.0,0.0,0.0,0.0,0.0
product_pricelist_item_id_15198,Jinasena_MasterData_Sales.product_pricelist_jam_general_pricelist,2022-04-30 18:30:00,1.0,1_product,Jinasena_MasterData_Stock.product_template_circlip_inner_dia_35mm,list_price,fixed,60.0,0.0,0.0,0.0,0.0,0.0,0.0
product_pricelist_item_id_15197,Jinasena_MasterData_Sales.product_pricelist_jam_general_pricelist,2022-04-30 18:30:00,1.0,1_product,Jinasena_MasterData_Stock.product_template_ext_circlip_32mm,list_price,fixed,30.0,0.0,0.0,0.0,0.0,0.0,0.0
product_pricelist_item_id_15196,Jinasena_MasterData_Sales.product_pricelist_jam_general_pricelist,2022-04-30 18:30:00,1.0,1_product,Jinasena_MasterData_Stock.product_template_circlip_30mm_outer,list_price,fixed,20.0,0.0,0.0,0.0,0.0,0.0,0.0
product_pricelist_item_id_15195,Jinasena_MasterData_Sales.product_pricelist_jam_general_pricelist,2022-04-30 18:30:00,1.0,1_product,Jinasena_MasterData_Stock.product_template_circlip_22mm_external,list_price,fixed,20.0,0.0,0.0,0.0,0.0,0.0,0.0
product_pricelist_item_id_15194,Jinasena_MasterData_Sales.product_pricelist_jam_general_pricelist,2022-04-30 18:30:00,1.0,1_product,Jinasena_MasterData_Stock.product_template_circlip_outer_dia_20mm,list_price,fixed,20.0,0.0,0.0,0.0,0.0,0.0,0.0
product_pricelist_item_id_15193,Jinasena_MasterData_Sales.product_pricelist_jam_general_pricelist,2022-04-30 18:30:00,1.0,1_product,Jinasena_MasterData_Stock.product_template_circle_17mm_ext,list_price,fixed,10.0,0.0,0.0,0.0,0.0,0.0,0.0
product_pricelist_item_id_15192,Jinasena_MasterData_Sales.product_pricelist_jam_general_pricelist,2022-04-30 18:30:00,1.0,1_product,Jinasena_MasterData_Stock.product_template_ext_circlip_15_17_mm_s_17,list_price,fixed,20.0,0.0,0.0,0.0,0.0,0.0,0.0
product_pricelist_item_id_15191,Jinasena_MasterData_Sales.product_pricelist_jam_general_pricelist,2022-04-30 18:30:00,1.0,1_product,Jinasena_MasterData_Stock.product_template_butterfly_nut_for_m_grinder_1_4_ss,list_price,fixed,70.0,0.0,0.0,0.0,0.0,0.0,0.0
product_pricelist_item_id_15190,Jinasena_MasterData_Sales.product_pricelist_jam_general_pricelist,2022-04-30 18:30:00,1.0,1_product,Jinasena_MasterData_Stock.product_template_grab_screw_m8x15x1_25,list_price,fixed,20.0,0.0,0.0,0.0,0.0,0.0,0.0
product_pricelist_item_id_15189,Jinasena_MasterData_Sales.product_pricelist_jam_general_pricelist,2022-04-30 18:30:00,1.0,1_product,Jinasena_MasterData_Stock.product_template_grab_screw_06x15x1_0mm,list_price,fixed,20.0,0.0,0.0,0.0,0.0,0.0,0.0
product_pricelist_item_id_15188,Jinasena_MasterData_Sales.product_pricelist_jam_general_pricelist,2022-04-30 18:30:00,1.0,1_product,Jinasena_MasterData_Stock.product_template_allen_screw_m6_x_10_x_1_0,list_price,fixed,20.0,0.0,0.0,0.0,0.0,0.0,0.0
product_pricelist_item_id_15187,Jinasena_MasterData_Sales.product_pricelist_jam_general_pricelist,2022-04-30 18:30:00,1.0,1_product,Jinasena_MasterData_Stock.product_template_alan_bolt_12x90x1_75mm,list_price,fixed,80.0,0.0,0.0,0.0,0.0,0.0,0.0
product_pricelist_item_id_15186,Jinasena_MasterData_Sales.product_pricelist_jam_general_pricelist,2022-04-30 18:30:00,1.0,1_product,Jinasena_MasterData_Stock.product_template_allen_bolt_m10_x_50_x_1_50,list_price,fixed,30.0,0.0,0.0,0.0,0.0,0.0,0.0
product_pricelist_item_id_15185,Jinasena_MasterData_Sales.product_pricelist_jam_general_pricelist,2022-04-30 18:30:00,1.0,1_product,Jinasena_MasterData_Stock.product_template_allen_bolt_m10_x100_x_1_50,list_price,fixed,70.0,0.0,0.0,0.0,0.0,0.0,0.0
product_pricelist_item_id_15184,Jinasena_MasterData_Sales.product_pricelist_jam_general_pricelist,2022-04-30 18:30:00,1.0,1_product,Jinasena_MasterData_Stock.product_template_alan_bolt_m8x35x1_25mm,list_price,fixed,40.0,0.0,0.0,0.0,0.0,0.0,0.0
product_pricelist_item_id_15183,Jinasena_MasterData_Sales.product_pricelist_jam_general_pricelist,2022-04-30 18:30:00,1.0,1_product,Jinasena_MasterData_Stock.product_template_allen_bolt_m8_x_30_x_1_25,list_price,fixed,20.0,0.0,0.0,0.0,0.0,0.0,0.0
product_pricelist_item_id_15182,Jinasena_MasterData_Sales.product_pricelist_jam_general_pricelist,2022-04-30 18:30:00,1.0,1_product,Jinasena_MasterData_Stock.product_template_alan_bolt_m8x20x1_25mm,list_price,fixed,30.0,0.0,0.0,0.0,0.0,0.0,0.0
product_pricelist_item_id_15181,Jinasena_MasterData_Sales.product_pricelist_jam_general_pricelist,2022-04-30 18:30:00,1.0,1_product,Jinasena_MasterData_Stock.product_template_allen_bolt_m6_x_25_x_1_00,list_price,fixed,20.0,0.0,0.0,0.0,0.0,0.0,0.0
product_pricelist_item_id_15180,Jinasena_MasterData_Sales.product_pricelist_jam_general_pricelist,2022-04-30 18:30:00,1.0,1_product,Jinasena_MasterData_Stock.product_template_alan_bolt_m6x20x1_0mm,list_price,fixed,20.0,0.0,0.0,0.0,0.0,0.0,0.0
product_pricelist_item_id_15179,Jinasena_MasterData_Sales.product_pricelist_jam_general_pricelist,2022-04-30 18:30:00,1.0,1_product,Jinasena_MasterData_Stock.product_template_steel_tube_6_0mm_trailer_breke,list_price,fixed,130.0,0.0,0.0,0.0,0.0,0.0,0.0
product_pricelist_item_id_15178,Jinasena_MasterData_Sales.product_pricelist_jam_general_pricelist,2022-04-30 18:30:00,1.0,1_product,Jinasena_MasterData_Stock.product_template_m_s_seamless_pipe_1_1_4_32_42_2,list_price,fixed,1370.0,0.0,0.0,0.0,0.0,0.0,0.0
product_pricelist_item_id_15177,Jinasena_MasterData_Sales.product_pricelist_jam_general_pricelist,2022-04-30 18:30:00,1.0,1_product,Jinasena_MasterData_Stock.product_template_m_s_seamless_pipe_3_4_steam,list_price,fixed,510.0,0.0,0.0,0.0,0.0,0.0,0.0
product_pricelist_item_id_15176,Jinasena_MasterData_Sales.product_pricelist_jam_general_pricelist,2022-04-30 18:30:00,1.0,1_product,Jinasena_MasterData_Stock.product_template_steam_seamless_pipe_3_8,list_price,fixed,1140.0,0.0,0.0,0.0,0.0,0.0,0.0
product_pricelist_item_id_15175,Jinasena_MasterData_Sales.product_pricelist_jam_general_pricelist,2013-10-30 18:30:00,1.0,1_product,Jinasena_MasterData_Stock.product_template_steam_seamless_pipe_3_8,list_price,fixed,2515.0,0.0,0.0,0.0,0.0,0.0,0.0
product_pricelist_item_id_15174,Jinasena_MasterData_Sales.product_pricelist_jam_general_pricelist,2022-04-30 18:30:00,1.0,1_product,Jinasena_MasterData_Stock.product_template_heavy_steel_tubing_3_4,list_price,fixed,310.0,0.0,0.0,0.0,0.0,0.0,0.0
product_pricelist_item_id_15173,Jinasena_MasterData_Sales.product_pricelist_jam_general_pricelist,2022-04-30 18:30:00,1.0,1_product,Jinasena_MasterData_Stock.product_template_gi_socket_0_75,list_price,fixed,50.0,0.0,0.0,0.0,0.0,0.0,0.0
product_pricelist_item_id_15172,Jinasena_MasterData_Sales.product_pricelist_jam_general_pricelist,2022-04-30 18:30:00,1.0,1_product,Jinasena_MasterData_Stock.product_template_g_i_pipe_1_5_meter_medium_gauge,list_price,fixed,480.0,0.0,0.0,0.0,0.0,0.0,0.0
product_pricelist_item_id_15171,Jinasena_MasterData_Sales.product_pricelist_jam_general_pricelist,2022-04-30 18:30:00,1.0,1_product,Jinasena_MasterData_Stock.product_template_g_i_pipe_1_1_4_meter_medium_gauge,list_price,fixed,420.0,0.0,0.0,0.0,0.0,0.0,0.0
product_pricelist_item_id_15170,Jinasena_MasterData_Sales.product_pricelist_jam_general_pricelist,2022-04-30 18:30:00,1.0,1_product,Jinasena_MasterData_Stock.product_template_g_i_pipe_1_meter_medium_gauge,list_price,fixed,580.0,0.0,0.0,0.0,0.0,0.0,0.0
product_pricelist_item_id_15169,Jinasena_MasterData_Sales.product_pricelist_jam_general_pricelist,2022-04-30 18:30:00,1.0,1_product,Jinasena_MasterData_Stock.product_template_g_i_pipe_3_4_meter_medium_gauge,list_price,fixed,210.0,0.0,0.0,0.0,0.0,0.0,0.0
product_pricelist_item_id_15168,Jinasena_MasterData_Sales.product_pricelist_jam_general_pricelist,2022-04-30 18:30:00,1.0,1_product,Jinasena_MasterData_Stock.product_template_g_i_pipe_1_2_meter,list_price,fixed,310.0,0.0,0.0,0.0,0.0,0.0,0.0
product_pricelist_item_id_15167,Jinasena_MasterData_Sales.product_pricelist_jam_general_pricelist,2022-08-18 18:30:00,1.0,1_product,Jinasena_MasterData_Stock.product_template_st_flex_conduit_1_1_4_p_coated,list_price,fixed,875.0,0.0,0.0,0.0,0.0,0.0,0.0
product_pricelist_item_id_15166,Jinasena_MasterData_Sales.product_pricelist_jam_general_pricelist,2022-04-30 18:30:00,1.0,1_product,Jinasena_MasterData_Stock.product_template_flexible_steel_conduit_pipe_1_2_powder_c,list_price,fixed,210.0,0.0,0.0,0.0,0.0,0.0,0.0
product_pricelist_item_id_15165,Jinasena_MasterData_Sales.product_pricelist_jam_general_pricelist,2022-04-30 18:30:00,1.0,1_product,Jinasena_MasterData_Stock.product_template_black_iron_pipe_1_1_4_dia,list_price,fixed,500.0,0.0,0.0,0.0,0.0,0.0,0.0
product_pricelist_item_id_15164,Jinasena_MasterData_Sales.product_pricelist_jam_general_pricelist,2022-04-30 18:30:00,1.0,1_product,Jinasena_MasterData_Stock.product_template_black_iron_pipe_1,list_price,fixed,530.0,0.0,0.0,0.0,0.0,0.0,0.0
product_pricelist_item_id_15163,Jinasena_MasterData_Sales.product_pricelist_jam_general_pricelist,2022-04-30 18:30:00,1.0,1_product,Jinasena_MasterData_Stock.product_template_black_iron_pipe_3_4_dia,list_price,fixed,330.0,0.0,0.0,0.0,0.0,0.0,0.0
product_pricelist_item_id_15162,Jinasena_MasterData_Sales.product_pricelist_jam_general_pricelist,2022-04-30 18:30:00,1.0,1_product,Jinasena_MasterData_Stock.product_template_black_iron_pipe_1_1_2_49_41mm,list_price,fixed,570.0,0.0,0.0,0.0,0.0,0.0,0.0
product_pricelist_item_id_15161,Jinasena_MasterData_Sales.product_pricelist_jam_general_pricelist,2022-04-30 18:30:00,1.0,1_product,Jinasena_MasterData_Stock.product_template_dongil_super_star_grip_belt_rec5,list_price,fixed,2140.0,0.0,0.0,0.0,0.0,0.0,0.0
product_pricelist_item_id_15160,Jinasena_MasterData_Sales.product_pricelist_jam_general_pricelist,2023-12-13 18:30:00,1.0,1_product,Jinasena_MasterData_Stock.product_template_dongil_super_star_grip_belt_rec5610,list_price,fixed,6100.0,0.0,0.0,0.0,0.0,0.0,0.0
product_pricelist_item_id_15159,Jinasena_MasterData_Sales.product_pricelist_jam_general_pricelist,2023-12-18 18:30:00,1.0,1_product,Jinasena_MasterData_Stock.product_template_dongil_super_satr_grip_belt_5380,list_price,fixed,4700.0,0.0,0.0,0.0,0.0,0.0,0.0
product_pricelist_item_id_15158,Jinasena_MasterData_Sales.product_pricelist_jam_general_pricelist,2023-12-18 18:30:00,1.0,1_product,Jinasena_MasterData_Stock.product_template_dongil_super_star_grip_belt_5370,list_price,fixed,4700.0,0.0,0.0,0.0,0.0,0.0,0.0
product_pricelist_item_id_15157,Jinasena_MasterData_Sales.product_pricelist_jam_general_pricelist,2022-04-30 18:30:00,1.0,1_product,Jinasena_MasterData_Stock.product_template_v_belt_b68,list_price,fixed,390.0,0.0,0.0,0.0,0.0,0.0,0.0
product_pricelist_item_id_15156,Jinasena_MasterData_Sales.product_pricelist_jam_general_pricelist,2023-08-14 18:30:00,1.0,1_product,Jinasena_MasterData_Stock.product_template_v_belt_a42_1067_double_side_gripped_for_,list_price,fixed,1300.0,0.0,0.0,0.0,0.0,0.0,0.0
product_pricelist_item_id_15155,Jinasena_MasterData_Sales.product_pricelist_jam_general_pricelist,2022-04-30 18:30:00,1.0,1_product,Jinasena_MasterData_Stock.product_template_v_belt_2rb_105_double_groove,list_price,fixed,3090.0,0.0,0.0,0.0,0.0,0.0,0.0
product_pricelist_item_id_15154,Jinasena_MasterData_Sales.product_pricelist_jam_general_pricelist,2022-04-30 18:30:00,1.0,1_product,Jinasena_MasterData_Stock.product_template_v_belt_b45_for_co_fib_extractor,list_price,fixed,360.0,0.0,0.0,0.0,0.0,0.0,0.0
product_pricelist_item_id_15153,Jinasena_MasterData_Sales.product_pricelist_jam_general_pricelist,2022-04-30 18:30:00,1.0,1_product,Jinasena_MasterData_Stock.product_template_v_belt_b_205,list_price,fixed,1290.0,0.0,0.0,0.0,0.0,0.0,0.0
product_pricelist_item_id_15152,Jinasena_MasterData_Sales.product_pricelist_jam_general_pricelist,2022-07-05 18:30:00,1.0,1_product,Jinasena_MasterData_Stock.product_template_v_belt_b85,list_price,fixed,2500.0,0.0,0.0,0.0,0.0,0.0,0.0
product_pricelist_item_id_15151,Jinasena_MasterData_Sales.product_pricelist_jam_general_pricelist,2022-09-07 18:30:00,1.0,1_product,Jinasena_MasterData_Stock.product_template_v_belt_b66_th_1,list_price,fixed,1700.0,0.0,0.0,0.0,0.0,0.0,0.0
product_pricelist_item_id_15150,Jinasena_MasterData_Sales.product_pricelist_jam_general_pricelist,2022-04-30 18:30:00,1.0,1_product,Jinasena_MasterData_Stock.product_template_v_belt_b_64,list_price,fixed,650.0,0.0,0.0,0.0,0.0,0.0,0.0
product_pricelist_item_id_15149,Jinasena_MasterData_Sales.product_pricelist_jam_general_pricelist,2022-04-30 18:30:00,1.0,1_product,Jinasena_MasterData_Stock.product_template_v_belt_b_63,list_price,fixed,210.0,0.0,0.0,0.0,0.0,0.0,0.0
product_pricelist_item_id_15148,Jinasena_MasterData_Sales.product_pricelist_jam_general_pricelist,2022-04-30 18:30:00,1.0,1_product,Jinasena_MasterData_Stock.product_template_v_belt_b_62,list_price,fixed,210.0,0.0,0.0,0.0,0.0,0.0,0.0
product_pricelist_item_id_15147,Jinasena_MasterData_Sales.product_pricelist_jam_general_pricelist,2022-04-30 18:30:00,1.0,1_product,Jinasena_MasterData_Stock.product_template_v_belt_b60,list_price,fixed,310.0,0.0,0.0,0.0,0.0,0.0,0.0
product_pricelist_item_id_15146,Jinasena_MasterData_Sales.product_pricelist_jam_general_pricelist,2022-04-30 18:30:00,1.0,1_product,Jinasena_MasterData_Stock.product_template_v_belt_b59,list_price,fixed,220.0,0.0,0.0,0.0,0.0,0.0,0.0
product_pricelist_item_id_15145,Jinasena_MasterData_Sales.product_pricelist_jam_general_pricelist,2022-04-30 18:30:00,1.0,1_product,Jinasena_MasterData_Stock.product_template_v_belt_b58,list_price,fixed,210.0,0.0,0.0,0.0,0.0,0.0,0.0
product_pricelist_item_id_15144,Jinasena_MasterData_Sales.product_pricelist_jam_general_pricelist,2022-04-30 18:30:00,1.0,1_product,Jinasena_MasterData_Stock.product_template_v_belt_b57,list_price,fixed,210.0,0.0,0.0,0.0,0.0,0.0,0.0
product_pricelist_item_id_15143,Jinasena_MasterData_Sales.product_pricelist_jam_general_pricelist,2022-04-30 18:30:00,1.0,1_product,Jinasena_MasterData_Stock.product_template_v_belt_b56,list_price,fixed,480.0,0.0,0.0,0.0,0.0,0.0,0.0
product_pricelist_item_id_15142,Jinasena_MasterData_Sales.product_pricelist_jam_general_pricelist,2022-04-30 18:30:00,1.0,1_product,Jinasena_MasterData_Stock.product_template_v_belt_b_53,list_price,fixed,360.0,0.0,0.0,0.0,0.0,0.0,0.0
product_pricelist_item_id_15141,Jinasena_MasterData_Sales.product_pricelist_jam_general_pricelist,2022-04-30 18:30:00,1.0,1_product,Jinasena_MasterData_Stock.product_template_v_belt_b95,list_price,fixed,210.0,0.0,0.0,0.0,0.0,0.0,0.0
product_pricelist_item_id_15140,Jinasena_MasterData_Sales.product_pricelist_jam_general_pricelist,2022-04-30 18:30:00,1.0,1_product,Jinasena_MasterData_Stock.product_template_v_belt_b93,list_price,fixed,660.0,0.0,0.0,0.0,0.0,0.0,0.0
product_pricelist_item_id_15139,Jinasena_MasterData_Sales.product_pricelist_jam_general_pricelist,2022-04-30 18:30:00,1.0,1_product,Jinasena_MasterData_Stock.product_template_v_belt_b90,list_price,fixed,310.0,0.0,0.0,0.0,0.0,0.0,0.0
product_pricelist_item_id_15138,Jinasena_MasterData_Sales.product_pricelist_jam_general_pricelist,2022-04-30 18:30:00,1.0,1_product,Jinasena_MasterData_Stock.product_template_v_belt_b86,list_price,fixed,470.0,0.0,0.0,0.0,0.0,0.0,0.0
product_pricelist_item_id_15137,Jinasena_MasterData_Sales.product_pricelist_jam_general_pricelist,2022-04-30 18:30:00,1.0,1_product,Jinasena_MasterData_Stock.product_template_v_belt_b78,list_price,fixed,290.0,0.0,0.0,0.0,0.0,0.0,0.0
product_pricelist_item_id_15136,Jinasena_MasterData_Sales.product_pricelist_jam_general_pricelist,2022-04-30 18:30:00,1.0,1_product,Jinasena_MasterData_Stock.product_template_v_belt_b_77,list_price,fixed,340.0,0.0,0.0,0.0,0.0,0.0,0.0
product_pricelist_item_id_15135,Jinasena_MasterData_Sales.product_pricelist_jam_general_pricelist,2022-04-30 18:30:00,1.0,1_product,Jinasena_MasterData_Stock.product_template_v_belt_b83,list_price,fixed,260.0,0.0,0.0,0.0,0.0,0.0,0.0
product_pricelist_item_id_15134,Jinasena_MasterData_Sales.product_pricelist_jam_general_pricelist,2022-04-30 18:30:00,1.0,1_product,Jinasena_MasterData_Stock.product_template_v_belt_b80_327927,list_price,fixed,310.0,0.0,0.0,0.0,0.0,0.0,0.0
product_pricelist_item_id_15133,Jinasena_MasterData_Sales.product_pricelist_jam_general_pricelist,2013-10-30 18:30:00,1.0,1_product,Jinasena_MasterData_Stock.product_template_v_belt_b80_327927,list_price,fixed,648.0,0.0,0.0,0.0,0.0,0.0,0.0
product_pricelist_item_id_15132,Jinasena_MasterData_Sales.product_pricelist_jam_general_pricelist,2022-04-30 18:30:00,1.0,1_product,Jinasena_MasterData_Stock.product_template_v_belt_b70_327925,list_price,fixed,260.0,0.0,0.0,0.0,0.0,0.0,0.0
product_pricelist_item_id_15131,Jinasena_MasterData_Sales.product_pricelist_jam_general_pricelist,2022-04-30 18:30:00,1.0,1_product,Jinasena_MasterData_Stock.product_template_v_belt_b56_327923,list_price,fixed,270.0,0.0,0.0,0.0,0.0,0.0,0.0
product_pricelist_item_id_15130,Jinasena_MasterData_Sales.product_pricelist_jam_general_pricelist,2022-04-30 18:30:00,1.0,1_product,Jinasena_MasterData_Stock.product_template_v_belt_b55,list_price,fixed,200.0,0.0,0.0,0.0,0.0,0.0,0.0
product_pricelist_item_id_15129,Jinasena_MasterData_Sales.product_pricelist_jam_general_pricelist,2022-04-30 18:30:00,1.0,1_product,Jinasena_MasterData_Stock.product_template_v_belt_b54,list_price,fixed,180.0,0.0,0.0,0.0,0.0,0.0,0.0
product_pricelist_item_id_15128,Jinasena_MasterData_Sales.product_pricelist_jam_general_pricelist,2022-04-30 18:30:00,1.0,1_product,Jinasena_MasterData_Stock.product_template_v_belt_b52,list_price,fixed,180.0,0.0,0.0,0.0,0.0,0.0,0.0
product_pricelist_item_id_15127,Jinasena_MasterData_Sales.product_pricelist_jam_general_pricelist,2022-04-30 18:30:00,1.0,1_product,Jinasena_MasterData_Stock.product_template_v_belt_b50,list_price,fixed,320.0,0.0,0.0,0.0,0.0,0.0,0.0
product_pricelist_item_id_15126,Jinasena_MasterData_Sales.product_pricelist_jam_general_pricelist,2022-04-30 18:30:00,1.0,1_product,Jinasena_MasterData_Stock.product_template_v_belt_b42,list_price,fixed,1590.0,0.0,0.0,0.0,0.0,0.0,0.0
product_pricelist_item_id_15125,Jinasena_MasterData_Sales.product_pricelist_jam_general_pricelist,2024-08-12 18:30:00,1.0,1_product,Jinasena_MasterData_Stock.product_template_v_belt_b40,list_price,fixed,2116.0,0.0,0.0,0.0,0.0,0.0,0.0
product_pricelist_item_id_15124,Jinasena_MasterData_Sales.product_pricelist_jam_general_pricelist,2022-04-30 18:30:00,1.0,1_product,Jinasena_MasterData_Stock.product_template_v_belt_b_51,list_price,fixed,250.0,0.0,0.0,0.0,0.0,0.0,0.0
product_pricelist_item_id_15123,Jinasena_MasterData_Sales.product_pricelist_jam_general_pricelist,2022-04-30 18:30:00,1.0,1_product,Jinasena_MasterData_Stock.product_template_v_belt_b49_tohope,list_price,fixed,360.0,0.0,0.0,0.0,0.0,0.0,0.0
product_pricelist_item_id_15122,Jinasena_MasterData_Sales.product_pricelist_jam_general_pricelist,2022-04-30 18:30:00,1.0,1_product,Jinasena_MasterData_Stock.product_template_v_belt_a112,list_price,fixed,360.0,0.0,0.0,0.0,0.0,0.0,0.0
product_pricelist_item_id_15121,Jinasena_MasterData_Sales.product_pricelist_jam_general_pricelist,2023-05-21 18:30:00,1.0,1_product,Jinasena_MasterData_Stock.product_template_v_belt_b46_for_c_havaster,list_price,fixed,3180.0,0.0,0.0,0.0,0.0,0.0,0.0
product_pricelist_item_id_15120,Jinasena_MasterData_Sales.product_pricelist_jam_general_pricelist,2022-04-30 18:30:00,1.0,1_product,Jinasena_MasterData_Stock.product_template_v_belt_b41,list_price,fixed,420.0,0.0,0.0,0.0,0.0,0.0,0.0
product_pricelist_item_id_15119,Jinasena_MasterData_Sales.product_pricelist_jam_general_pricelist,2022-04-30 18:30:00,1.0,1_product,Jinasena_MasterData_Stock.product_template_v_belt_b38,list_price,fixed,300.0,0.0,0.0,0.0,0.0,0.0,0.0
product_pricelist_item_id_15118,Jinasena_MasterData_Sales.product_pricelist_jam_general_pricelist,2022-04-30 18:30:00,1.0,1_product,Jinasena_MasterData_Stock.product_template_v_belt_b34_mitshuboshi_tea_c,list_price,fixed,310.0,0.0,0.0,0.0,0.0,0.0,0.0
product_pricelist_item_id_15117,Jinasena_MasterData_Sales.product_pricelist_jam_general_pricelist,2022-04-30 18:30:00,1.0,1_product,Jinasena_MasterData_Stock.product_template_v_belt_b33_mitshuboshi,list_price,fixed,310.0,0.0,0.0,0.0,0.0,0.0,0.0
product_pricelist_item_id_15116,Jinasena_MasterData_Sales.product_pricelist_jam_general_pricelist,2022-04-30 18:30:00,1.0,1_product,Jinasena_MasterData_Stock.product_template_v_belt_a52,list_price,fixed,120.0,0.0,0.0,0.0,0.0,0.0,0.0
product_pricelist_item_id_15115,Jinasena_MasterData_Sales.product_pricelist_jam_general_pricelist,2022-04-30 18:30:00,1.0,1_product,Jinasena_MasterData_Stock.product_template_v_belt_a50,list_price,fixed,110.0,0.0,0.0,0.0,0.0,0.0,0.0
product_pricelist_item_id_15114,Jinasena_MasterData_Sales.product_pricelist_jam_general_pricelist,2022-04-30 18:30:00,1.0,1_product,Jinasena_MasterData_Stock.product_template_v_belt_a47,list_price,fixed,110.0,0.0,0.0,0.0,0.0,0.0,0.0
product_pricelist_item_id_15113,Jinasena_MasterData_Sales.product_pricelist_jam_general_pricelist,2022-04-30 18:30:00,1.0,1_product,Jinasena_MasterData_Stock.product_template_v_belt_a43,list_price,fixed,90.0,0.0,0.0,0.0,0.0,0.0,0.0
product_pricelist_item_id_15112,Jinasena_MasterData_Sales.product_pricelist_jam_general_pricelist,2022-04-30 18:30:00,1.0,1_product,Jinasena_MasterData_Stock.product_template_v_belt_a42,list_price,fixed,150.0,0.0,0.0,0.0,0.0,0.0,0.0
product_pricelist_item_id_15111,Jinasena_MasterData_Sales.product_pricelist_jam_general_pricelist,2013-10-30 18:30:00,1.0,1_product,Jinasena_MasterData_Stock.product_template_v_belt_a42,list_price,fixed,265.0,0.0,0.0,0.0,0.0,0.0,0.0
product_pricelist_item_id_15110,Jinasena_MasterData_Sales.product_pricelist_jam_general_pricelist,2022-04-30 18:30:00,1.0,1_product,Jinasena_MasterData_Stock.product_template_v_belt_a39,list_price,fixed,180.0,0.0,0.0,0.0,0.0,0.0,0.0
product_pricelist_item_id_15109,Jinasena_MasterData_Sales.product_pricelist_jam_general_pricelist,2022-04-30 18:30:00,1.0,1_product,Jinasena_MasterData_Stock.product_template_v_belt_a30,list_price,fixed,180.0,0.0,0.0,0.0,0.0,0.0,0.0
product_pricelist_item_id_15108,Jinasena_MasterData_Sales.product_pricelist_jam_general_pricelist,2022-04-30 18:30:00,1.0,1_product,Jinasena_MasterData_Stock.product_template_breake_liner_bush_cutter_robin,list_price,fixed,20.0,0.0,0.0,0.0,0.0,0.0,0.0
product_pricelist_item_id_15107,Jinasena_MasterData_Sales.product_pricelist_jam_general_pricelist,2022-04-30 18:30:00,1.0,1_product,Jinasena_MasterData_Stock.product_template_v_belt_a_90,list_price,fixed,440.0,0.0,0.0,0.0,0.0,0.0,0.0
product_pricelist_item_id_15106,Jinasena_MasterData_Sales.product_pricelist_jam_general_pricelist,2022-04-30 18:30:00,1.0,1_product,Jinasena_MasterData_Stock.product_template_v_belt_a_85,list_price,fixed,200.0,0.0,0.0,0.0,0.0,0.0,0.0
product_pricelist_item_id_15105,Jinasena_MasterData_Sales.product_pricelist_jam_general_pricelist,2022-04-30 18:30:00,1.0,1_product,Jinasena_MasterData_Stock.product_template_v_belt_a83,list_price,fixed,200.0,0.0,0.0,0.0,0.0,0.0,0.0
product_pricelist_item_id_15104,Jinasena_MasterData_Sales.product_pricelist_jam_general_pricelist,2022-04-30 18:30:00,1.0,1_product,Jinasena_MasterData_Stock.product_template_v_belt_a_77_for_l_machine,list_price,fixed,160.0,0.0,0.0,0.0,0.0,0.0,0.0
product_pricelist_item_id_15103,Jinasena_MasterData_Sales.product_pricelist_jam_general_pricelist,2022-04-30 18:30:00,1.0,1_product,Jinasena_MasterData_Stock.product_template_v_belt_a76,list_price,fixed,180.0,0.0,0.0,0.0,0.0,0.0,0.0
product_pricelist_item_id_15102,Jinasena_MasterData_Sales.product_pricelist_jam_general_pricelist,2022-04-30 18:30:00,1.0,1_product,Jinasena_MasterData_Stock.product_template_a_type_v_belt_a71,list_price,fixed,540.0,0.0,0.0,0.0,0.0,0.0,0.0
product_pricelist_item_id_15101,Jinasena_MasterData_Sales.product_pricelist_jam_general_pricelist,2022-04-30 18:30:00,1.0,1_product,Jinasena_MasterData_Stock.product_template_v_belt_a_61,list_price,fixed,150.0,0.0,0.0,0.0,0.0,0.0,0.0
product_pricelist_item_id_15100,Jinasena_MasterData_Sales.product_pricelist_jam_general_pricelist,2022-04-30 18:30:00,1.0,1_product,Jinasena_MasterData_Stock.product_template_type_a_35_v_belt,list_price,fixed,190.0,0.0,0.0,0.0,0.0,0.0,0.0
product_pricelist_item_id_15099,Jinasena_MasterData_Sales.product_pricelist_jam_general_pricelist,2023-04-23 18:30:00,1.0,1_product,Jinasena_MasterData_Stock.product_template_v_belt_a_27,list_price,fixed,681.82,0.0,0.0,0.0,0.0,0.0,0.0
product_pricelist_item_id_15098,Jinasena_MasterData_Sales.product_pricelist_jam_general_pricelist,2022-04-30 18:30:00,1.0,1_product,Jinasena_MasterData_Stock.product_template_v_belt_a24,list_price,fixed,70.0,0.0,0.0,0.0,0.0,0.0,0.0
product_pricelist_item_id_15097,Jinasena_MasterData_Sales.product_pricelist_jam_general_pricelist,2022-04-30 18:30:00,1.0,1_product,Jinasena_MasterData_Stock.product_template_wire_mesh_5x20gx3_for_seever_m_c,list_price,fixed,990.0,0.0,0.0,0.0,0.0,0.0,0.0
product_pricelist_item_id_15096,Jinasena_MasterData_Sales.product_pricelist_jam_general_pricelist,2022-04-30 18:30:00,1.0,1_product,Jinasena_MasterData_Stock.product_template_g_i_wire_mesh_4x20gx3_for_seever,list_price,fixed,360.0,0.0,0.0,0.0,0.0,0.0,0.0
product_pricelist_item_id_15095,Jinasena_MasterData_Sales.product_pricelist_jam_general_pricelist,2022-04-30 18:30:00,1.0,1_product,Jinasena_MasterData_Stock.product_template_weld_mesh_2inch,list_price,fixed,570.0,0.0,0.0,0.0,0.0,0.0,0.0
product_pricelist_item_id_15094,Jinasena_MasterData_Sales.product_pricelist_jam_general_pricelist,2022-04-30 18:30:00,1.0,1_product,Jinasena_MasterData_Stock.product_template_s_steel_rod_1_8,list_price,fixed,70.0,0.0,0.0,0.0,0.0,0.0,0.0
product_pricelist_item_id_15093,Jinasena_MasterData_Sales.product_pricelist_jam_general_pricelist,2022-04-30 18:30:00,1.0,1_product,Jinasena_MasterData_Stock.product_template_spring_steel_31_8_x_9mm,list_price,fixed,2080.0,0.0,0.0,0.0,0.0,0.0,0.0
product_pricelist_item_id_15092,Jinasena_MasterData_Sales.product_pricelist_jam_general_pricelist,2022-04-30 18:30:00,1.0,1_product,Jinasena_MasterData_Stock.product_template_spring_steel_4_x_13mm,list_price,fixed,7780.0,0.0,0.0,0.0,0.0,0.0,0.0
product_pricelist_item_id_15091,Jinasena_MasterData_Sales.product_pricelist_jam_general_pricelist,2022-04-30 18:30:00,1.0,1_product,Jinasena_MasterData_Stock.product_template_carbon_st_flat_plate_50x2mm_327863,list_price,fixed,1030.0,0.0,0.0,0.0,0.0,0.0,0.0
product_pricelist_item_id_15090,Jinasena_MasterData_Sales.product_pricelist_jam_general_pricelist,2022-04-30 18:30:00,1.0,1_product,Jinasena_MasterData_Stock.product_template_carbon_steel_flat_2_x1_2_c_45,list_price,fixed,1980.0,0.0,0.0,0.0,0.0,0.0,0.0
product_pricelist_item_id_15089,Jinasena_MasterData_Sales.product_pricelist_jam_general_pricelist,2022-04-30 18:30:00,1.0,1_product,Jinasena_MasterData_Stock.product_template_spring_steel_2_3_8_x_6_mm,list_price,fixed,1540.0,0.0,0.0,0.0,0.0,0.0,0.0
product_pricelist_item_id_15088,Jinasena_MasterData_Sales.product_pricelist_jam_general_pricelist,2022-04-30 18:30:00,1.0,1_product,Jinasena_MasterData_Stock.product_template_bush_cutter_blade_12_bca006_mms,list_price,fixed,870.0,0.0,0.0,0.0,0.0,0.0,0.0
product_pricelist_item_id_15087,Jinasena_MasterData_Sales.product_pricelist_jam_general_pricelist,2022-04-30 18:30:00,1.0,1_product,Jinasena_MasterData_Stock.product_template_spring_steel_2_3_4_x_6_0_mm,list_price,fixed,1210.0,0.0,0.0,0.0,0.0,0.0,0.0
product_pricelist_item_id_15086,Jinasena_MasterData_Sales.product_pricelist_jam_general_pricelist,2022-04-30 18:30:00,1.0,1_product,Jinasena_MasterData_Stock.product_template_m_s_sheet_3_4_19_05mm,list_price,fixed,25740.0,0.0,0.0,0.0,0.0,0.0,0.0
product_pricelist_item_id_15085,Jinasena_MasterData_Sales.product_pricelist_jam_general_pricelist,2022-04-30 18:30:00,1.0,1_product,Jinasena_MasterData_Stock.product_template_m_s_sheet_3_8_9mm_o_c,list_price,fixed,10220.0,0.0,0.0,0.0,0.0,0.0,0.0
product_pricelist_item_id_15084,Jinasena_MasterData_Sales.product_pricelist_jam_general_pricelist,2022-04-30 18:30:00,1.0,1_product,Jinasena_MasterData_Stock.product_template_s_s_sheet_6_4mm_1_4,list_price,fixed,51050.0,0.0,0.0,0.0,0.0,0.0,0.0
product_pricelist_item_id_15083,Jinasena_MasterData_Sales.product_pricelist_jam_general_pricelist,2022-04-30 18:30:00,1.0,1_product,Jinasena_MasterData_Stock.product_template_ms_hot_rolled_sheet_6_4mm,list_price,fixed,6670.0,0.0,0.0,0.0,0.0,0.0,0.0
product_pricelist_item_id_15082,Jinasena_MasterData_Sales.product_pricelist_jam_general_pricelist,2022-04-30 18:30:00,1.0,1_product,Jinasena_MasterData_Stock.product_template_m_s_sheet_5mm,list_price,fixed,5560.0,0.0,0.0,0.0,0.0,0.0,0.0
product_pricelist_item_id_15081,Jinasena_MasterData_Sales.product_pricelist_jam_general_pricelist,2022-04-30 18:30:00,1.0,1_product,Jinasena_MasterData_Stock.product_template_ms_sheet_4_0mm_g6,list_price,fixed,4440.0,0.0,0.0,0.0,0.0,0.0,0.0
product_pricelist_item_id_15080,Jinasena_MasterData_Sales.product_pricelist_jam_general_pricelist,2022-04-30 18:30:00,1.0,1_product,Jinasena_MasterData_Stock.product_template_s_s_sheet_3_2mm_1_8,list_price,fixed,27300.0,0.0,0.0,0.0,0.0,0.0,0.0
product_pricelist_item_id_15079,Jinasena_MasterData_Sales.product_pricelist_jam_general_pricelist,2022-04-30 18:30:00,1.0,1_product,Jinasena_MasterData_Stock.product_template_hot_rolled_sheet_3_2mm_1_8,list_price,fixed,5000.0,0.0,0.0,0.0,0.0,0.0,0.0
product_pricelist_item_id_15078,Jinasena_MasterData_Sales.product_pricelist_jam_general_pricelist,2022-04-30 18:30:00,1.0,1_product,Jinasena_MasterData_Stock.product_template_s_s_sheet_2_0mm_g14,list_price,fixed,18140.0,0.0,0.0,0.0,0.0,0.0,0.0
product_pricelist_item_id_15077,Jinasena_MasterData_Sales.product_pricelist_jam_general_pricelist,2022-04-30 18:30:00,1.0,1_product,Jinasena_MasterData_Stock.product_template_m_s_sheet_1_5mm_g16,list_price,fixed,1790.0,0.0,0.0,0.0,0.0,0.0,0.0
product_pricelist_item_id_15076,Jinasena_MasterData_Sales.product_pricelist_jam_general_pricelist,2022-04-30 18:30:00,1.0,1_product,Jinasena_MasterData_Stock.product_template_ss_perforated_sheet_g18,list_price,fixed,15540.0,0.0,0.0,0.0,0.0,0.0,0.0
product_pricelist_item_id_15075,Jinasena_MasterData_Sales.product_pricelist_jam_general_pricelist,2022-04-30 18:30:00,1.0,1_product,Jinasena_MasterData_Stock.product_template_s_s_sheet_g18_8_x_4,list_price,fixed,10610.0,0.0,0.0,0.0,0.0,0.0,0.0
product_pricelist_item_id_15074,Jinasena_MasterData_Sales.product_pricelist_jam_general_pricelist,2022-04-30 18:30:00,1.0,1_product,Jinasena_MasterData_Stock.product_template_ms_sheet_1_2mm_g18,list_price,fixed,2050.0,0.0,0.0,0.0,0.0,0.0,0.0
product_pricelist_item_id_15073,Jinasena_MasterData_Sales.product_pricelist_jam_general_pricelist,2022-04-30 18:30:00,1.0,1_product,Jinasena_MasterData_Stock.product_template_m_s_sheet_0_9mm_g20,list_price,fixed,1450.0,0.0,0.0,0.0,0.0,0.0,0.0
product_pricelist_item_id_15072,Jinasena_MasterData_Sales.product_pricelist_jam_general_pricelist,2013-10-30 18:30:00,1.0,1_product,Jinasena_MasterData_Stock.product_template_m_s_sheet_0_9mm_g20,list_price,fixed,14850.0,0.0,0.0,0.0,0.0,0.0,0.0
product_pricelist_item_id_15071,Jinasena_MasterData_Sales.product_pricelist_jam_general_pricelist,2022-04-30 18:30:00,1.0,1_product,Jinasena_MasterData_Stock.product_template_guard_singl_ass,list_price,fixed,230.0,0.0,0.0,0.0,0.0,0.0,0.0
product_pricelist_item_id_15070,Jinasena_MasterData_Sales.product_pricelist_jam_general_pricelist,2022-04-30 18:30:00,1.0,1_product,Jinasena_MasterData_Stock.product_template_guard_double_ass,list_price,fixed,370.0,0.0,0.0,0.0,0.0,0.0,0.0
product_pricelist_item_id_15069,Jinasena_MasterData_Sales.product_pricelist_jam_general_pricelist,2022-04-30 18:30:00,1.0,1_product,Jinasena_MasterData_Stock.product_template_presure_guard_b,list_price,fixed,150.0,0.0,0.0,0.0,0.0,0.0,0.0
product_pricelist_item_id_15068,Jinasena_MasterData_Sales.product_pricelist_jam_general_pricelist,2022-04-30 18:30:00,1.0,1_product,Jinasena_MasterData_Stock.product_template_presure_guard_a,list_price,fixed,150.0,0.0,0.0,0.0,0.0,0.0,0.0
product_pricelist_item_id_15067,Jinasena_MasterData_Sales.product_pricelist_jam_general_pricelist,2022-04-30 18:30:00,1.0,1_product,Jinasena_MasterData_Stock.product_template_friction_plate_upper,list_price,fixed,120.0,0.0,0.0,0.0,0.0,0.0,0.0
product_pricelist_item_id_15066,Jinasena_MasterData_Sales.product_pricelist_jam_general_pricelist,2022-04-30 18:30:00,1.0,1_product,Jinasena_MasterData_Stock.product_template_friction_plate_lower,list_price,fixed,120.0,0.0,0.0,0.0,0.0,0.0,0.0
product_pricelist_item_id_15065,Jinasena_MasterData_Sales.product_pricelist_jam_general_pricelist,2022-04-30 18:30:00,1.0,1_product,Jinasena_MasterData_Stock.product_template_s_st_wire_g12_kg,list_price,fixed,110.0,0.0,0.0,0.0,0.0,0.0,0.0
product_pricelist_item_id_15064,Jinasena_MasterData_Sales.product_pricelist_jam_general_pricelist,2022-04-30 18:30:00,1.0,1_product,Jinasena_MasterData_Stock.product_template_s_s_spring_steel_wire_g10,list_price,fixed,60.0,0.0,0.0,0.0,0.0,0.0,0.0
product_pricelist_item_id_15063,Jinasena_MasterData_Sales.product_pricelist_jam_general_pricelist,2022-04-30 18:30:00,1.0,1_product,Jinasena_MasterData_Stock.product_template_spring_steel_wire_g14_kg,list_price,fixed,20.0,0.0,0.0,0.0,0.0,0.0,0.0
product_pricelist_item_id_15062,Jinasena_MasterData_Sales.product_pricelist_jam_general_pricelist,2022-04-30 18:30:00,1.0,1_product,Jinasena_MasterData_Stock.product_template_spring_st_wire_g16_kg,list_price,fixed,20.0,0.0,0.0,0.0,0.0,0.0,0.0
product_pricelist_item_id_15061,Jinasena_MasterData_Sales.product_pricelist_jam_general_pricelist,2013-10-30 18:30:00,1.0,1_product,Jinasena_MasterData_Stock.product_template_spring_st_wire_g16_kg,list_price,fixed,42.0,0.0,0.0,0.0,0.0,0.0,0.0
product_pricelist_item_id_15060,Jinasena_MasterData_Sales.product_pricelist_jam_general_pricelist,2022-04-30 18:30:00,1.0,1_product,Jinasena_MasterData_Stock.product_template_s_s_sq_bar_8mm,list_price,fixed,1470.0,0.0,0.0,0.0,0.0,0.0,0.0
product_pricelist_item_id_15059,Jinasena_MasterData_Sales.product_pricelist_jam_general_pricelist,2022-04-30 18:30:00,1.0,1_product,Jinasena_MasterData_Stock.product_template_s_s_sq_bar_10mm,list_price,fixed,2590.0,0.0,0.0,0.0,0.0,0.0,0.0
product_pricelist_item_id_15058,Jinasena_MasterData_Sales.product_pricelist_jam_general_pricelist,2022-04-30 18:30:00,1.0,1_product,Jinasena_MasterData_Stock.product_template_s_s_shafting_40mm,list_price,fixed,13200.0,0.0,0.0,0.0,0.0,0.0,0.0
product_pricelist_item_id_15057,Jinasena_MasterData_Sales.product_pricelist_jam_general_pricelist,2022-04-30 18:30:00,1.0,1_product,Jinasena_MasterData_Stock.product_template_s_s_shafting_32mm,list_price,fixed,8750.0,0.0,0.0,0.0,0.0,0.0,0.0
product_pricelist_item_id_15056,Jinasena_MasterData_Sales.product_pricelist_jam_general_pricelist,2022-04-30 18:30:00,1.0,1_product,Jinasena_MasterData_Stock.product_template_st_steel_sheet_8x4x22g,list_price,fixed,1130.0,0.0,0.0,0.0,0.0,0.0,0.0
product_pricelist_item_id_15055,Jinasena_MasterData_Sales.product_pricelist_jam_general_pricelist,2022-04-30 18:30:00,1.0,1_product,Jinasena_MasterData_Stock.product_template_s_s_sq_tubing_1_5x1_5xg14,list_price,fixed,2370.0,0.0,0.0,0.0,0.0,0.0,0.0
product_pricelist_item_id_15054,Jinasena_MasterData_Sales.product_pricelist_jam_general_pricelist,2022-04-30 18:30:00,1.0,1_product,Jinasena_MasterData_Stock.product_template_stainless_steel_sheet_g_20,list_price,fixed,4090.0,0.0,0.0,0.0,0.0,0.0,0.0
product_pricelist_item_id_15053,Jinasena_MasterData_Sales.product_pricelist_jam_general_pricelist,2022-04-30 18:30:00,1.0,1_product,Jinasena_MasterData_Stock.product_template_s_s_rod_16mm_5_8,list_price,fixed,950.0,0.0,0.0,0.0,0.0,0.0,0.0
product_pricelist_item_id_15052,Jinasena_MasterData_Sales.product_pricelist_jam_general_pricelist,2022-04-30 18:30:00,1.0,1_product,Jinasena_MasterData_Stock.product_template_rotor_shaft,list_price,fixed,530.0,0.0,0.0,0.0,0.0,0.0,0.0
product_pricelist_item_id_15051,Jinasena_MasterData_Sales.product_pricelist_jam_general_pricelist,2022-04-30 18:30:00,1.0,1_product,Jinasena_MasterData_Stock.product_template_s_s_rod_12mm,list_price,fixed,1190.0,0.0,0.0,0.0,0.0,0.0,0.0
product_pricelist_item_id_15050,Jinasena_MasterData_Sales.product_pricelist_jam_general_pricelist,2022-04-30 18:30:00,1.0,1_product,Jinasena_MasterData_Stock.product_template_s_s_rod_10mm,list_price,fixed,740.0,0.0,0.0,0.0,0.0,0.0,0.0
product_pricelist_item_id_15049,Jinasena_MasterData_Sales.product_pricelist_jam_general_pricelist,2022-04-30 18:30:00,1.0,1_product,Jinasena_MasterData_Stock.product_template_sst_round_bar_2_mt,list_price,fixed,17490.0,0.0,0.0,0.0,0.0,0.0,0.0
product_pricelist_item_id_15048,Jinasena_MasterData_Sales.product_pricelist_jam_general_pricelist,2022-04-30 18:30:00,1.0,1_product,Jinasena_MasterData_Stock.product_template_s_s_rod_6mm_1_4,list_price,fixed,290.0,0.0,0.0,0.0,0.0,0.0,0.0
product_pricelist_item_id_15047,Jinasena_MasterData_Sales.product_pricelist_jam_general_pricelist,2022-04-30 18:30:00,1.0,1_product,Jinasena_MasterData_Stock.product_template_stainless_st_rod_5mm,list_price,fixed,140.0,0.0,0.0,0.0,0.0,0.0,0.0
product_pricelist_item_id_15046,Jinasena_MasterData_Sales.product_pricelist_jam_general_pricelist,2022-04-30 18:30:00,1.0,1_product,Jinasena_MasterData_Stock.product_template_sst_round_bar_1,list_price,fixed,5390.0,0.0,0.0,0.0,0.0,0.0,0.0
product_pricelist_item_id_15045,Jinasena_MasterData_Sales.product_pricelist_jam_general_pricelist,2022-04-30 18:30:00,1.0,1_product,Jinasena_MasterData_Stock.product_template_s_s_shafting_3_4_19_05mm,list_price,fixed,2120.0,0.0,0.0,0.0,0.0,0.0,0.0
product_pricelist_item_id_15044,Jinasena_MasterData_Sales.product_pricelist_jam_general_pricelist,2022-04-30 18:30:00,1.0,1_product,Jinasena_MasterData_Stock.product_template_m_s_flat_iron_3_x1_2,list_price,fixed,1320.0,0.0,0.0,0.0,0.0,0.0,0.0
product_pricelist_item_id_15043,Jinasena_MasterData_Sales.product_pricelist_jam_general_pricelist,2022-04-30 18:30:00,1.0,1_product,Jinasena_MasterData_Stock.product_template_m_s_square_tube_1_5_1_5_3mm,list_price,fixed,750.0,0.0,0.0,0.0,0.0,0.0,0.0
product_pricelist_item_id_15042,Jinasena_MasterData_Sales.product_pricelist_jam_general_pricelist,2022-04-30 18:30:00,1.0,1_product,Jinasena_MasterData_Stock.product_template_ms_sq_tube_1_25_x1_25_x2_5mm,list_price,fixed,390.0,0.0,0.0,0.0,0.0,0.0,0.0
product_pricelist_item_id_15041,Jinasena_MasterData_Sales.product_pricelist_jam_general_pricelist,2022-04-30 18:30:00,1.0,1_product,Jinasena_MasterData_Stock.product_template_ms_sq_tube_1_x1_x2_5mm,list_price,fixed,280.0,0.0,0.0,0.0,0.0,0.0,0.0
product_pricelist_item_id_15040,Jinasena_MasterData_Sales.product_pricelist_jam_general_pricelist,2022-04-30 18:30:00,1.0,1_product,Jinasena_MasterData_Stock.product_template_m_s_flat_50x9m,list_price,fixed,140.0,0.0,0.0,0.0,0.0,0.0,0.0
product_pricelist_item_id_15039,Jinasena_MasterData_Sales.product_pricelist_jam_general_pricelist,2022-04-30 18:30:00,1.0,1_product,Jinasena_MasterData_Stock.product_template_ms_sq_hollow_tube_2_x_2_x_1_6_mm,list_price,fixed,710.0,0.0,0.0,0.0,0.0,0.0,0.0
product_pricelist_item_id_15038,Jinasena_MasterData_Sales.product_pricelist_jam_general_pricelist,2022-04-30 18:30:00,1.0,1_product,Jinasena_MasterData_Stock.product_template_m_s_sq_tubing_1_x_2_2_5mm,list_price,fixed,580.0,0.0,0.0,0.0,0.0,0.0,0.0
product_pricelist_item_id_15037,Jinasena_MasterData_Sales.product_pricelist_jam_general_pricelist,2022-04-30 18:30:00,1.0,1_product,Jinasena_MasterData_Stock.product_template_ms_sheet_g18_sqm,list_price,fixed,2050.0,0.0,0.0,0.0,0.0,0.0,0.0
product_pricelist_item_id_15036,Jinasena_MasterData_Sales.product_pricelist_jam_general_pricelist,2022-04-30 18:30:00,1.0,1_product,Jinasena_MasterData_Stock.product_template_ms_channel_4_x_2_x_1_4_mt,list_price,fixed,1410.0,0.0,0.0,0.0,0.0,0.0,0.0
product_pricelist_item_id_15035,Jinasena_MasterData_Sales.product_pricelist_jam_general_pricelist,2022-04-30 18:30:00,1.0,1_product,Jinasena_MasterData_Stock.product_template_ms_chanel_iron_1_1_2_x3_x1_4,list_price,fixed,1030.0,0.0,0.0,0.0,0.0,0.0,0.0
product_pricelist_item_id_15034,Jinasena_MasterData_Sales.product_pricelist_jam_general_pricelist,2022-04-30 18:30:00,1.0,1_product,Jinasena_MasterData_Stock.product_template_m_s_angal_11_2_x11_2_x1_8,list_price,fixed,530.0,0.0,0.0,0.0,0.0,0.0,0.0
product_pricelist_item_id_15033,Jinasena_MasterData_Sales.product_pricelist_jam_general_pricelist,2022-04-30 18:30:00,1.0,1_product,Jinasena_MasterData_Stock.product_template_m_s_angle_iron_1_5_x_1_5_x_3_16,list_price,fixed,370.0,0.0,0.0,0.0,0.0,0.0,0.0
product_pricelist_item_id_15032,Jinasena_MasterData_Sales.product_pricelist_jam_general_pricelist,2022-04-30 18:30:00,1.0,1_product,Jinasena_MasterData_Stock.product_template_ms_angle_iron_2_5_x2_5_x1_4,list_price,fixed,580.0,0.0,0.0,0.0,0.0,0.0,0.0
product_pricelist_item_id_15031,Jinasena_MasterData_Sales.product_pricelist_jam_general_pricelist,2022-04-30 18:30:00,1.0,1_product,Jinasena_MasterData_Stock.product_template_ms_angle_2_5_x_2_5_x_0_25_mt,list_price,fixed,380.0,0.0,0.0,0.0,0.0,0.0,0.0
product_pricelist_item_id_15030,Jinasena_MasterData_Sales.product_pricelist_jam_general_pricelist,2022-04-30 18:30:00,1.0,1_product,Jinasena_MasterData_Stock.product_template_ms_angle_2_x_2_x_1_4_mt,list_price,fixed,620.0,0.0,0.0,0.0,0.0,0.0,0.0
product_pricelist_item_id_15029,Jinasena_MasterData_Sales.product_pricelist_jam_general_pricelist,2022-04-30 18:30:00,1.0,1_product,Jinasena_MasterData_Stock.product_template_ms_angle_1_5_x_1_5_x_0_25_mt,list_price,fixed,520.0,0.0,0.0,0.0,0.0,0.0,0.0
product_pricelist_item_id_15028,Jinasena_MasterData_Sales.product_pricelist_jam_general_pricelist,2022-04-30 18:30:00,1.0,1_product,Jinasena_MasterData_Stock.product_template_m_s_angle_1_x_1_x_1_4,list_price,fixed,330.0,0.0,0.0,0.0,0.0,0.0,0.0
product_pricelist_item_id_15027,Jinasena_MasterData_Sales.product_pricelist_jam_general_pricelist,2022-04-30 18:30:00,1.0,1_product,Jinasena_MasterData_Stock.product_template_ms_angle_1_x_1_x_1_8_mt,list_price,fixed,210.0,0.0,0.0,0.0,0.0,0.0,0.0
product_pricelist_item_id_15026,Jinasena_MasterData_Sales.product_pricelist_jam_general_pricelist,2022-04-30 18:30:00,1.0,1_product,Jinasena_MasterData_Stock.product_template_m_s_sq_bar_1_5_mt,list_price,fixed,1070.0,0.0,0.0,0.0,0.0,0.0,0.0
product_pricelist_item_id_15025,Jinasena_MasterData_Sales.product_pricelist_jam_general_pricelist,2022-04-30 18:30:00,1.0,1_product,Jinasena_MasterData_Stock.product_template_ms_square_bar_3_8_x3_8,list_price,fixed,200.0,0.0,0.0,0.0,0.0,0.0,0.0
product_pricelist_item_id_15024,Jinasena_MasterData_Sales.product_pricelist_jam_general_pricelist,2022-04-30 18:30:00,1.0,1_product,Jinasena_MasterData_Stock.product_template_ms_angle_iron_1_x1_x1_4,list_price,fixed,330.0,0.0,0.0,0.0,0.0,0.0,0.0
product_pricelist_item_id_15023,Jinasena_MasterData_Sales.product_pricelist_jam_general_pricelist,2022-04-30 18:30:00,1.0,1_product,Jinasena_MasterData_Stock.product_template_ms_bar_1_3_4_dia_45_0mm_327750,list_price,fixed,2840.0,0.0,0.0,0.0,0.0,0.0,0.0
product_pricelist_item_id_15022,Jinasena_MasterData_Sales.product_pricelist_jam_general_pricelist,2022-04-30 18:30:00,1.0,1_product,Jinasena_MasterData_Stock.product_template_ms_bar_1_3_4_dia_45_0mm,list_price,fixed,4130.0,0.0,0.0,0.0,0.0,0.0,0.0
product_pricelist_item_id_15021,Jinasena_MasterData_Sales.product_pricelist_jam_general_pricelist,2022-04-30 18:30:00,1.0,1_product,Jinasena_MasterData_Stock.product_template_m_s_round_bar_2_5in_dia,list_price,fixed,4670.0,0.0,0.0,0.0,0.0,0.0,0.0
product_pricelist_item_id_15020,Jinasena_MasterData_Sales.product_pricelist_jam_general_pricelist,2022-04-30 18:30:00,1.0,1_product,Jinasena_MasterData_Stock.product_template_b_d_s_round_bar_50mm_2in,list_price,fixed,2960.0,0.0,0.0,0.0,0.0,0.0,0.0
product_pricelist_item_id_15019,Jinasena_MasterData_Sales.product_pricelist_jam_general_pricelist,2022-04-30 18:30:00,1.0,1_product,Jinasena_MasterData_Stock.product_template_m_st_round_bars_1_1_2_m,list_price,fixed,1830.0,0.0,0.0,0.0,0.0,0.0,0.0
product_pricelist_item_id_15018,Jinasena_MasterData_Sales.product_pricelist_jam_general_pricelist,2022-04-30 18:30:00,1.0,1_product,Jinasena_MasterData_Stock.product_template_m_st_round_bars_1_1_4_m,list_price,fixed,1080.0,0.0,0.0,0.0,0.0,0.0,0.0
product_pricelist_item_id_15017,Jinasena_MasterData_Sales.product_pricelist_jam_general_pricelist,2022-04-30 18:30:00,1.0,1_product,Jinasena_MasterData_Stock.product_template_m_st_round_bars_1_m,list_price,fixed,290.0,0.0,0.0,0.0,0.0,0.0,0.0
product_pricelist_item_id_15016,Jinasena_MasterData_Sales.product_pricelist_jam_general_pricelist,2022-04-30 18:30:00,1.0,1_product,Jinasena_MasterData_Stock.product_template_m_st_round_bars_5_8_m,list_price,fixed,290.0,0.0,0.0,0.0,0.0,0.0,0.0
product_pricelist_item_id_15015,Jinasena_MasterData_Sales.product_pricelist_jam_general_pricelist,2022-04-30 18:30:00,1.0,1_product,Jinasena_MasterData_Stock.product_template_m_s_round_bar_12mm,list_price,fixed,170.0,0.0,0.0,0.0,0.0,0.0,0.0
product_pricelist_item_id_15014,Jinasena_MasterData_Sales.product_pricelist_jam_general_pricelist,2022-04-30 18:30:00,1.0,1_product,Jinasena_MasterData_Stock.product_template_m_s_round_bar_3_8,list_price,fixed,140.0,0.0,0.0,0.0,0.0,0.0,0.0
product_pricelist_item_id_15013,Jinasena_MasterData_Sales.product_pricelist_jam_general_pricelist,2022-04-30 18:30:00,1.0,1_product,Jinasena_MasterData_Stock.product_template_m_s_rods_1_4,list_price,fixed,50.0,0.0,0.0,0.0,0.0,0.0,0.0
product_pricelist_item_id_15012,Jinasena_MasterData_Sales.product_pricelist_jam_general_pricelist,2022-04-30 18:30:00,1.0,1_product,Jinasena_MasterData_Stock.product_template_ms_flat_iron_48x4_0mm,list_price,fixed,330.0,0.0,0.0,0.0,0.0,0.0,0.0
product_pricelist_item_id_15011,Jinasena_MasterData_Sales.product_pricelist_jam_general_pricelist,2022-04-30 18:30:00,1.0,1_product,Jinasena_MasterData_Stock.product_template_m_st_flat_3_x3_8_mt,list_price,fixed,190.0,0.0,0.0,0.0,0.0,0.0,0.0
product_pricelist_item_id_15010,Jinasena_MasterData_Sales.product_pricelist_jam_general_pricelist,2022-04-30 18:30:00,1.0,1_product,Jinasena_MasterData_Stock.product_template_ms_round_bar_15_0mm,list_price,fixed,120.0,0.0,0.0,0.0,0.0,0.0,0.0
product_pricelist_item_id_15009,Jinasena_MasterData_Sales.product_pricelist_jam_general_pricelist,2022-04-30 18:30:00,1.0,1_product,Jinasena_MasterData_Stock.product_template_m_st_flat_1_x3_8_mt,list_price,fixed,40.0,0.0,0.0,0.0,0.0,0.0,0.0
product_pricelist_item_id_15008,Jinasena_MasterData_Sales.product_pricelist_jam_general_pricelist,2022-04-30 18:30:00,1.0,1_product,Jinasena_MasterData_Stock.product_template_m_s_round_bar_14mm,list_price,fixed,220.0,0.0,0.0,0.0,0.0,0.0,0.0
product_pricelist_item_id_15007,Jinasena_MasterData_Sales.product_pricelist_jam_general_pricelist,2022-04-30 18:30:00,1.0,1_product,Jinasena_MasterData_Stock.product_template_m_s_flat_iron_2_1_2_x1_4,list_price,fixed,2150.0,0.0,0.0,0.0,0.0,0.0,0.0
product_pricelist_item_id_15006,Jinasena_MasterData_Sales.product_pricelist_jam_general_pricelist,2022-04-30 18:30:00,1.0,1_product,Jinasena_MasterData_Stock.product_template_m_st_flat_2_x3_8_mt,list_price,fixed,680.0,0.0,0.0,0.0,0.0,0.0,0.0
product_pricelist_item_id_15005,Jinasena_MasterData_Sales.product_pricelist_jam_general_pricelist,2022-04-30 18:30:00,1.0,1_product,Jinasena_MasterData_Stock.product_template_ms_flat_iron_48_x_4_0mm,list_price,fixed,240.0,0.0,0.0,0.0,0.0,0.0,0.0
product_pricelist_item_id_15004,Jinasena_MasterData_Sales.product_pricelist_jam_general_pricelist,2022-04-30 18:30:00,1.0,1_product,Jinasena_MasterData_Stock.product_template_m_st_flat_1_1_2_x_3_8_mt,list_price,fixed,430.0,0.0,0.0,0.0,0.0,0.0,0.0
product_pricelist_item_id_15003,Jinasena_MasterData_Sales.product_pricelist_jam_general_pricelist,2022-04-30 18:30:00,1.0,1_product,Jinasena_MasterData_Stock.product_template_ms_flat_iron_1_1_2x1_2_for_c,list_price,fixed,510.0,0.0,0.0,0.0,0.0,0.0,0.0
product_pricelist_item_id_15002,Jinasena_MasterData_Sales.product_pricelist_jam_general_pricelist,2022-04-30 18:30:00,1.0,1_product,Jinasena_MasterData_Stock.product_template_m_s_round_bar_8mm,list_price,fixed,80.0,0.0,0.0,0.0,0.0,0.0,0.0
product_pricelist_item_id_15001,Jinasena_MasterData_Sales.product_pricelist_jam_general_pricelist,2022-04-30 18:30:00,1.0,1_product,Jinasena_MasterData_Stock.product_template_m_s_flat_iron_1_1_4_x3_8,list_price,fixed,340.0,0.0,0.0,0.0,0.0,0.0,0.0
product_pricelist_item_id_15000,Jinasena_MasterData_Sales.product_pricelist_jam_general_pricelist,2022-04-30 18:30:00,1.0,1_product,Jinasena_MasterData_Stock.product_template_m_st_flat_2_x_1_4_mt,list_price,fixed,360.0,0.0,0.0,0.0,0.0,0.0,0.0
product_pricelist_item_id_14999,Jinasena_MasterData_Sales.product_pricelist_jam_general_pricelist,2022-04-30 18:30:00,1.0,1_product,Jinasena_MasterData_Stock.product_template_m_st_flat_1_1_2_x1_4_mt,list_price,fixed,300.0,0.0,0.0,0.0,0.0,0.0,0.0
product_pricelist_item_id_14998,Jinasena_MasterData_Sales.product_pricelist_jam_general_pricelist,2022-04-30 18:30:00,1.0,1_product,Jinasena_MasterData_Stock.product_template_m_st_round_bars_5mm,list_price,fixed,30.0,0.0,0.0,0.0,0.0,0.0,0.0
product_pricelist_item_id_14997,Jinasena_MasterData_Sales.product_pricelist_jam_general_pricelist,2022-04-30 18:30:00,1.0,1_product,Jinasena_MasterData_Stock.product_template_m_st_flat_1_1_4_x_1_4_mt,list_price,fixed,240.0,0.0,0.0,0.0,0.0,0.0,0.0
product_pricelist_item_id_14996,Jinasena_MasterData_Sales.product_pricelist_jam_general_pricelist,2022-04-30 18:30:00,1.0,1_product,Jinasena_MasterData_Stock.product_template_m_st_flat_1_x_1_4_mt,list_price,fixed,190.0,0.0,0.0,0.0,0.0,0.0,0.0
product_pricelist_item_id_14995,Jinasena_MasterData_Sales.product_pricelist_jam_general_pricelist,2022-04-30 18:30:00,1.0,1_product,Jinasena_MasterData_Stock.product_template_m_st_flat_3_4_x_1_4_mt,list_price,fixed,180.0,0.0,0.0,0.0,0.0,0.0,0.0
product_pricelist_item_id_14994,Jinasena_MasterData_Sales.product_pricelist_jam_general_pricelist,2022-04-30 18:30:00,1.0,1_product,Jinasena_MasterData_Stock.product_template_m_st_flat_0_5_x0_25_mt,list_price,fixed,40.0,0.0,0.0,0.0,0.0,0.0,0.0
product_pricelist_item_id_14993,Jinasena_MasterData_Sales.product_pricelist_jam_general_pricelist,2022-04-30 18:30:00,1.0,1_product,Jinasena_MasterData_Stock.product_template_heavy_steel_tube_2_61_50mm,list_price,fixed,1910.0,0.0,0.0,0.0,0.0,0.0,0.0
product_pricelist_item_id_14992,Jinasena_MasterData_Sales.product_pricelist_jam_general_pricelist,2022-04-30 18:30:00,1.0,1_product,Jinasena_MasterData_Stock.product_template_jump_st_hex_1_mt,list_price,fixed,770.0,0.0,0.0,0.0,0.0,0.0,0.0
product_pricelist_item_id_14991,Jinasena_MasterData_Sales.product_pricelist_jam_general_pricelist,2022-04-30 18:30:00,1.0,1_product,Jinasena_MasterData_Stock.product_template_hight_speed_steel_3_4dia,list_price,fixed,1780.0,0.0,0.0,0.0,0.0,0.0,0.0
product_pricelist_item_id_14990,Jinasena_MasterData_Sales.product_pricelist_jam_general_pricelist,2022-04-30 18:30:00,1.0,1_product,Jinasena_MasterData_Stock.product_template_carbon_steel_rod_50mm_2in,list_price,fixed,3950.0,0.0,0.0,0.0,0.0,0.0,0.0
product_pricelist_item_id_14989,Jinasena_MasterData_Sales.product_pricelist_jam_general_pricelist,2022-04-30 18:30:00,1.0,1_product,Jinasena_MasterData_Stock.product_template_m_s_hexagonal_bar_1_1_4,list_price,fixed,1010.0,0.0,0.0,0.0,0.0,0.0,0.0
product_pricelist_item_id_14988,Jinasena_MasterData_Sales.product_pricelist_jam_general_pricelist,2022-04-30 18:30:00,1.0,1_product,Jinasena_MasterData_Stock.product_template_carbon_steel_rod_25mm_1in,list_price,fixed,1510.0,0.0,0.0,0.0,0.0,0.0,0.0
product_pricelist_item_id_14987,Jinasena_MasterData_Sales.product_pricelist_jam_general_pricelist,2022-04-30 18:30:00,1.0,1_product,Jinasena_MasterData_Stock.product_template_m_c_s_rod_3_4,list_price,fixed,200.0,0.0,0.0,0.0,0.0,0.0,0.0
product_pricelist_item_id_14986,Jinasena_MasterData_Sales.product_pricelist_jam_general_pricelist,2022-04-30 18:30:00,1.0,1_product,Jinasena_MasterData_Stock.product_template_bright_steel_round_2_5,list_price,fixed,1980.0,0.0,0.0,0.0,0.0,0.0,0.0
product_pricelist_item_id_14985,Jinasena_MasterData_Sales.product_pricelist_jam_general_pricelist,2022-04-30 18:30:00,1.0,1_product,Jinasena_MasterData_Stock.product_template_m_s_hex_bar_7_8,list_price,fixed,610.0,0.0,0.0,0.0,0.0,0.0,0.0
product_pricelist_item_id_14984,Jinasena_MasterData_Sales.product_pricelist_jam_general_pricelist,2022-04-30 18:30:00,1.0,1_product,Jinasena_MasterData_Stock.product_template_bds_round_bar_32mm_1_1_4,list_price,fixed,1600.0,0.0,0.0,0.0,0.0,0.0,0.0
product_pricelist_item_id_14983,Jinasena_MasterData_Sales.product_pricelist_jam_general_pricelist,2022-04-30 18:30:00,1.0,1_product,Jinasena_MasterData_Stock.product_template_bds_round_bar_25mm,list_price,fixed,610.0,0.0,0.0,0.0,0.0,0.0,0.0
product_pricelist_item_id_14982,Jinasena_MasterData_Sales.product_pricelist_jam_general_pricelist,2022-04-30 18:30:00,1.0,1_product,Jinasena_MasterData_Stock.product_template_square_bar_3_8_inch,list_price,fixed,1900.0,0.0,0.0,0.0,0.0,0.0,0.0
product_pricelist_item_id_14981,Jinasena_MasterData_Sales.product_pricelist_jam_general_pricelist,2022-04-30 18:30:00,1.0,1_product,Jinasena_MasterData_Stock.product_template_stainless_st_key_bar_5x5mm,list_price,fixed,850.0,0.0,0.0,0.0,0.0,0.0,0.0
product_pricelist_item_id_14980,Jinasena_MasterData_Sales.product_pricelist_jam_general_pricelist,2013-10-30 18:30:00,1.0,1_product,Jinasena_MasterData_Stock.product_template_stainless_st_key_bar_5x5mm,list_price,fixed,948.0,0.0,0.0,0.0,0.0,0.0,0.0
product_pricelist_item_id_14979,Jinasena_MasterData_Sales.product_pricelist_jam_general_pricelist,2022-04-30 18:30:00,1.0,1_product,Jinasena_MasterData_Stock.product_template_ms_square_bar_1_4_x1_4_key,list_price,fixed,290.0,0.0,0.0,0.0,0.0,0.0,0.0
product_pricelist_item_id_14978,Jinasena_MasterData_Sales.product_pricelist_jam_general_pricelist,2022-04-30 18:30:00,1.0,1_product,Jinasena_MasterData_Stock.product_template_bds_round_bar_20mm,list_price,fixed,220.0,0.0,0.0,0.0,0.0,0.0,0.0
product_pricelist_item_id_14977,Jinasena_MasterData_Sales.product_pricelist_jam_general_pricelist,2022-04-30 18:30:00,1.0,1_product,Jinasena_MasterData_Stock.product_template_bright_st_round_3_16_mt,list_price,fixed,60.0,0.0,0.0,0.0,0.0,0.0,0.0
product_pricelist_item_id_14976,Jinasena_MasterData_Sales.product_pricelist_jam_general_pricelist,2022-04-30 18:30:00,1.0,1_product,Jinasena_MasterData_Stock.product_template_bright_st_round_11_8_28mm_mt,list_price,fixed,60.0,0.0,0.0,0.0,0.0,0.0,0.0
product_pricelist_item_id_14975,Jinasena_MasterData_Sales.product_pricelist_jam_general_pricelist,2022-04-30 18:30:00,1.0,1_product,Jinasena_MasterData_Stock.product_template_bds_round_bar_25_4mm_1,list_price,fixed,1100.0,0.0,0.0,0.0,0.0,0.0,0.0
product_pricelist_item_id_14974,Jinasena_MasterData_Sales.product_pricelist_jam_general_pricelist,2022-04-30 18:30:00,1.0,1_product,Jinasena_MasterData_Stock.product_template_bds_round_bar_22mm_17_8,list_price,fixed,480.0,0.0,0.0,0.0,0.0,0.0,0.0
product_pricelist_item_id_14973,Jinasena_MasterData_Sales.product_pricelist_jam_general_pricelist,2022-04-30 18:30:00,1.0,1_product,Jinasena_MasterData_Stock.product_template_bright_st_round_0_75_mt,list_price,fixed,620.0,0.0,0.0,0.0,0.0,0.0,0.0
product_pricelist_item_id_14972,Jinasena_MasterData_Sales.product_pricelist_jam_general_pricelist,2022-04-30 18:30:00,1.0,1_product,Jinasena_MasterData_Stock.product_template_brt_st_rd_5_8_mt,list_price,fixed,240.0,0.0,0.0,0.0,0.0,0.0,0.0
product_pricelist_item_id_14971,Jinasena_MasterData_Sales.product_pricelist_jam_general_pricelist,2022-04-30 18:30:00,1.0,1_product,Jinasena_MasterData_Stock.product_template_bright_st_round_bar_12mm,list_price,fixed,80.0,0.0,0.0,0.0,0.0,0.0,0.0
product_pricelist_item_id_14970,Jinasena_MasterData_Sales.product_pricelist_jam_general_pricelist,2022-04-30 18:30:00,1.0,1_product,Jinasena_MasterData_Stock.product_template_br_st_shaft_5_16,list_price,fixed,330.0,0.0,0.0,0.0,0.0,0.0,0.0
product_pricelist_item_id_14969,Jinasena_MasterData_Sales.product_pricelist_jam_general_pricelist,2022-04-30 18:30:00,1.0,1_product,Jinasena_MasterData_Stock.product_template_copper_flat_1_x1_4_mt,list_price,fixed,2970.0,0.0,0.0,0.0,0.0,0.0,0.0
product_pricelist_item_id_14968,Jinasena_MasterData_Sales.product_pricelist_jam_general_pricelist,2022-04-30 18:30:00,1.0,1_product,Jinasena_MasterData_Stock.product_template_copper_tubing_5_16_mt,list_price,fixed,1720.0,0.0,0.0,0.0,0.0,0.0,0.0
product_pricelist_item_id_14967,Jinasena_MasterData_Sales.product_pricelist_jam_general_pricelist,2022-04-30 18:30:00,1.0,1_product,Jinasena_MasterData_Stock.product_template_cu_tubing_1_4_mt,list_price,fixed,30.0,0.0,0.0,0.0,0.0,0.0,0.0
product_pricelist_item_id_14966,Jinasena_MasterData_Sales.product_pricelist_jam_general_pricelist,2022-04-30 18:30:00,1.0,1_product,Jinasena_MasterData_Stock.product_template_cu_round_bar_1_mt,list_price,fixed,12550.0,0.0,0.0,0.0,0.0,0.0,0.0
product_pricelist_item_id_14965,Jinasena_MasterData_Sales.product_pricelist_jam_general_pricelist,2022-04-30 18:30:00,1.0,1_product,Jinasena_MasterData_Stock.product_template_brass_round_1_5_mt,list_price,fixed,11950.0,0.0,0.0,0.0,0.0,0.0,0.0
product_pricelist_item_id_14964,Jinasena_MasterData_Sales.product_pricelist_jam_general_pricelist,2022-04-30 18:30:00,1.0,1_product,Jinasena_MasterData_Stock.product_template_brass_round_11_4_mt,list_price,fixed,11880.0,0.0,0.0,0.0,0.0,0.0,0.0
product_pricelist_item_id_14963,Jinasena_MasterData_Sales.product_pricelist_jam_general_pricelist,2022-04-30 18:30:00,1.0,1_product,Jinasena_MasterData_Stock.product_template_brass_round_5_8_mt,list_price,fixed,2980.0,0.0,0.0,0.0,0.0,0.0,0.0
product_pricelist_item_id_14962,Jinasena_MasterData_Sales.product_pricelist_jam_general_pricelist,2022-04-30 18:30:00,1.0,1_product,Jinasena_MasterData_Stock.product_template_b_i_hook_ring_1_5inch,list_price,fixed,10.0,0.0,0.0,0.0,0.0,0.0,0.0
product_pricelist_item_id_14961,Jinasena_MasterData_Sales.product_pricelist_jam_general_pricelist,2022-04-30 18:30:00,1.0,1_product,Jinasena_MasterData_Stock.product_template_m_s_hoop_iron_1x1_4_for_seever,list_price,fixed,130.0,0.0,0.0,0.0,0.0,0.0,0.0
product_pricelist_item_id_14960,Jinasena_MasterData_Sales.product_pricelist_jam_general_pricelist,2022-04-30 18:30:00,1.0,1_product,Jinasena_MasterData_Stock.product_template_g_i_wire_1_8in,list_price,fixed,10.0,0.0,0.0,0.0,0.0,0.0,0.0
product_pricelist_item_id_14959,Jinasena_MasterData_Sales.product_pricelist_jam_general_pricelist,2022-04-30 18:30:00,1.0,1_product,Jinasena_MasterData_Stock.product_template_ms_furniture_tube_7_8_xg16_1_5m,list_price,fixed,150.0,0.0,0.0,0.0,0.0,0.0,0.0
product_pricelist_item_id_14958,Jinasena_MasterData_Sales.product_pricelist_jam_general_pricelist,2022-04-30 18:30:00,1.0,1_product,Jinasena_MasterData_Stock.product_template_ms_furniture_tube_1_xg16_1_5mm,list_price,fixed,220.0,0.0,0.0,0.0,0.0,0.0,0.0
product_pricelist_item_id_14957,Jinasena_MasterData_Sales.product_pricelist_jam_general_pricelist,2022-04-30 18:30:00,1.0,1_product,Jinasena_MasterData_Stock.product_template_ms_furniture_tube_3_4_xg18_1_2m,list_price,fixed,100.0,0.0,0.0,0.0,0.0,0.0,0.0
product_pricelist_item_id_14956,Jinasena_MasterData_Sales.product_pricelist_jam_general_pricelist,2022-04-30 18:30:00,1.0,1_product,Jinasena_MasterData_Stock.product_template_carbon_steel_bar_1_1_4,list_price,fixed,2130.0,0.0,0.0,0.0,0.0,0.0,0.0
product_pricelist_item_id_14955,Jinasena_MasterData_Sales.product_pricelist_jam_general_pricelist,2022-04-30 18:30:00,1.0,1_product,Jinasena_MasterData_Stock.product_template_carbon_steel_bar_22mm_7_8,list_price,fixed,1060.0,0.0,0.0,0.0,0.0,0.0,0.0
product_pricelist_item_id_14954,Jinasena_MasterData_Sales.product_pricelist_jam_general_pricelist,2022-04-30 18:30:00,1.0,1_product,Jinasena_MasterData_Stock.product_template_copper_tube_1_4_dia,list_price,fixed,170.0,0.0,0.0,0.0,0.0,0.0,0.0
product_pricelist_item_id_14953,Jinasena_MasterData_Sales.product_pricelist_jam_general_pricelist,2022-04-30 18:30:00,1.0,1_product,Jinasena_MasterData_Stock.product_template_cold_finish_bt_steel_9_0mm_5_8m,list_price,fixed,100.0,0.0,0.0,0.0,0.0,0.0,0.0
product_pricelist_item_id_14952,Jinasena_MasterData_Sales.product_pricelist_jam_general_pricelist,2022-04-30 18:30:00,1.0,1_product,Jinasena_MasterData_Stock.product_template_cold_finished_round_bar_6_0mm,list_price,fixed,60.0,0.0,0.0,0.0,0.0,0.0,0.0
product_pricelist_item_id_14951,Jinasena_MasterData_Sales.product_pricelist_jam_general_pricelist,2022-04-30 18:30:00,1.0,1_product,Jinasena_MasterData_Stock.product_template_alu_sheet_g_24,list_price,fixed,3400.0,0.0,0.0,0.0,0.0,0.0,0.0
product_pricelist_item_id_14950,Jinasena_MasterData_Sales.product_pricelist_jam_general_pricelist,2022-04-30 18:30:00,1.0,1_product,Jinasena_MasterData_Stock.product_template_plastic_fan_2blade_th6_7,list_price,fixed,460.0,0.0,0.0,0.0,0.0,0.0,0.0
product_pricelist_item_id_14949,Jinasena_MasterData_Sales.product_pricelist_jam_general_pricelist,2022-04-30 18:30:00,1.0,1_product,Jinasena_MasterData_Stock.product_template_rexin_sheet,list_price,fixed,280.0,0.0,0.0,0.0,0.0,0.0,0.0
product_pricelist_item_id_14948,Jinasena_MasterData_Sales.product_pricelist_jam_general_pricelist,2022-04-30 18:30:00,1.0,1_product,Jinasena_MasterData_Stock.product_template_arpifoam_sheet_1_sponch,list_price,fixed,590.0,0.0,0.0,0.0,0.0,0.0,0.0
product_pricelist_item_id_14947,Jinasena_MasterData_Sales.product_pricelist_jam_general_pricelist,2022-04-30 18:30:00,1.0,1_product,Jinasena_MasterData_Stock.product_template_rubber_sheet_2_x2_x1_8,list_price,fixed,660.0,0.0,0.0,0.0,0.0,0.0,0.0
product_pricelist_item_id_14946,Jinasena_MasterData_Sales.product_pricelist_jam_general_pricelist,2022-04-30 18:30:00,1.0,1_product,Jinasena_MasterData_Stock.product_template_cylider_liner_o_ring_aht_8,list_price,fixed,130.0,0.0,0.0,0.0,0.0,0.0,0.0
product_pricelist_item_id_14945,Jinasena_MasterData_Sales.product_pricelist_jam_general_pricelist,2022-04-30 18:30:00,1.0,1_product,Jinasena_MasterData_Stock.product_template_o_ring_for_tank_cap,list_price,fixed,10.0,0.0,0.0,0.0,0.0,0.0,0.0
product_pricelist_item_id_14944,Jinasena_MasterData_Sales.product_pricelist_jam_general_pricelist,2022-04-30 18:30:00,1.0,1_product,Jinasena_MasterData_Stock.product_template_syn_rubber_ring_flat_bott_16mm,list_price,fixed,10.0,0.0,0.0,0.0,0.0,0.0,0.0
product_pricelist_item_id_14943,Jinasena_MasterData_Sales.product_pricelist_jam_general_pricelist,2022-04-30 18:30:00,1.0,1_product,Jinasena_MasterData_Stock.product_template_rubber_sheet_2_x2_x3_8,list_price,fixed,1370.0,0.0,0.0,0.0,0.0,0.0,0.0
product_pricelist_item_id_14942,Jinasena_MasterData_Sales.product_pricelist_jam_general_pricelist,2022-04-30 18:30:00,1.0,1_product,Jinasena_MasterData_Stock.product_template_rubber_sheet_2_x2_x1_4_thic,list_price,fixed,1020.0,0.0,0.0,0.0,0.0,0.0,0.0
product_pricelist_item_id_14941,Jinasena_MasterData_Sales.product_pricelist_jam_general_pricelist,2022-04-30 18:30:00,1.0,1_product,Jinasena_MasterData_Stock.product_template_rb_stator_packing_nr115,list_price,fixed,20.0,0.0,0.0,0.0,0.0,0.0,0.0
product_pricelist_item_id_14940,Jinasena_MasterData_Sales.product_pricelist_jam_general_pricelist,2022-04-30 18:30:00,1.0,1_product,Jinasena_MasterData_Stock.product_template_rb_stator_packing_nr110,list_price,fixed,20.0,0.0,0.0,0.0,0.0,0.0,0.0
product_pricelist_item_id_14939,Jinasena_MasterData_Sales.product_pricelist_jam_general_pricelist,2022-04-30 18:30:00,1.0,1_product,Jinasena_MasterData_Stock.product_template_rubber_insert_nr100_327628,list_price,fixed,20.0,0.0,0.0,0.0,0.0,0.0,0.0
product_pricelist_item_id_14938,Jinasena_MasterData_Sales.product_pricelist_jam_general_pricelist,2022-04-30 18:30:00,1.0,1_product,Jinasena_MasterData_Stock.product_template_rubber_gromet_nr115_1_327626,list_price,fixed,20.0,0.0,0.0,0.0,0.0,0.0,0.0
product_pricelist_item_id_14937,Jinasena_MasterData_Sales.product_pricelist_jam_general_pricelist,2022-04-30 18:30:00,1.0,1_product,Jinasena_MasterData_Stock.product_template_rubber_cap_for_toc,list_price,fixed,40.0,0.0,0.0,0.0,0.0,0.0,0.0
product_pricelist_item_id_14936,Jinasena_MasterData_Sales.product_pricelist_jam_general_pricelist,2022-04-30 18:30:00,1.0,1_product,Jinasena_MasterData_Stock.product_template_rb_steering_lever_cap,list_price,fixed,10.0,0.0,0.0,0.0,0.0,0.0,0.0
product_pricelist_item_id_14935,Jinasena_MasterData_Sales.product_pricelist_jam_general_pricelist,2022-04-30 18:30:00,1.0,1_product,Jinasena_MasterData_Stock.product_template_rubber_diffuser_16mm,list_price,fixed,20.0,0.0,0.0,0.0,0.0,0.0,0.0
product_pricelist_item_id_14934,Jinasena_MasterData_Sales.product_pricelist_jam_general_pricelist,2022-04-30 18:30:00,1.0,1_product,Jinasena_MasterData_Stock.product_template_rubber_binding_for_mini_grinder,list_price,fixed,260.0,0.0,0.0,0.0,0.0,0.0,0.0
product_pricelist_item_id_14933,Jinasena_MasterData_Sales.product_pricelist_jam_general_pricelist,2023-09-07 18:30:00,1.0,1_product,Jinasena_MasterData_Stock.product_template_rubber_handle_aht8,list_price,fixed,250.0,0.0,0.0,0.0,0.0,0.0,0.0
product_pricelist_item_id_14932,Jinasena_MasterData_Sales.product_pricelist_jam_general_pricelist,2022-04-30 18:30:00,1.0,1_product,Jinasena_MasterData_Stock.product_template_rb_cycle_handle_grip,list_price,fixed,30.0,0.0,0.0,0.0,0.0,0.0,0.0
product_pricelist_item_id_14931,Jinasena_MasterData_Sales.product_pricelist_jam_general_pricelist,2022-04-30 18:30:00,1.0,1_product,Jinasena_MasterData_Stock.product_template_rb_dust_seal_clutch_cover_jet5_j,list_price,fixed,50.0,0.0,0.0,0.0,0.0,0.0,0.0
product_pricelist_item_id_14930,Jinasena_MasterData_Sales.product_pricelist_jam_general_pricelist,2022-04-30 18:30:00,1.0,1_product,Jinasena_MasterData_Stock.product_template_rubber_bush_mini_m_chopper,list_price,fixed,20.0,0.0,0.0,0.0,0.0,0.0,0.0
product_pricelist_item_id_14929,Jinasena_MasterData_Sales.product_pricelist_jam_general_pricelist,2022-04-30 18:30:00,1.0,1_product,Jinasena_MasterData_Stock.product_template_rubber_gromet_12mm,list_price,fixed,20.0,0.0,0.0,0.0,0.0,0.0,0.0
product_pricelist_item_id_14928,Jinasena_MasterData_Sales.product_pricelist_jam_general_pricelist,2022-04-30 18:30:00,1.0,1_product,Jinasena_MasterData_Stock.product_template_handle_cover_for_plough,list_price,fixed,30.0,0.0,0.0,0.0,0.0,0.0,0.0
product_pricelist_item_id_14927,Jinasena_MasterData_Sales.product_pricelist_jam_general_pricelist,2022-04-30 18:30:00,1.0,1_product,Jinasena_MasterData_Stock.product_template_handlr_cover_clutch_gear,list_price,fixed,30.0,0.0,0.0,0.0,0.0,0.0,0.0
product_pricelist_item_id_14926,Jinasena_MasterData_Sales.product_pricelist_jam_general_pricelist,2022-04-30 18:30:00,1.0,1_product,Jinasena_MasterData_Stock.product_template_rubber_bush_7_8,list_price,fixed,50.0,0.0,0.0,0.0,0.0,0.0,0.0
product_pricelist_item_id_14925,Jinasena_MasterData_Sales.product_pricelist_jam_general_pricelist,2022-04-30 18:30:00,1.0,1_product,Jinasena_MasterData_Stock.product_template_terminal_box_and_cover_nr115_1_al_m_hous_327603,list_price,fixed,330.0,0.0,0.0,0.0,0.0,0.0,0.0
product_pricelist_item_id_14924,Jinasena_MasterData_Sales.product_pricelist_jam_general_pricelist,2022-04-30 18:30:00,1.0,1_product,Jinasena_MasterData_Stock.product_template_stator_packing,list_price,fixed,40.0,0.0,0.0,0.0,0.0,0.0,0.0
product_pricelist_item_id_14923,Jinasena_MasterData_Sales.product_pricelist_jam_general_pricelist,2022-04-30 18:30:00,1.0,1_product,Jinasena_MasterData_Stock.product_template_rubber_t_box_packing_n_type,list_price,fixed,20.0,0.0,0.0,0.0,0.0,0.0,0.0
product_pricelist_item_id_14922,Jinasena_MasterData_Sales.product_pricelist_jam_general_pricelist,2022-04-30 18:30:00,1.0,1_product,Jinasena_MasterData_Stock.product_template_plastc_end_cap_sp300_pumps,list_price,fixed,10.0,0.0,0.0,0.0,0.0,0.0,0.0
product_pricelist_item_id_14921,Jinasena_MasterData_Sales.product_pricelist_jam_general_pricelist,2022-04-30 18:30:00,1.0,1_product,Jinasena_MasterData_Stock.product_template_plastic_gear_wheel_for_rubber_roller_20_,list_price,fixed,320.0,0.0,0.0,0.0,0.0,0.0,0.0
product_pricelist_item_id_14920,Jinasena_MasterData_Sales.product_pricelist_jam_general_pricelist,2022-04-30 18:30:00,1.0,1_product,Jinasena_MasterData_Stock.product_template_plastic_end_cap_for_tractor,list_price,fixed,10.0,0.0,0.0,0.0,0.0,0.0,0.0
product_pricelist_item_id_14919,Jinasena_MasterData_Sales.product_pricelist_jam_general_pricelist,2022-04-30 18:30:00,1.0,1_product,Jinasena_MasterData_Stock.product_template_fan_327580,list_price,fixed,200.0,0.0,0.0,0.0,0.0,0.0,0.0
product_pricelist_item_id_14918,Jinasena_MasterData_Sales.product_pricelist_jam_general_pricelist,2022-04-30 18:30:00,1.0,1_product,Jinasena_MasterData_Stock.product_template_plastic_connector_nr105_1_327575,list_price,fixed,120.0,0.0,0.0,0.0,0.0,0.0,0.0
product_pricelist_item_id_14917,Jinasena_MasterData_Sales.product_pricelist_jam_general_pricelist,2022-04-30 18:30:00,1.0,1_product,Jinasena_MasterData_Stock.product_template_pl_fan_cover_nr115_1,list_price,fixed,200.0,0.0,0.0,0.0,0.0,0.0,0.0
product_pricelist_item_id_14916,Jinasena_MasterData_Sales.product_pricelist_jam_general_pricelist,2022-08-14 18:30:00,1.0,1_product,Jinasena_MasterData_Stock.product_template_plastic_bush_for_multi_chopper,list_price,fixed,12.5,0.0,0.0,0.0,0.0,0.0,0.0
product_pricelist_item_id_14915,Jinasena_MasterData_Sales.product_pricelist_jam_general_pricelist,2022-04-30 18:30:00,1.0,1_product,Jinasena_MasterData_Stock.product_template_roof_cover_cloth_aht12_tractor,list_price,fixed,470.0,0.0,0.0,0.0,0.0,0.0,0.0
product_pricelist_item_id_14914,Jinasena_MasterData_Sales.product_pricelist_jam_general_pricelist,2022-04-30 18:30:00,1.0,1_product,Jinasena_MasterData_Stock.product_template_fan_cover_nr110_1,list_price,fixed,50.0,0.0,0.0,0.0,0.0,0.0,0.0
product_pricelist_item_id_14913,Jinasena_MasterData_Sales.product_pricelist_jam_general_pricelist,2022-04-30 18:30:00,1.0,1_product,Jinasena_MasterData_Stock.product_template_roof_cover_for_b_c_riding_seat,list_price,fixed,420.0,0.0,0.0,0.0,0.0,0.0,0.0
product_pricelist_item_id_14912,Jinasena_MasterData_Sales.product_pricelist_jam_general_pricelist,2022-04-30 18:30:00,1.0,1_product,Jinasena_MasterData_Stock.product_template_terminal_station_6m_2,list_price,fixed,210.0,0.0,0.0,0.0,0.0,0.0,0.0
product_pricelist_item_id_14911,Jinasena_MasterData_Sales.product_pricelist_jam_general_pricelist,2022-04-30 18:30:00,1.0,1_product,Jinasena_MasterData_Stock.product_template_earth_terminal_6mm_sq,list_price,fixed,620.0,0.0,0.0,0.0,0.0,0.0,0.0
product_pricelist_item_id_14910,Jinasena_MasterData_Sales.product_pricelist_jam_general_pricelist,2022-04-30 18:30:00,1.0,1_product,Jinasena_MasterData_Stock.product_template_side_plate_6m_2,list_price,fixed,90.0,0.0,0.0,0.0,0.0,0.0,0.0
product_pricelist_item_id_14909,Jinasena_MasterData_Sales.product_pricelist_jam_general_pricelist,2022-04-30 18:30:00,1.0,1_product,Jinasena_MasterData_Stock.product_template_ring_terminal_model36020_f1_25_4,list_price,fixed,20.0,0.0,0.0,0.0,0.0,0.0,0.0
product_pricelist_item_id_14908,Jinasena_MasterData_Sales.product_pricelist_jam_general_pricelist,2022-04-30 18:30:00,1.0,1_product,Jinasena_MasterData_Stock.product_template_male_plug_32a_4_5_pin,list_price,fixed,1320.0,0.0,0.0,0.0,0.0,0.0,0.0
product_pricelist_item_id_14907,Jinasena_MasterData_Sales.product_pricelist_jam_general_pricelist,2022-04-30 18:30:00,1.0,1_product,Jinasena_MasterData_Stock.product_template_female_socket_32a_4_5_pin,list_price,fixed,1100.0,0.0,0.0,0.0,0.0,0.0,0.0
product_pricelist_item_id_14906,Jinasena_MasterData_Sales.product_pricelist_jam_general_pricelist,2022-04-30 18:30:00,1.0,1_product,Jinasena_MasterData_Stock.product_template_4_5_pin_male_plug_16a,list_price,fixed,1380.0,0.0,0.0,0.0,0.0,0.0,0.0
product_pricelist_item_id_14905,Jinasena_MasterData_Sales.product_pricelist_jam_general_pricelist,2022-04-30 18:30:00,1.0,1_product,Jinasena_MasterData_Stock.product_template_4_5_pin_female_socket_16a,list_price,fixed,790.0,0.0,0.0,0.0,0.0,0.0,0.0
product_pricelist_item_id_14904,Jinasena_MasterData_Sales.product_pricelist_jam_general_pricelist,2022-04-30 18:30:00,1.0,1_product,Jinasena_MasterData_Stock.product_template_insulated_cap_model_v1_25_327530,list_price,fixed,10.0,0.0,0.0,0.0,0.0,0.0,0.0
product_pricelist_item_id_14903,Jinasena_MasterData_Sales.product_pricelist_jam_general_pricelist,2022-04-30 18:30:00,1.0,1_product,Jinasena_MasterData_Stock.product_template_sleeving_4_0mm,list_price,fixed,40.0,0.0,0.0,0.0,0.0,0.0,0.0
product_pricelist_item_id_14902,Jinasena_MasterData_Sales.product_pricelist_jam_general_pricelist,2022-04-30 18:30:00,1.0,1_product,Jinasena_MasterData_Stock.product_template_multi_range_timer_anly_24v,list_price,fixed,2530.0,0.0,0.0,0.0,0.0,0.0,0.0
product_pricelist_item_id_14901,Jinasena_MasterData_Sales.product_pricelist_jam_general_pricelist,2022-04-30 18:30:00,1.0,1_product,Jinasena_MasterData_Stock.product_template_push_button_switch_on_off,list_price,fixed,1130.0,0.0,0.0,0.0,0.0,0.0,0.0
product_pricelist_item_id_14900,Jinasena_MasterData_Sales.product_pricelist_jam_general_pricelist,2022-04-30 18:30:00,1.0,1_product,Jinasena_MasterData_Stock.product_template_insulated_caps_6mm,list_price,fixed,10.0,0.0,0.0,0.0,0.0,0.0,0.0
product_pricelist_item_id_14899,Jinasena_MasterData_Sales.product_pricelist_jam_general_pricelist,2022-04-30 18:30:00,1.0,1_product,Jinasena_MasterData_Stock.product_template_cable_marker_2_5mm_0_1_2_3_4_5_6_7_8_9_l,list_price,fixed,10.0,0.0,0.0,0.0,0.0,0.0,0.0
product_pricelist_item_id_14898,Jinasena_MasterData_Sales.product_pricelist_jam_general_pricelist,2022-04-30 18:30:00,1.0,1_product,Jinasena_MasterData_Stock.product_template_cable_marker_1_5mm_0_1_2_3_4_5_6_7_8_9_r,list_price,fixed,10.0,0.0,0.0,0.0,0.0,0.0,0.0
product_pricelist_item_id_14897,Jinasena_MasterData_Sales.product_pricelist_jam_general_pricelist,2022-04-30 18:30:00,1.0,1_product,Jinasena_MasterData_Stock.product_template_siemens_contactor_9a_1no_230v,list_price,fixed,2150.0,0.0,0.0,0.0,0.0,0.0,0.0
product_pricelist_item_id_14896,Jinasena_MasterData_Sales.product_pricelist_jam_general_pricelist,2022-04-30 18:30:00,1.0,1_product,Jinasena_MasterData_Stock.product_template_toggle_switch,list_price,fixed,130.0,0.0,0.0,0.0,0.0,0.0,0.0
product_pricelist_item_id_14895,Jinasena_MasterData_Sales.product_pricelist_jam_general_pricelist,2022-04-30 18:30:00,1.0,1_product,Jinasena_MasterData_Stock.product_template_limit_switch_for_mg75_mmc75,list_price,fixed,1450.0,0.0,0.0,0.0,0.0,0.0,0.0
product_pricelist_item_id_14894,Jinasena_MasterData_Sales.product_pricelist_jam_general_pricelist,2025-03-05 18:30:00,1.0,1_product,Jinasena_MasterData_Stock.product_template_limit_switch_15a_250v_td_1308_c,list_price,fixed,1500.0,0.0,0.0,0.0,0.0,0.0,0.0
product_pricelist_item_id_14893,Jinasena_MasterData_Sales.product_pricelist_jam_general_pricelist,2022-04-30 18:30:00,1.0,1_product,Jinasena_MasterData_Stock.product_template_switch_2pole_20a_230v_clipsal,list_price,fixed,920.0,0.0,0.0,0.0,0.0,0.0,0.0
product_pricelist_item_id_14892,Jinasena_MasterData_Sales.product_pricelist_jam_general_pricelist,2022-04-30 18:30:00,1.0,1_product,Jinasena_MasterData_Stock.product_template_motor_starter_1_5hp_1ph_2pol,list_price,fixed,3520.0,0.0,0.0,0.0,0.0,0.0,0.0
product_pricelist_item_id_14891,Jinasena_MasterData_Sales.product_pricelist_jam_general_pricelist,2022-04-30 18:30:00,1.0,1_product,Jinasena_MasterData_Stock.product_template_motor_stater_5_5hp_2_4pole_3,list_price,fixed,4290.0,0.0,0.0,0.0,0.0,0.0,0.0
product_pricelist_item_id_14890,Jinasena_MasterData_Sales.product_pricelist_jam_general_pricelist,2022-04-30 18:30:00,1.0,1_product,Jinasena_MasterData_Stock.product_template_sunk_type_switch_2_gang_5a,list_price,fixed,23520.0,0.0,0.0,0.0,0.0,0.0,0.0
product_pricelist_item_id_14889,Jinasena_MasterData_Sales.product_pricelist_jam_general_pricelist,2022-04-30 18:30:00,1.0,1_product,Jinasena_MasterData_Stock.product_template_motor_stater_2hp_1ph_for_straw_cutter,list_price,fixed,2970.0,0.0,0.0,0.0,0.0,0.0,0.0
product_pricelist_item_id_14888,Jinasena_MasterData_Sales.product_pricelist_jam_general_pricelist,2022-04-30 18:30:00,1.0,1_product,Jinasena_MasterData_Stock.product_template_on_off_switch_teknic_2psf320pp,list_price,fixed,1130.0,0.0,0.0,0.0,0.0,0.0,0.0
product_pricelist_item_id_14887,Jinasena_MasterData_Sales.product_pricelist_jam_general_pricelist,2022-04-30 18:30:00,1.0,1_product,Jinasena_MasterData_Stock.product_template_emergency_push_button,list_price,fixed,660.0,0.0,0.0,0.0,0.0,0.0,0.0
product_pricelist_item_id_14886,Jinasena_MasterData_Sales.product_pricelist_jam_general_pricelist,2022-04-30 18:30:00,1.0,1_product,Jinasena_MasterData_Stock.product_template_relay_8_pin,list_price,fixed,660.0,0.0,0.0,0.0,0.0,0.0,0.0
product_pricelist_item_id_14885,Jinasena_MasterData_Sales.product_pricelist_jam_general_pricelist,2022-04-30 18:30:00,1.0,1_product,Jinasena_MasterData_Stock.product_template_base_for_8pin_relay,list_price,fixed,160.0,0.0,0.0,0.0,0.0,0.0,0.0
product_pricelist_item_id_14884,Jinasena_MasterData_Sales.product_pricelist_jam_general_pricelist,2022-04-30 18:30:00,1.0,1_product,Jinasena_MasterData_Stock.product_template_plastic_cable_tie_8,list_price,fixed,10.0,0.0,0.0,0.0,0.0,0.0,0.0
product_pricelist_item_id_14883,Jinasena_MasterData_Sales.product_pricelist_jam_general_pricelist,2022-04-30 18:30:00,1.0,1_product,Jinasena_MasterData_Stock.product_template_cable_lug_2_5_seq_mts,list_price,fixed,20.0,0.0,0.0,0.0,0.0,0.0,0.0
product_pricelist_item_id_14882,Jinasena_MasterData_Sales.product_pricelist_jam_general_pricelist,2022-04-30 18:30:00,1.0,1_product,Jinasena_MasterData_Stock.product_template_plastic_cable_tie_4,list_price,fixed,10.0,0.0,0.0,0.0,0.0,0.0,0.0
product_pricelist_item_id_14881,Jinasena_MasterData_Sales.product_pricelist_jam_general_pricelist,2022-04-30 18:30:00,1.0,1_product,Jinasena_MasterData_Stock.product_template_sq_pin_plug_base_w_switch_13a,list_price,fixed,220.0,0.0,0.0,0.0,0.0,0.0,0.0
product_pricelist_item_id_14880,Jinasena_MasterData_Sales.product_pricelist_jam_general_pricelist,2022-04-30 18:30:00,1.0,1_product,Jinasena_MasterData_Stock.product_template_plug_top_square_13a,list_price,fixed,230.0,0.0,0.0,0.0,0.0,0.0,0.0
product_pricelist_item_id_14879,Jinasena_MasterData_Sales.product_pricelist_jam_general_pricelist,2022-04-30 18:30:00,1.0,1_product,Jinasena_MasterData_Stock.product_template_plastic_connector_5a,list_price,fixed,10.0,0.0,0.0,0.0,0.0,0.0,0.0
product_pricelist_item_id_14878,Jinasena_MasterData_Sales.product_pricelist_jam_general_pricelist,2022-04-30 18:30:00,1.0,1_product,Jinasena_MasterData_Stock.product_template_plastic_connector,list_price,fixed,10.0,0.0,0.0,0.0,0.0,0.0,0.0
product_pricelist_item_id_14877,Jinasena_MasterData_Sales.product_pricelist_jam_general_pricelist,2022-04-30 18:30:00,1.0,1_product,Jinasena_MasterData_Stock.product_template_wiring_clips_utilux,list_price,fixed,10.0,0.0,0.0,0.0,0.0,0.0,0.0
product_pricelist_item_id_14876,Jinasena_MasterData_Sales.product_pricelist_jam_general_pricelist,2013-10-30 18:30:00,1.0,1_product,Jinasena_MasterData_Stock.product_template_wiring_clips_utilux,list_price,fixed,5.5,0.0,0.0,0.0,0.0,0.0,0.0
product_pricelist_item_id_14875,Jinasena_MasterData_Sales.product_pricelist_jam_general_pricelist,2022-04-30 18:30:00,1.0,1_product,Jinasena_MasterData_Stock.product_template_plain_plug_top_5a,list_price,fixed,190.0,0.0,0.0,0.0,0.0,0.0,0.0
product_pricelist_item_id_14874,Jinasena_MasterData_Sales.product_pricelist_jam_general_pricelist,2022-04-30 18:30:00,1.0,1_product,Jinasena_MasterData_Stock.product_template_ele_motor_8hp_3pase_4pole,list_price,fixed,37950.0,0.0,0.0,0.0,0.0,0.0,0.0
product_pricelist_item_id_14873,Jinasena_MasterData_Sales.product_pricelist_jam_general_pricelist,2022-04-30 18:30:00,1.0,1_product,Jinasena_MasterData_Stock.product_template_electric_motor_1_5hp_1_ph_2_pole_pem_chi,list_price,fixed,9240.0,0.0,0.0,0.0,0.0,0.0,0.0
product_pricelist_item_id_14872,Jinasena_MasterData_Sales.product_pricelist_jam_general_pricelist,2022-04-30 18:30:00,1.0,1_product,Jinasena_MasterData_Stock.product_template_200a_300a_500a_weld_cable,list_price,fixed,360.0,0.0,0.0,0.0,0.0,0.0,0.0
product_pricelist_item_id_14871,Jinasena_MasterData_Sales.product_pricelist_jam_general_pricelist,2022-04-30 18:30:00,1.0,1_product,Jinasena_MasterData_Stock.product_template_terminal_lock,list_price,fixed,140.0,0.0,0.0,0.0,0.0,0.0,0.0
product_pricelist_item_id_14870,Jinasena_MasterData_Sales.product_pricelist_jam_general_pricelist,2022-04-30 18:30:00,1.0,1_product,Jinasena_MasterData_Stock.product_template_indicator_bulb_220v,list_price,fixed,40.0,0.0,0.0,0.0,0.0,0.0,0.0
product_pricelist_item_id_14869,Jinasena_MasterData_Sales.product_pricelist_jam_general_pricelist,2022-04-30 18:30:00,1.0,1_product,Jinasena_MasterData_Stock.product_template_fluorescent_lamp_chain,list_price,fixed,30.0,0.0,0.0,0.0,0.0,0.0,0.0
product_pricelist_item_id_14868,Jinasena_MasterData_Sales.product_pricelist_jam_general_pricelist,2022-04-30 18:30:00,1.0,1_product,Jinasena_MasterData_Stock.product_template_p_v_c_wire_7_0_85,list_price,fixed,350.0,0.0,0.0,0.0,0.0,0.0,0.0
product_pricelist_item_id_14867,Jinasena_MasterData_Sales.product_pricelist_jam_general_pricelist,2022-04-30 18:30:00,1.0,1_product,Jinasena_MasterData_Stock.product_template_pvc_4core_wire_4x30_0_25,list_price,fixed,220.0,0.0,0.0,0.0,0.0,0.0,0.0
product_pricelist_item_id_14866,Jinasena_MasterData_Sales.product_pricelist_jam_general_pricelist,2022-08-18 18:30:00,1.0,1_product,Jinasena_MasterData_Stock.product_template_pvc_earth_wire_7_0_67,list_price,fixed,155.0,0.0,0.0,0.0,0.0,0.0,0.0
product_pricelist_item_id_14865,Jinasena_MasterData_Sales.product_pricelist_jam_general_pricelist,2022-04-30 18:30:00,1.0,1_product,Jinasena_MasterData_Stock.product_template_pvc_3_core_cable_15a_30_0_25,list_price,fixed,500.0,0.0,0.0,0.0,0.0,0.0,0.0
product_pricelist_item_id_14864,Jinasena_MasterData_Sales.product_pricelist_jam_general_pricelist,2022-04-30 18:30:00,1.0,1_product,Jinasena_MasterData_Stock.product_template_3_core_flex_wire_24_0_20,list_price,fixed,70.0,0.0,0.0,0.0,0.0,0.0,0.0
product_pricelist_item_id_14863,Jinasena_MasterData_Sales.product_pricelist_jam_general_pricelist,2022-04-30 18:30:00,1.0,1_product,Jinasena_MasterData_Stock.product_template_two_core_flexible_wire_16_0_20,list_price,fixed,50.0,0.0,0.0,0.0,0.0,0.0,0.0
product_pricelist_item_id_14862,Jinasena_MasterData_Sales.product_pricelist_jam_general_pricelist,2022-04-30 18:30:00,1.0,1_product,Jinasena_MasterData_Stock.product_template_palma_battery_12v_17amp_for_cultivator,list_price,fixed,15400.0,0.0,0.0,0.0,0.0,0.0,0.0
product_pricelist_item_id_14861,Jinasena_MasterData_Sales.product_pricelist_jam_general_pricelist,2022-04-30 18:30:00,1.0,1_product,Jinasena_MasterData_Stock.product_template_cabon_brush_cb_203_cut_off_m_c,list_price,fixed,530.0,0.0,0.0,0.0,0.0,0.0,0.0
product_pricelist_item_id_14860,Jinasena_MasterData_Sales.product_pricelist_jam_general_pricelist,2022-04-30 18:30:00,1.0,1_product,Jinasena_MasterData_Stock.product_template_carbon_brush_set_dewalt_drill,list_price,fixed,450.0,0.0,0.0,0.0,0.0,0.0,0.0
product_pricelist_item_id_14859,Jinasena_MasterData_Sales.product_pricelist_jam_general_pricelist,2022-04-30 18:30:00,1.0,1_product,Jinasena_MasterData_Stock.product_template_carbon_brush_set_dewalt_grinder,list_price,fixed,420.0,0.0,0.0,0.0,0.0,0.0,0.0
product_pricelist_item_id_14858,Jinasena_MasterData_Sales.product_pricelist_jam_general_pricelist,2022-04-30 18:30:00,1.0,1_product,Jinasena_MasterData_Stock.product_template_carbon_brush_set_bosch_grinder,list_price,fixed,730.0,0.0,0.0,0.0,0.0,0.0,0.0
product_pricelist_item_id_14857,Jinasena_MasterData_Sales.product_pricelist_jam_general_pricelist,2023-08-14 18:30:00,1.0,1_product,Jinasena_MasterData_Stock.product_template_a_c_potential_relay_230v,list_price,fixed,5000.0,0.0,0.0,0.0,0.0,0.0,0.0
product_pricelist_item_id_14856,Jinasena_MasterData_Sales.product_pricelist_jam_general_pricelist,2022-04-30 18:30:00,1.0,1_product,Jinasena_MasterData_Stock.product_template_soldering_lead_swg16,list_price,fixed,10.0,0.0,0.0,0.0,0.0,0.0,0.0
product_pricelist_item_id_14855,Jinasena_MasterData_Sales.product_pricelist_jam_general_pricelist,2022-04-30 18:30:00,1.0,1_product,Jinasena_MasterData_Stock.product_template_w_rod_copper_tectic_1_16,list_price,fixed,40.0,0.0,0.0,0.0,0.0,0.0,0.0
product_pricelist_item_id_14854,Jinasena_MasterData_Sales.product_pricelist_jam_general_pricelist,2022-04-30 18:30:00,1.0,1_product,Jinasena_MasterData_Stock.product_template_alum_weld_g_rod_1_8,list_price,fixed,20.0,0.0,0.0,0.0,0.0,0.0,0.0
product_pricelist_item_id_14853,Jinasena_MasterData_Sales.product_pricelist_jam_general_pricelist,2022-04-30 18:30:00,1.0,1_product,Jinasena_MasterData_Stock.product_template_aluminium_weld_g_rod1_16,list_price,fixed,150.0,0.0,0.0,0.0,0.0,0.0,0.0
product_pricelist_item_id_14852,Jinasena_MasterData_Sales.product_pricelist_jam_general_pricelist,2022-04-30 18:30:00,1.0,1_product,Jinasena_MasterData_Stock.product_template_stainless_steel_w_r_g_14,list_price,fixed,30.0,0.0,0.0,0.0,0.0,0.0,0.0
product_pricelist_item_id_14851,Jinasena_MasterData_Sales.product_pricelist_jam_general_pricelist,2022-04-30 18:30:00,1.0,1_product,Jinasena_MasterData_Stock.product_template_mild_steel_weld_rod_1_8,list_price,fixed,20.0,0.0,0.0,0.0,0.0,0.0,0.0
product_pricelist_item_id_14850,Jinasena_MasterData_Sales.product_pricelist_jam_general_pricelist,2022-04-30 18:30:00,1.0,1_product,Jinasena_MasterData_Stock.product_template_mild_steel_weld_rod_1_16,list_price,fixed,10.0,0.0,0.0,0.0,0.0,0.0,0.0
product_pricelist_item_id_14849,Jinasena_MasterData_Sales.product_pricelist_jam_general_pricelist,2022-04-30 18:30:00,1.0,1_product,Jinasena_MasterData_Stock.product_template_brass_welding_rod_1_8,list_price,fixed,50.0,0.0,0.0,0.0,0.0,0.0,0.0
product_pricelist_item_id_14848,Jinasena_MasterData_Sales.product_pricelist_jam_general_pricelist,2022-04-30 18:30:00,1.0,1_product,Jinasena_MasterData_Stock.product_template_bras_wel_rod_1_16,list_price,fixed,20.0,0.0,0.0,0.0,0.0,0.0,0.0
product_pricelist_item_id_14847,Jinasena_MasterData_Sales.product_pricelist_jam_general_pricelist,2022-04-30 18:30:00,1.0,1_product,Jinasena_MasterData_Stock.product_template_brass_welding_flux,list_price,fixed,500.0,0.0,0.0,0.0,0.0,0.0,0.0
product_pricelist_item_id_14846,Jinasena_MasterData_Sales.product_pricelist_jam_general_pricelist,2022-04-30 18:30:00,1.0,1_product,Jinasena_MasterData_Stock.product_template_tooltectic_weld_rod_g10,list_price,fixed,190.0,0.0,0.0,0.0,0.0,0.0,0.0
product_pricelist_item_id_14845,Jinasena_MasterData_Sales.product_pricelist_jam_general_pricelist,2022-04-30 18:30:00,1.0,1_product,Jinasena_MasterData_Stock.product_template_welding_rod_g12_weldall,list_price,fixed,80.0,0.0,0.0,0.0,0.0,0.0,0.0
product_pricelist_item_id_14844,Jinasena_MasterData_Sales.product_pricelist_jam_general_pricelist,2022-04-30 18:30:00,1.0,1_product,Jinasena_MasterData_Stock.product_template_s_stl_welding_electrode_g12,list_price,fixed,40.0,0.0,0.0,0.0,0.0,0.0,0.0
product_pricelist_item_id_14843,Jinasena_MasterData_Sales.product_pricelist_jam_general_pricelist,2022-04-30 18:30:00,1.0,1_product,Jinasena_MasterData_Stock.product_template_weldel_w_rod_g10,list_price,fixed,140.0,0.0,0.0,0.0,0.0,0.0,0.0
product_pricelist_item_id_14842,Jinasena_MasterData_Sales.product_pricelist_jam_general_pricelist,2022-04-30 18:30:00,1.0,1_product,Jinasena_MasterData_Stock.product_template_casting_weld_rod_g10,list_price,fixed,200.0,0.0,0.0,0.0,0.0,0.0,0.0
product_pricelist_item_id_14841,Jinasena_MasterData_Sales.product_pricelist_jam_general_pricelist,2022-04-30 18:30:00,1.0,1_product,Jinasena_MasterData_Stock.product_template_ferr_elect_g12,list_price,fixed,10.0,0.0,0.0,0.0,0.0,0.0,0.0
product_pricelist_item_id_14840,Jinasena_MasterData_Sales.product_pricelist_jam_general_pricelist,2022-04-30 18:30:00,1.0,1_product,Jinasena_MasterData_Stock.product_template_ferrospeed_electrode_g10,list_price,fixed,10.0,0.0,0.0,0.0,0.0,0.0,0.0
product_pricelist_item_id_14839,Jinasena_MasterData_Sales.product_pricelist_jam_general_pricelist,2022-04-30 18:30:00,1.0,1_product,Jinasena_MasterData_Stock.product_template_ferrospeed_electrode_g_8,list_price,fixed,10.0,0.0,0.0,0.0,0.0,0.0,0.0
product_pricelist_item_id_14838,Jinasena_MasterData_Sales.product_pricelist_jam_general_pricelist,2022-04-30 18:30:00,1.0,1_product,Jinasena_MasterData_Stock.product_template_ferrospeed_electrode_g_6,list_price,fixed,1980.0,0.0,0.0,0.0,0.0,0.0,0.0
product_pricelist_item_id_14837,Jinasena_MasterData_Sales.product_pricelist_jam_general_pricelist,2022-04-30 18:30:00,1.0,1_product,Jinasena_MasterData_Stock.product_template_tungsten_electrode_2_5mm,list_price,fixed,430.0,0.0,0.0,0.0,0.0,0.0,0.0
product_pricelist_item_id_14836,Jinasena_MasterData_Sales.product_pricelist_jam_general_pricelist,2022-04-30 18:30:00,1.0,1_product,Jinasena_MasterData_Stock.product_template_s_s_filler_rod_1_16_for_jig,list_price,fixed,130.0,0.0,0.0,0.0,0.0,0.0,0.0
product_pricelist_item_id_14835,Jinasena_MasterData_Sales.product_pricelist_jam_general_pricelist,2022-04-30 18:30:00,1.0,1_product,Jinasena_MasterData_Stock.product_template_stan_straight_electroder_t690035,list_price,fixed,1650.0,0.0,0.0,0.0,0.0,0.0,0.0
product_pricelist_item_id_14834,Jinasena_MasterData_Sales.product_pricelist_jam_general_pricelist,2022-04-30 18:30:00,1.0,1_product,Jinasena_MasterData_Stock.product_template_comb_spanner_32mm,list_price,fixed,2970.0,0.0,0.0,0.0,0.0,0.0,0.0
product_pricelist_item_id_14833,Jinasena_MasterData_Sales.product_pricelist_jam_general_pricelist,2022-04-30 18:30:00,1.0,1_product,Jinasena_MasterData_Stock.product_template_comb_spanner_24mm,list_price,fixed,1590.0,0.0,0.0,0.0,0.0,0.0,0.0
product_pricelist_item_id_14832,Jinasena_MasterData_Sales.product_pricelist_jam_general_pricelist,2022-04-30 18:30:00,1.0,1_product,Jinasena_MasterData_Stock.product_template_combination_spanner_22mm,list_price,fixed,1440.0,0.0,0.0,0.0,0.0,0.0,0.0
product_pricelist_item_id_14831,Jinasena_MasterData_Sales.product_pricelist_jam_general_pricelist,2022-04-30 18:30:00,1.0,1_product,Jinasena_MasterData_Stock.product_template_combination_spanner_21mm,list_price,fixed,1420.0,0.0,0.0,0.0,0.0,0.0,0.0
product_pricelist_item_id_14830,Jinasena_MasterData_Sales.product_pricelist_jam_general_pricelist,2022-04-30 18:30:00,1.0,1_product,Jinasena_MasterData_Stock.product_template_combination_spanner_19mm,list_price,fixed,1220.0,0.0,0.0,0.0,0.0,0.0,0.0
product_pricelist_item_id_14829,Jinasena_MasterData_Sales.product_pricelist_jam_general_pricelist,2022-04-30 18:30:00,1.0,1_product,Jinasena_MasterData_Stock.product_template_combination_spanner_17mm,list_price,fixed,1020.0,0.0,0.0,0.0,0.0,0.0,0.0
product_pricelist_item_id_14828,Jinasena_MasterData_Sales.product_pricelist_jam_general_pricelist,2022-04-30 18:30:00,1.0,1_product,Jinasena_MasterData_Stock.product_template_combination_spanner_16mm,list_price,fixed,960.0,0.0,0.0,0.0,0.0,0.0,0.0
product_pricelist_item_id_14827,Jinasena_MasterData_Sales.product_pricelist_jam_general_pricelist,2022-04-30 18:30:00,1.0,1_product,Jinasena_MasterData_Stock.product_template_combination_spanner_15mm,list_price,fixed,910.0,0.0,0.0,0.0,0.0,0.0,0.0
product_pricelist_item_id_14826,Jinasena_MasterData_Sales.product_pricelist_jam_general_pricelist,2022-04-30 18:30:00,1.0,1_product,Jinasena_MasterData_Stock.product_template_combination_spanner_14mm,list_price,fixed,870.0,0.0,0.0,0.0,0.0,0.0,0.0
product_pricelist_item_id_14825,Jinasena_MasterData_Sales.product_pricelist_jam_general_pricelist,2022-04-30 18:30:00,1.0,1_product,Jinasena_MasterData_Stock.product_template_combination_spanner_13mm_gq,list_price,fixed,840.0,0.0,0.0,0.0,0.0,0.0,0.0
product_pricelist_item_id_14824,Jinasena_MasterData_Sales.product_pricelist_jam_general_pricelist,2022-04-30 18:30:00,1.0,1_product,Jinasena_MasterData_Stock.product_template_comb_spanner_12mm,list_price,fixed,790.0,0.0,0.0,0.0,0.0,0.0,0.0
product_pricelist_item_id_14823,Jinasena_MasterData_Sales.product_pricelist_jam_general_pricelist,2022-04-30 18:30:00,1.0,1_product,Jinasena_MasterData_Stock.product_template_combination_spanner_11mm,list_price,fixed,750.0,0.0,0.0,0.0,0.0,0.0,0.0
product_pricelist_item_id_14822,Jinasena_MasterData_Sales.product_pricelist_jam_general_pricelist,2022-04-30 18:30:00,1.0,1_product,Jinasena_MasterData_Stock.product_template_combination_spanner_10mm,list_price,fixed,690.0,0.0,0.0,0.0,0.0,0.0,0.0
product_pricelist_item_id_14821,Jinasena_MasterData_Sales.product_pricelist_jam_general_pricelist,2022-04-30 18:30:00,1.0,1_product,Jinasena_MasterData_Stock.product_template_combination_spanner_9mm,list_price,fixed,690.0,0.0,0.0,0.0,0.0,0.0,0.0
product_pricelist_item_id_14820,Jinasena_MasterData_Sales.product_pricelist_jam_general_pricelist,2022-04-30 18:30:00,1.0,1_product,Jinasena_MasterData_Stock.product_template_spanner_m_open_16_17mm,list_price,fixed,980.0,0.0,0.0,0.0,0.0,0.0,0.0
product_pricelist_item_id_14819,Jinasena_MasterData_Sales.product_pricelist_jam_general_pricelist,2022-04-30 18:30:00,1.0,1_product,Jinasena_MasterData_Stock.product_template_philip_head_screw_driver_5x200mm,list_price,fixed,200.0,0.0,0.0,0.0,0.0,0.0,0.0
product_pricelist_item_id_14818,Jinasena_MasterData_Sales.product_pricelist_jam_general_pricelist,2022-04-30 18:30:00,1.0,1_product,Jinasena_MasterData_Stock.product_template_philip_screw_driver_3_x_150_mm,list_price,fixed,170.0,0.0,0.0,0.0,0.0,0.0,0.0
product_pricelist_item_id_14817,Jinasena_MasterData_Sales.product_pricelist_jam_general_pricelist,2022-04-30 18:30:00,1.0,1_product,Jinasena_MasterData_Stock.product_template_flat_thin_scr_p_h_8,list_price,fixed,200.0,0.0,0.0,0.0,0.0,0.0,0.0
product_pricelist_item_id_14816,Jinasena_MasterData_Sales.product_pricelist_jam_general_pricelist,2022-04-30 18:30:00,1.0,1_product,Jinasena_MasterData_Stock.product_template_flat_thin_scr_p_h_6,list_price,fixed,170.0,0.0,0.0,0.0,0.0,0.0,0.0
product_pricelist_item_id_14815,Jinasena_MasterData_Sales.product_pricelist_jam_general_pricelist,2022-04-30 18:30:00,1.0,1_product,Jinasena_MasterData_Stock.product_template_pliers_comb_6,list_price,fixed,470.0,0.0,0.0,0.0,0.0,0.0,0.0
product_pricelist_item_id_14814,Jinasena_MasterData_Sales.product_pricelist_jam_general_pricelist,2022-04-30 18:30:00,1.0,1_product,Jinasena_MasterData_Stock.product_template_tri_square_12,list_price,fixed,90.0,0.0,0.0,0.0,0.0,0.0,0.0
product_pricelist_item_id_14813,Jinasena_MasterData_Sales.product_pricelist_jam_general_pricelist,2022-04-30 18:30:00,1.0,1_product,Jinasena_MasterData_Stock.product_template_baby_riveting_hammer_brh_6_yakot,list_price,fixed,510.0,0.0,0.0,0.0,0.0,0.0,0.0
product_pricelist_item_id_14812,Jinasena_MasterData_Sales.product_pricelist_jam_general_pricelist,2022-04-30 18:30:00,1.0,1_product,Jinasena_MasterData_Stock.product_template_electric_testor_100_500v,list_price,fixed,350.0,0.0,0.0,0.0,0.0,0.0,0.0
product_pricelist_item_id_14811,Jinasena_MasterData_Sales.product_pricelist_jam_general_pricelist,2022-04-30 18:30:00,1.0,1_product,Jinasena_MasterData_Stock.product_template_combination_spanner_30mm,list_price,fixed,2750.0,0.0,0.0,0.0,0.0,0.0,0.0
product_pricelist_item_id_14810,Jinasena_MasterData_Sales.product_pricelist_jam_general_pricelist,2022-04-30 18:30:00,1.0,1_product,Jinasena_MasterData_Stock.product_template_combination_spanner_27mm,list_price,fixed,2250.0,0.0,0.0,0.0,0.0,0.0,0.0
product_pricelist_item_id_14809,Jinasena_MasterData_Sales.product_pricelist_jam_general_pricelist,2022-04-30 18:30:00,1.0,1_product,Jinasena_MasterData_Stock.product_template_combination_spanner_26mm,list_price,fixed,2110.0,0.0,0.0,0.0,0.0,0.0,0.0
product_pricelist_item_id_14808,Jinasena_MasterData_Sales.product_pricelist_jam_general_pricelist,2022-04-30 18:30:00,1.0,1_product,Jinasena_MasterData_Stock.product_template_combination_spanner_23mm,list_price,fixed,1520.0,0.0,0.0,0.0,0.0,0.0,0.0
product_pricelist_item_id_14807,Jinasena_MasterData_Sales.product_pricelist_jam_general_pricelist,2022-04-30 18:30:00,1.0,1_product,Jinasena_MasterData_Stock.product_template_combination_spanner_18mm,list_price,fixed,1090.0,0.0,0.0,0.0,0.0,0.0,0.0
product_pricelist_item_id_14806,Jinasena_MasterData_Sales.product_pricelist_jam_general_pricelist,2022-04-30 18:30:00,1.0,1_product,Jinasena_MasterData_Stock.product_template_snip_cutter_12,list_price,fixed,1790.0,0.0,0.0,0.0,0.0,0.0,0.0
product_pricelist_item_id_14805,Jinasena_MasterData_Sales.product_pricelist_jam_general_pricelist,2022-04-30 18:30:00,1.0,1_product,Jinasena_MasterData_Stock.product_template_snip_cutter_8,list_price,fixed,590.0,0.0,0.0,0.0,0.0,0.0,0.0
product_pricelist_item_id_14804,Jinasena_MasterData_Sales.product_pricelist_jam_general_pricelist,2022-04-30 18:30:00,1.0,1_product,Jinasena_MasterData_Stock.product_template_snip_cutter_6,list_price,fixed,260.0,0.0,0.0,0.0,0.0,0.0,0.0
product_pricelist_item_id_14803,Jinasena_MasterData_Sales.product_pricelist_jam_general_pricelist,2022-04-30 18:30:00,1.0,1_product,Jinasena_MasterData_Stock.product_template_fan,list_price,fixed,960.0,0.0,0.0,0.0,0.0,0.0,0.0
product_pricelist_item_id_14802,Jinasena_MasterData_Sales.product_pricelist_jam_general_pricelist,2022-04-30 18:30:00,1.0,1_product,Jinasena_MasterData_Stock.product_template_sq_flange_bearing_compl,list_price,fixed,3570.0,0.0,0.0,0.0,0.0,0.0,0.0
product_pricelist_item_id_14801,Jinasena_MasterData_Sales.product_pricelist_jam_general_pricelist,2022-04-30 18:30:00,1.0,1_product,Jinasena_MasterData_Stock.product_template_ball_racer_6301_2rs,list_price,fixed,240.0,0.0,0.0,0.0,0.0,0.0,0.0
product_pricelist_item_id_14800,Jinasena_MasterData_Sales.product_pricelist_jam_general_pricelist,2022-04-30 18:30:00,1.0,1_product,Jinasena_MasterData_Stock.product_template_ball_bearing_5304,list_price,fixed,2420.0,0.0,0.0,0.0,0.0,0.0,0.0
product_pricelist_item_id_14799,Jinasena_MasterData_Sales.product_pricelist_jam_general_pricelist,2022-04-30 18:30:00,1.0,1_product,Jinasena_MasterData_Stock.product_template_ball_bearing_627_2rs,list_price,fixed,400.0,0.0,0.0,0.0,0.0,0.0,0.0
product_pricelist_item_id_14798,Jinasena_MasterData_Sales.product_pricelist_jam_general_pricelist,2022-08-14 18:30:00,1.0,1_product,Jinasena_MasterData_Stock.product_template_ball_racer_with_housing_ucfc207,list_price,fixed,4175.0,0.0,0.0,0.0,0.0,0.0,0.0
product_pricelist_item_id_14797,Jinasena_MasterData_Sales.product_pricelist_jam_general_pricelist,2022-04-30 18:30:00,1.0,1_product,Jinasena_MasterData_Stock.product_template_ball_bearing_6303_2rs,list_price,fixed,290.0,0.0,0.0,0.0,0.0,0.0,0.0
product_pricelist_item_id_14796,Jinasena_MasterData_Sales.product_pricelist_jam_general_pricelist,2022-04-30 18:30:00,1.0,1_product,Jinasena_MasterData_Stock.product_template_ball_bearing_6307_2rs,list_price,fixed,1680.0,0.0,0.0,0.0,0.0,0.0,0.0
product_pricelist_item_id_14795,Jinasena_MasterData_Sales.product_pricelist_jam_general_pricelist,2022-04-30 18:30:00,1.0,1_product,Jinasena_MasterData_Stock.product_template_ball_bearing_6307,list_price,fixed,2230.0,0.0,0.0,0.0,0.0,0.0,0.0
product_pricelist_item_id_14794,Jinasena_MasterData_Sales.product_pricelist_jam_general_pricelist,2022-04-30 18:30:00,1.0,1_product,Jinasena_MasterData_Stock.product_template_ball_bearing_6309_2rs,list_price,fixed,1390.0,0.0,0.0,0.0,0.0,0.0,0.0
product_pricelist_item_id_14793,Jinasena_MasterData_Sales.product_pricelist_jam_general_pricelist,2022-04-30 18:30:00,1.0,1_product,Jinasena_MasterData_Stock.product_template_ball_bearing_6308_2rs,list_price,fixed,1120.0,0.0,0.0,0.0,0.0,0.0,0.0
product_pricelist_item_id_14792,Jinasena_MasterData_Sales.product_pricelist_jam_general_pricelist,2022-04-30 18:30:00,1.0,1_product,Jinasena_MasterData_Stock.product_template_ball_bearing_6306_2rs,list_price,fixed,950.0,0.0,0.0,0.0,0.0,0.0,0.0
product_pricelist_item_id_14791,Jinasena_MasterData_Sales.product_pricelist_jam_general_pricelist,2022-04-30 18:30:00,1.0,1_product,Jinasena_MasterData_Stock.product_template_single_trush_bearing_51102_nac,list_price,fixed,440.0,0.0,0.0,0.0,0.0,0.0,0.0
product_pricelist_item_id_14790,Jinasena_MasterData_Sales.product_pricelist_jam_general_pricelist,2022-04-30 18:30:00,1.0,1_product,Jinasena_MasterData_Stock.product_template_ball_bearing_6305_2rs,list_price,fixed,500.0,0.0,0.0,0.0,0.0,0.0,0.0
product_pricelist_item_id_14789,Jinasena_MasterData_Sales.product_pricelist_jam_general_pricelist,2022-04-30 18:30:00,1.0,1_product,Jinasena_MasterData_Stock.product_template_ball_bearing_6304_2rs,list_price,fixed,400.0,0.0,0.0,0.0,0.0,0.0,0.0
product_pricelist_item_id_14788,Jinasena_MasterData_Sales.product_pricelist_jam_general_pricelist,2022-04-30 18:30:00,1.0,1_product,Jinasena_MasterData_Stock.product_template_ball_bearing_6206_2rs,list_price,fixed,350.0,0.0,0.0,0.0,0.0,0.0,0.0
product_pricelist_item_id_14787,Jinasena_MasterData_Sales.product_pricelist_jam_general_pricelist,2022-08-15 18:30:00,1.0,1_product,Jinasena_MasterData_Stock.product_template_ball_bearing_6205_2rs,list_price,fixed,1185.0,0.0,0.0,0.0,0.0,0.0,0.0
product_pricelist_item_id_14786,Jinasena_MasterData_Sales.product_pricelist_jam_general_pricelist,2022-04-30 18:30:00,1.0,1_product,Jinasena_MasterData_Stock.product_template_ball_bearing_6204_2rs,list_price,fixed,1030.0,0.0,0.0,0.0,0.0,0.0,0.0
product_pricelist_item_id_14785,Jinasena_MasterData_Sales.product_pricelist_jam_general_pricelist,2022-09-08 18:30:00,1.0,1_product,Jinasena_MasterData_Stock.product_template_ball_bearing_6203_2rs,list_price,fixed,850.0,0.0,0.0,0.0,0.0,0.0,0.0
product_pricelist_item_id_14784,Jinasena_MasterData_Sales.product_pricelist_jam_general_pricelist,2022-04-30 18:30:00,1.0,1_product,Jinasena_MasterData_Stock.product_template_ball_bearing_6202_2rs,list_price,fixed,280.0,0.0,0.0,0.0,0.0,0.0,0.0
product_pricelist_item_id_14783,Jinasena_MasterData_Sales.product_pricelist_jam_general_pricelist,2022-04-30 18:30:00,1.0,1_product,Jinasena_MasterData_Stock.product_template_ball_bearing_6201_2rs,list_price,fixed,200.0,0.0,0.0,0.0,0.0,0.0,0.0
product_pricelist_item_id_14782,Jinasena_MasterData_Sales.product_pricelist_jam_general_pricelist,2022-04-30 18:30:00,1.0,1_product,Jinasena_MasterData_Stock.product_template_ball_bearing_6200_2rs,list_price,fixed,260.0,0.0,0.0,0.0,0.0,0.0,0.0
product_pricelist_item_id_14781,Jinasena_MasterData_Sales.product_pricelist_jam_general_pricelist,2022-04-30 18:30:00,1.0,1_product,Jinasena_MasterData_Stock.product_template_ball_bearing_rls5,list_price,fixed,200.0,0.0,0.0,0.0,0.0,0.0,0.0
product_pricelist_item_id_14780,Jinasena_MasterData_Sales.product_pricelist_jam_general_pricelist,2022-04-30 18:30:00,1.0,1_product,Jinasena_MasterData_Stock.product_template_spun_120312_k10,list_price,fixed,310.0,0.0,0.0,0.0,0.0,0.0,0.0
product_pricelist_item_id_14779,Jinasena_MasterData_Sales.product_pricelist_jam_general_pricelist,2022-04-30 18:30:00,1.0,1_product,Jinasena_MasterData_Stock.product_template_dnmg_150604_k15,list_price,fixed,530.0,0.0,0.0,0.0,0.0,0.0,0.0
product_pricelist_item_id_14778,Jinasena_MasterData_Sales.product_pricelist_jam_general_pricelist,2022-04-30 18:30:00,1.0,1_product,Jinasena_MasterData_Stock.product_template_turning_insert_snmm190612r6_tp40,list_price,fixed,1210.0,0.0,0.0,0.0,0.0,0.0,0.0
product_pricelist_item_id_14777,Jinasena_MasterData_Sales.product_pricelist_jam_general_pricelist,2022-04-30 18:30:00,1.0,1_product,Jinasena_MasterData_Stock.product_template_t_c_tip_brz_c20_p30,list_price,fixed,1080.0,0.0,0.0,0.0,0.0,0.0,0.0
product_pricelist_item_id_14776,Jinasena_MasterData_Sales.product_pricelist_jam_general_pricelist,2022-04-30 18:30:00,1.0,1_product,Jinasena_MasterData_Stock.product_template_t_c_tip_brz_c20_k20,list_price,fixed,480.0,0.0,0.0,0.0,0.0,0.0,0.0
product_pricelist_item_id_14775,Jinasena_MasterData_Sales.product_pricelist_jam_general_pricelist,2022-04-30 18:30:00,1.0,1_product,Jinasena_MasterData_Stock.product_template_brazed_tip_t_c_cr16_h13a,list_price,fixed,350.0,0.0,0.0,0.0,0.0,0.0,0.0
product_pricelist_item_id_14774,Jinasena_MasterData_Sales.product_pricelist_jam_general_pricelist,2022-04-30 18:30:00,1.0,1_product,Jinasena_MasterData_Stock.product_template_tc_tips_brz_c16_p30,list_price,fixed,630.0,0.0,0.0,0.0,0.0,0.0,0.0
product_pricelist_item_id_14773,Jinasena_MasterData_Sales.product_pricelist_jam_general_pricelist,2022-04-30 18:30:00,1.0,1_product,Jinasena_MasterData_Stock.product_template_tc_tips_brz_c16_k20,list_price,fixed,290.0,0.0,0.0,0.0,0.0,0.0,0.0
product_pricelist_item_id_14772,Jinasena_MasterData_Sales.product_pricelist_jam_general_pricelist,2022-04-30 18:30:00,1.0,1_product,Jinasena_MasterData_Stock.product_template_tc_tips_brz_c12_p30,list_price,fixed,400.0,0.0,0.0,0.0,0.0,0.0,0.0
product_pricelist_item_id_14771,Jinasena_MasterData_Sales.product_pricelist_jam_general_pricelist,2022-04-30 18:30:00,1.0,1_product,Jinasena_MasterData_Stock.product_template_tc_tips_brz_c12_k20,list_price,fixed,150.0,0.0,0.0,0.0,0.0,0.0,0.0
product_pricelist_item_id_14770,Jinasena_MasterData_Sales.product_pricelist_jam_general_pricelist,2022-04-30 18:30:00,1.0,1_product,Jinasena_MasterData_Stock.product_template_taps_hss_1st_m_14x2_0mm,list_price,fixed,1720.0,0.0,0.0,0.0,0.0,0.0,0.0
product_pricelist_item_id_14769,Jinasena_MasterData_Sales.product_pricelist_jam_general_pricelist,2022-04-30 18:30:00,1.0,1_product,Jinasena_MasterData_Stock.product_template_spiral_tap_10x1_5_mm,list_price,fixed,880.0,0.0,0.0,0.0,0.0,0.0,0.0
product_pricelist_item_id_14768,Jinasena_MasterData_Sales.product_pricelist_jam_general_pricelist,2022-04-30 18:30:00,1.0,1_product,Jinasena_MasterData_Stock.product_template_hacksaw_blades_12_x1_2,list_price,fixed,140.0,0.0,0.0,0.0,0.0,0.0,0.0
product_pricelist_item_id_14767,Jinasena_MasterData_Sales.product_pricelist_jam_general_pricelist,2022-04-30 18:30:00,1.0,1_product,Jinasena_MasterData_Stock.product_template_hack_saw_frame_12,list_price,fixed,1650.0,0.0,0.0,0.0,0.0,0.0,0.0
product_pricelist_item_id_14766,Jinasena_MasterData_Sales.product_pricelist_jam_general_pricelist,2022-04-30 18:30:00,1.0,1_product,Jinasena_MasterData_Stock.product_template_dies_hss_rnd_m_14_2_0mm,list_price,fixed,630.0,0.0,0.0,0.0,0.0,0.0,0.0
product_pricelist_item_id_14765,Jinasena_MasterData_Sales.product_pricelist_jam_general_pricelist,2022-04-30 18:30:00,1.0,1_product,Jinasena_MasterData_Stock.product_template_2flute_end_mill_6mm,list_price,fixed,650.0,0.0,0.0,0.0,0.0,0.0,0.0
product_pricelist_item_id_14764,Jinasena_MasterData_Sales.product_pricelist_jam_general_pricelist,2022-04-30 18:30:00,1.0,1_product,Jinasena_MasterData_Stock.product_template_sq_tool_bits_hss_1_2_x7,list_price,fixed,470.0,0.0,0.0,0.0,0.0,0.0,0.0
product_pricelist_item_id_14763,Jinasena_MasterData_Sales.product_pricelist_jam_general_pricelist,2022-04-30 18:30:00,1.0,1_product,Jinasena_MasterData_Stock.product_template_hss_parting_tool_blade_1_8_x3_4_x6,list_price,fixed,2800.0,0.0,0.0,0.0,0.0,0.0,0.0
product_pricelist_item_id_14762,Jinasena_MasterData_Sales.product_pricelist_jam_general_pricelist,2022-04-30 18:30:00,1.0,1_product,Jinasena_MasterData_Stock.product_template_hss_parting_tool_blade_1_8_x5_8_x_5,list_price,fixed,1480.0,0.0,0.0,0.0,0.0,0.0,0.0
product_pricelist_item_id_14761,Jinasena_MasterData_Sales.product_pricelist_jam_general_pricelist,2022-04-30 18:30:00,1.0,1_product,Jinasena_MasterData_Stock.product_template_hss_parting_tool_blade_3_32_x_5_8_x_5,list_price,fixed,660.0,0.0,0.0,0.0,0.0,0.0,0.0
product_pricelist_item_id_14760,Jinasena_MasterData_Sales.product_pricelist_jam_general_pricelist,2022-04-30 18:30:00,1.0,1_product,Jinasena_MasterData_Stock.product_template_grinding_wheel_300x40x50_8mmm_aj,list_price,fixed,2970.0,0.0,0.0,0.0,0.0,0.0,0.0
product_pricelist_item_id_14759,Jinasena_MasterData_Sales.product_pricelist_jam_general_pricelist,2022-04-30 18:30:00,1.0,1_product,Jinasena_MasterData_Stock.product_template_grinding_wheel_150x25x31_75,list_price,fixed,690.0,0.0,0.0,0.0,0.0,0.0,0.0
product_pricelist_item_id_14758,Jinasena_MasterData_Sales.product_pricelist_jam_general_pricelist,2022-04-30 18:30:00,1.0,1_product,Jinasena_MasterData_Stock.product_template_grinding_wheel_100x6x16mm,list_price,fixed,80.0,0.0,0.0,0.0,0.0,0.0,0.0
product_pricelist_item_id_14757,Jinasena_MasterData_Sales.product_pricelist_jam_general_pricelist,2022-04-30 18:30:00,1.0,1_product,Jinasena_MasterData_Stock.product_template_grinding_wheels_200x25x31_75,list_price,fixed,1130.0,0.0,0.0,0.0,0.0,0.0,0.0
product_pricelist_item_id_14756,Jinasena_MasterData_Sales.product_pricelist_jam_general_pricelist,2022-04-30 18:30:00,1.0,1_product,Jinasena_MasterData_Stock.product_template_cutting_disc_14_x_1_8_x_1,list_price,fixed,350.0,0.0,0.0,0.0,0.0,0.0,0.0
product_pricelist_item_id_14755,Jinasena_MasterData_Sales.product_pricelist_jam_general_pricelist,2022-04-30 18:30:00,1.0,1_product,Jinasena_MasterData_Stock.product_template_cutting_wheels_4_x1_8_x5_8,list_price,fixed,80.0,0.0,0.0,0.0,0.0,0.0,0.0
product_pricelist_item_id_14754,Jinasena_MasterData_Sales.product_pricelist_jam_general_pricelist,2022-04-30 18:30:00,1.0,1_product,Jinasena_MasterData_Stock.product_template_file_rd_3_8_12_rough,list_price,fixed,430.0,0.0,0.0,0.0,0.0,0.0,0.0
product_pricelist_item_id_14753,Jinasena_MasterData_Sales.product_pricelist_jam_general_pricelist,2022-04-30 18:30:00,1.0,1_product,Jinasena_MasterData_Stock.product_template_file_rd_5_16_10_rough,list_price,fixed,310.0,0.0,0.0,0.0,0.0,0.0,0.0
product_pricelist_item_id_14752,Jinasena_MasterData_Sales.product_pricelist_jam_general_pricelist,2022-04-30 18:30:00,1.0,1_product,Jinasena_MasterData_Stock.product_template_file_rd_3_16_6_rough,list_price,fixed,200.0,0.0,0.0,0.0,0.0,0.0,0.0
product_pricelist_item_id_14751,Jinasena_MasterData_Sales.product_pricelist_jam_general_pricelist,2022-04-30 18:30:00,1.0,1_product,Jinasena_MasterData_Stock.product_template_files_h_rd_10_rough,list_price,fixed,470.0,0.0,0.0,0.0,0.0,0.0,0.0
product_pricelist_item_id_14750,Jinasena_MasterData_Sales.product_pricelist_jam_general_pricelist,2022-04-30 18:30:00,1.0,1_product,Jinasena_MasterData_Stock.product_template_files_flat_14_rough,list_price,fixed,560.0,0.0,0.0,0.0,0.0,0.0,0.0
product_pricelist_item_id_14749,Jinasena_MasterData_Sales.product_pricelist_jam_general_pricelist,2022-04-30 18:30:00,1.0,1_product,Jinasena_MasterData_Stock.product_template_files_flat_12_rough,list_price,fixed,430.0,0.0,0.0,0.0,0.0,0.0,0.0
product_pricelist_item_id_14748,Jinasena_MasterData_Sales.product_pricelist_jam_general_pricelist,2022-04-30 18:30:00,1.0,1_product,Jinasena_MasterData_Stock.product_template_files_flat_8_rough,list_price,fixed,210.0,0.0,0.0,0.0,0.0,0.0,0.0
product_pricelist_item_id_14747,Jinasena_MasterData_Sales.product_pricelist_jam_general_pricelist,2022-04-30 18:30:00,1.0,1_product,Jinasena_MasterData_Stock.product_template_files_flat_6_smooth,list_price,fixed,240.0,0.0,0.0,0.0,0.0,0.0,0.0
product_pricelist_item_id_14746,Jinasena_MasterData_Sales.product_pricelist_jam_general_pricelist,2022-04-30 18:30:00,1.0,1_product,Jinasena_MasterData_Stock.product_template_t_s_drill_bits_15_0mm,list_price,fixed,1870.0,0.0,0.0,0.0,0.0,0.0,0.0
product_pricelist_item_id_14745,Jinasena_MasterData_Sales.product_pricelist_jam_general_pricelist,2022-04-30 18:30:00,1.0,1_product,Jinasena_MasterData_Stock.product_template_t_s_drill_14_0mm,list_price,fixed,720.0,0.0,0.0,0.0,0.0,0.0,0.0
product_pricelist_item_id_14744,Jinasena_MasterData_Sales.product_pricelist_jam_general_pricelist,2022-04-30 18:30:00,1.0,1_product,Jinasena_MasterData_Stock.product_template_t_s_drill_bits_12_5mm,list_price,fixed,1400.0,0.0,0.0,0.0,0.0,0.0,0.0
product_pricelist_item_id_14743,Jinasena_MasterData_Sales.product_pricelist_jam_general_pricelist,2022-04-30 18:30:00,1.0,1_product,Jinasena_MasterData_Stock.product_template_t_s_drill_bit_10_5mm,list_price,fixed,1210.0,0.0,0.0,0.0,0.0,0.0,0.0
product_pricelist_item_id_14742,Jinasena_MasterData_Sales.product_pricelist_jam_general_pricelist,2022-04-30 18:30:00,1.0,1_product,Jinasena_MasterData_Stock.product_template_s_s_drill_9_16,list_price,fixed,1980.0,0.0,0.0,0.0,0.0,0.0,0.0
product_pricelist_item_id_14741,Jinasena_MasterData_Sales.product_pricelist_jam_general_pricelist,2022-04-30 18:30:00,1.0,1_product,Jinasena_MasterData_Stock.product_template_s_s_drill_1_2,list_price,fixed,100.0,0.0,0.0,0.0,0.0,0.0,0.0
product_pricelist_item_id_14740,Jinasena_MasterData_Sales.product_pricelist_jam_general_pricelist,2022-04-30 18:30:00,1.0,1_product,Jinasena_MasterData_Stock.product_template_s_s_drill_3_8,list_price,fixed,480.0,0.0,0.0,0.0,0.0,0.0,0.0
product_pricelist_item_id_14739,Jinasena_MasterData_Sales.product_pricelist_jam_general_pricelist,2022-04-30 18:30:00,1.0,1_product,Jinasena_MasterData_Stock.product_template_s_s_drill_21_64,list_price,fixed,320.0,0.0,0.0,0.0,0.0,0.0,0.0
product_pricelist_item_id_14738,Jinasena_MasterData_Sales.product_pricelist_jam_general_pricelist,2022-04-30 18:30:00,1.0,1_product,Jinasena_MasterData_Stock.product_template_s_s_drill_1_4,list_price,fixed,310.0,0.0,0.0,0.0,0.0,0.0,0.0
product_pricelist_item_id_14737,Jinasena_MasterData_Sales.product_pricelist_jam_general_pricelist,2022-04-30 18:30:00,1.0,1_product,Jinasena_MasterData_Stock.product_template_s_s_drill_3_16,list_price,fixed,50.0,0.0,0.0,0.0,0.0,0.0,0.0
product_pricelist_item_id_14736,Jinasena_MasterData_Sales.product_pricelist_jam_general_pricelist,2022-04-30 18:30:00,1.0,1_product,Jinasena_MasterData_Stock.product_template_s_s_drill_9_64,list_price,fixed,40.0,0.0,0.0,0.0,0.0,0.0,0.0
product_pricelist_item_id_14735,Jinasena_MasterData_Sales.product_pricelist_jam_general_pricelist,2022-04-30 18:30:00,1.0,1_product,Jinasena_MasterData_Stock.product_template_s_s_drill_1_8,list_price,fixed,100.0,0.0,0.0,0.0,0.0,0.0,0.0
product_pricelist_item_id_14734,Jinasena_MasterData_Sales.product_pricelist_jam_general_pricelist,2022-04-30 18:30:00,1.0,1_product,Jinasena_MasterData_Stock.product_template_s_s_drill_bit_16_0mm,list_price,fixed,2080.0,0.0,0.0,0.0,0.0,0.0,0.0
product_pricelist_item_id_14733,Jinasena_MasterData_Sales.product_pricelist_jam_general_pricelist,2022-04-30 18:30:00,1.0,1_product,Jinasena_MasterData_Stock.product_template_s_s_drill_bit_15_0mm,list_price,fixed,1870.0,0.0,0.0,0.0,0.0,0.0,0.0
product_pricelist_item_id_14732,Jinasena_MasterData_Sales.product_pricelist_jam_general_pricelist,2022-04-30 18:30:00,1.0,1_product,Jinasena_MasterData_Stock.product_template_s_s_drill_bit_14mm,list_price,fixed,1730.0,0.0,0.0,0.0,0.0,0.0,0.0
product_pricelist_item_id_14731,Jinasena_MasterData_Sales.product_pricelist_jam_general_pricelist,2022-04-30 18:30:00,1.0,1_product,Jinasena_MasterData_Stock.product_template_s_s_drill_bits_13_0mm,list_price,fixed,1380.0,0.0,0.0,0.0,0.0,0.0,0.0
product_pricelist_item_id_14730,Jinasena_MasterData_Sales.product_pricelist_jam_general_pricelist,2022-04-30 18:30:00,1.0,1_product,Jinasena_MasterData_Stock.product_template_s_s_drill_bit_12_5mm,list_price,fixed,1240.0,0.0,0.0,0.0,0.0,0.0,0.0
product_pricelist_item_id_14729,Jinasena_MasterData_Sales.product_pricelist_jam_general_pricelist,2022-04-30 18:30:00,1.0,1_product,Jinasena_MasterData_Stock.product_template_s_s_drill_12_0mm,list_price,fixed,920.0,0.0,0.0,0.0,0.0,0.0,0.0
product_pricelist_item_id_14728,Jinasena_MasterData_Sales.product_pricelist_jam_general_pricelist,2022-04-30 18:30:00,1.0,1_product,Jinasena_MasterData_Stock.product_template_s_s_drill_bit_11_5mm,list_price,fixed,910.0,0.0,0.0,0.0,0.0,0.0,0.0
product_pricelist_item_id_14727,Jinasena_MasterData_Sales.product_pricelist_jam_general_pricelist,2022-04-30 18:30:00,1.0,1_product,Jinasena_MasterData_Stock.product_template_s_s_drill_bit_11_0mm,list_price,fixed,830.0,0.0,0.0,0.0,0.0,0.0,0.0
product_pricelist_item_id_14726,Jinasena_MasterData_Sales.product_pricelist_jam_general_pricelist,2022-04-30 18:30:00,1.0,1_product,Jinasena_MasterData_Stock.product_template_s_s_drill_bit_10_5mm,list_price,fixed,830.0,0.0,0.0,0.0,0.0,0.0,0.0
product_pricelist_item_id_14725,Jinasena_MasterData_Sales.product_pricelist_jam_general_pricelist,2022-04-30 18:30:00,1.0,1_product,Jinasena_MasterData_Stock.product_template_s_s_drill_bit_10_0mm,list_price,fixed,720.0,0.0,0.0,0.0,0.0,0.0,0.0
product_pricelist_item_id_14724,Jinasena_MasterData_Sales.product_pricelist_jam_general_pricelist,2022-04-30 18:30:00,1.0,1_product,Jinasena_MasterData_Stock.product_template_s_s_drill_bit_9mm,list_price,fixed,440.0,0.0,0.0,0.0,0.0,0.0,0.0
product_pricelist_item_id_14723,Jinasena_MasterData_Sales.product_pricelist_jam_general_pricelist,2022-04-30 18:30:00,1.0,1_product,Jinasena_MasterData_Stock.product_template_s_s_drill_8_5mm,list_price,fixed,1240.0,0.0,0.0,0.0,0.0,0.0,0.0
product_pricelist_item_id_14722,Jinasena_MasterData_Sales.product_pricelist_jam_general_pricelist,2022-04-30 18:30:00,1.0,1_product,Jinasena_MasterData_Stock.product_template_s_s_drill_bits_8_0mm,list_price,fixed,420.0,0.0,0.0,0.0,0.0,0.0,0.0
product_pricelist_item_id_14721,Jinasena_MasterData_Sales.product_pricelist_jam_general_pricelist,2022-04-30 18:30:00,1.0,1_product,Jinasena_MasterData_Stock.product_template_s_s_drill_bit_7_5mm,list_price,fixed,350.0,0.0,0.0,0.0,0.0,0.0,0.0
product_pricelist_item_id_14720,Jinasena_MasterData_Sales.product_pricelist_jam_general_pricelist,2022-04-30 18:30:00,1.0,1_product,Jinasena_MasterData_Stock.product_template_s_s_drill_bits_7mm,list_price,fixed,490.0,0.0,0.0,0.0,0.0,0.0,0.0
product_pricelist_item_id_14719,Jinasena_MasterData_Sales.product_pricelist_jam_general_pricelist,2022-04-30 18:30:00,1.0,1_product,Jinasena_MasterData_Stock.product_template_s_s_drill_6_8mm,list_price,fixed,290.0,0.0,0.0,0.0,0.0,0.0,0.0
product_pricelist_item_id_14718,Jinasena_MasterData_Sales.product_pricelist_jam_general_pricelist,2022-04-30 18:30:00,1.0,1_product,Jinasena_MasterData_Stock.product_template_s_s_drill_bit_6_7mm,list_price,fixed,260.0,0.0,0.0,0.0,0.0,0.0,0.0
product_pricelist_item_id_14717,Jinasena_MasterData_Sales.product_pricelist_jam_general_pricelist,2022-04-30 18:30:00,1.0,1_product,Jinasena_MasterData_Stock.product_template_s_s_drill_bit_6_4mm,list_price,fixed,370.0,0.0,0.0,0.0,0.0,0.0,0.0
product_pricelist_item_id_14716,Jinasena_MasterData_Sales.product_pricelist_jam_general_pricelist,2022-04-30 18:30:00,1.0,1_product,Jinasena_MasterData_Stock.product_template_s_s_drill_bit_6mm,list_price,fixed,220.0,0.0,0.0,0.0,0.0,0.0,0.0
product_pricelist_item_id_14715,Jinasena_MasterData_Sales.product_pricelist_jam_general_pricelist,2022-04-30 18:30:00,1.0,1_product,Jinasena_MasterData_Stock.product_template_s_s_drill_bit_5_5mm,list_price,fixed,310.0,0.0,0.0,0.0,0.0,0.0,0.0
product_pricelist_item_id_14714,Jinasena_MasterData_Sales.product_pricelist_jam_general_pricelist,2022-04-30 18:30:00,1.0,1_product,Jinasena_MasterData_Stock.product_template_s_s_drill_bit_5_2mm,list_price,fixed,310.0,0.0,0.0,0.0,0.0,0.0,0.0
product_pricelist_item_id_14713,Jinasena_MasterData_Sales.product_pricelist_jam_general_pricelist,2022-04-30 18:30:00,1.0,1_product,Jinasena_MasterData_Stock.product_template_s_s_drill_bit_5_0mm,list_price,fixed,200.0,0.0,0.0,0.0,0.0,0.0,0.0
product_pricelist_item_id_14712,Jinasena_MasterData_Sales.product_pricelist_jam_general_pricelist,2022-04-30 18:30:00,1.0,1_product,Jinasena_MasterData_Stock.product_template_s_s_drill_bit_4_7mm,list_price,fixed,210.0,0.0,0.0,0.0,0.0,0.0,0.0
product_pricelist_item_id_14711,Jinasena_MasterData_Sales.product_pricelist_jam_general_pricelist,2022-04-30 18:30:00,1.0,1_product,Jinasena_MasterData_Stock.product_template_s_s_drill_bit_4_5mm,list_price,fixed,180.0,0.0,0.0,0.0,0.0,0.0,0.0
product_pricelist_item_id_14710,Jinasena_MasterData_Sales.product_pricelist_jam_general_pricelist,2022-04-30 18:30:00,1.0,1_product,Jinasena_MasterData_Stock.product_template_s_s_drill_4_2mm,list_price,fixed,110.0,0.0,0.0,0.0,0.0,0.0,0.0
product_pricelist_item_id_14709,Jinasena_MasterData_Sales.product_pricelist_jam_general_pricelist,2022-04-30 18:30:00,1.0,1_product,Jinasena_MasterData_Stock.product_template_h_s_s_drill_bits_4mm,list_price,fixed,190.0,0.0,0.0,0.0,0.0,0.0,0.0
product_pricelist_item_id_14708,Jinasena_MasterData_Sales.product_pricelist_jam_general_pricelist,2022-04-30 18:30:00,1.0,1_product,Jinasena_MasterData_Stock.product_template_s_s_drill_bit_3_5mm,list_price,fixed,200.0,0.0,0.0,0.0,0.0,0.0,0.0
product_pricelist_item_id_14707,Jinasena_MasterData_Sales.product_pricelist_jam_general_pricelist,2022-04-30 18:30:00,1.0,1_product,Jinasena_MasterData_Stock.product_template_s_s_drill_bits_3_4mm,list_price,fixed,200.0,0.0,0.0,0.0,0.0,0.0,0.0
product_pricelist_item_id_14706,Jinasena_MasterData_Sales.product_pricelist_jam_general_pricelist,2022-04-30 18:30:00,1.0,1_product,Jinasena_MasterData_Stock.product_template_s_s_drill_bit_3mm,list_price,fixed,100.0,0.0,0.0,0.0,0.0,0.0,0.0
product_pricelist_item_id_14705,Jinasena_MasterData_Sales.product_pricelist_jam_general_pricelist,2022-04-30 18:30:00,1.0,1_product,Jinasena_MasterData_Stock.product_template_s_s_drill_bit_2_9mm,list_price,fixed,80.0,0.0,0.0,0.0,0.0,0.0,0.0
product_pricelist_item_id_14704,Jinasena_MasterData_Sales.product_pricelist_jam_general_pricelist,2022-04-30 18:30:00,1.0,1_product,Jinasena_MasterData_Stock.product_template_s_s_drill_2_5mm,list_price,fixed,150.0,0.0,0.0,0.0,0.0,0.0,0.0
product_pricelist_item_id_14703,Jinasena_MasterData_Sales.product_pricelist_jam_general_pricelist,2022-04-30 18:30:00,1.0,1_product,Jinasena_MasterData_Stock.product_template_drill_chuck_3_16mm_tapered_mount,list_price,fixed,5480.0,0.0,0.0,0.0,0.0,0.0,0.0
product_pricelist_item_id_14702,Jinasena_MasterData_Sales.product_pricelist_jam_general_pricelist,2022-04-30 18:30:00,1.0,1_product,Jinasena_MasterData_Stock.product_template_drill_chuck_1_3_8_lfa_france,list_price,fixed,2840.0,0.0,0.0,0.0,0.0,0.0,0.0
product_pricelist_item_id_14701,Jinasena_MasterData_Sales.product_pricelist_jam_general_pricelist,2022-04-30 18:30:00,1.0,1_product,Jinasena_MasterData_Stock.product_template_drill_chuck_1_13mm_tapered_mount,list_price,fixed,4770.0,0.0,0.0,0.0,0.0,0.0,0.0
product_pricelist_item_id_14700,Jinasena_MasterData_Sales.product_pricelist_jam_general_pricelist,2022-04-30 18:30:00,1.0,1_product,Jinasena_MasterData_Stock.product_template_centre_drill_b_s_4,list_price,fixed,490.0,0.0,0.0,0.0,0.0,0.0,0.0
product_pricelist_item_id_14699,Jinasena_MasterData_Sales.product_pricelist_jam_general_pricelist,2022-04-30 18:30:00,1.0,1_product,Jinasena_MasterData_Stock.product_template_centre_drill_b_s_3,list_price,fixed,90.0,0.0,0.0,0.0,0.0,0.0,0.0
product_pricelist_item_id_14698,Jinasena_MasterData_Sales.product_pricelist_jam_general_pricelist,2022-04-30 18:30:00,1.0,1_product,Jinasena_MasterData_Stock.product_template_concreat_drill_bit_7_0mm_ss_mg,list_price,fixed,220.0,0.0,0.0,0.0,0.0,0.0,0.0
product_pricelist_item_id_14697,Jinasena_MasterData_Sales.product_pricelist_jam_general_pricelist,2022-04-30 18:30:00,1.0,1_product,Jinasena_MasterData_Stock.product_template_hand_wire_brush_6,list_price,fixed,170.0,0.0,0.0,0.0,0.0,0.0,0.0
product_pricelist_item_id_14696,Jinasena_MasterData_Sales.product_pricelist_jam_general_pricelist,2022-04-30 18:30:00,1.0,1_product,Jinasena_MasterData_Stock.product_template_paint_brush_2,list_price,fixed,450.0,0.0,0.0,0.0,0.0,0.0,0.0
product_pricelist_item_id_14695,Jinasena_MasterData_Sales.product_pricelist_jam_general_pricelist,2022-04-30 18:30:00,1.0,1_product,Jinasena_MasterData_Stock.product_template_paint_brush_1,list_price,fixed,190.0,0.0,0.0,0.0,0.0,0.0,0.0
product_pricelist_item_id_14694,Jinasena_MasterData_Sales.product_pricelist_jam_general_pricelist,2022-04-30 18:30:00,1.0,1_product,Jinasena_MasterData_Stock.product_template_paint_brush_1_2,list_price,fixed,130.0,0.0,0.0,0.0,0.0,0.0,0.0
product_pricelist_item_id_14693,Jinasena_MasterData_Sales.product_pricelist_jam_general_pricelist,2022-04-30 18:30:00,1.0,1_product,Jinasena_MasterData_Stock.product_template_wing_nut,list_price,fixed,90.0,0.0,0.0,0.0,0.0,0.0,0.0
product_pricelist_item_id_9812,product.list0,2024-12-31 18:30:00,1.0,1_product,Jinasena_MasterData_Stock.product_template_centric_type_pumping_unit_n110t_1n,list_price,fixed,57000.0,0.0,0.0,0.0,0.0,0.0,0.0
product_pricelist_item_id_9811,product.list0,2024-12-31 18:30:00,1.0,1_product,Jinasena_MasterData_Stock.product_template_ball_bearing_6202_2rs_335871,list_price,fixed,650.0,0.0,0.0,0.0,0.0,0.0,0.0
product_pricelist_item_id_16325,Jinasena_MasterData_Sales.product_pricelist_jinasena_projects_pricelist_jld,,0.0,1_product,Jinasena_MasterData_Stock.product_template_jain_j_jets_full_circle,list_price,fixed,21.9,0.0,0.0,0.0,0.0,0.0,0.0
product_pricelist_item_id_16323,Jinasena_MasterData_Sales.product_pricelist_jinasena_projects_pricelist_jld,,0.0,1_product,Jinasena_MasterData_Stock.product_template_ball_bearing_6202_2rs_335871,list_price,fixed,444.93,0.0,0.0,0.0,0.0,0.0,0.0
product_pricelist_item_id_16322,Jinasena_MasterData_Sales.product_pricelist_jinasena_projects_pricelist_jld,,0.0,1_product,Jinasena_MasterData_Stock.product_template_installation_charges,list_price,fixed,2500.0,0.0,0.0,0.0,0.0,0.0,0.0
product_pricelist_item_id_16321,Jinasena_MasterData_Sales.product_pricelist_jinasena_projects_pricelist_jld,,0.0,1_product,Jinasena_MasterData_Stock.product_template_centric_type_pumping_unit_10cj_024s,list_price,fixed,40000.0,0.0,0.0,0.0,0.0,0.0,0.0
product_pricelist_item_id_16320,Jinasena_MasterData_Sales.product_pricelist_jinasena_projects_pricelist_jld,,0.0,1_product,Jinasena_MasterData_Stock.product_template_auto_cable_black_32_0_20_old_14_0_30,list_price,fixed,80.0,0.0,0.0,0.0,0.0,0.0,0.0
